sample_index,sent_monotonic_s,q_cmd_1,q_cmd_2,q_cmd_3,q_cmd_4,q_cmd_5,q_cmd_6,dq_cmd_1,dq_cmd_2,dq_cmd_3,dq_cmd_4,dq_cmd_5,dq_cmd_6,q_meas_1,q_meas_2,q_meas_3,q_meas_4,q_meas_5,q_meas_6,dq_meas_1,dq_meas_2,dq_meas_3,dq_meas_4,dq_meas_5,dq_meas_6,tau_meas_1,tau_meas_2,tau_meas_3,tau_meas_4,tau_meas_5,tau_meas_6,q_error_1,q_error_2,q_error_3,q_error_4,q_error_5,q_error_6,fault_flags
0,332446.503978003,0.315,0.6375,0.4875,-0.225,0.315,0.225,-0.03270000000000217,-0.004099999999995774,-0.022899999999997922,0.023400000000001198,-0.029800000000002047,0.005499999999999949,0.3168153762817383,0.6410694122314453,0.47283935546875,-0.23136520385742188,0.3103303909301758,0.22373580932617188,0.013187408447265625,-0.0043964385986328125,0.03076934814453125,-0.03296661376953125,-0.010990142822265625,-0.010990142822265625,-0.3876911163330078,-0.9046150970458983,7.078973236083983,1.4071210479736327,0.1546903533935547,0.005591461181640625,0.001815376281738279,0.003569412231445357,-0.014660644531249989,-0.0063652038574218694,-0.004669609069824221,-0.0012641906738281306,
1,332446.51382806,0.314673,0.637459,0.487271,-0.224766,0.314702,0.225055,-0.05044999999999911,-0.006299999999997974,-0.03529999999999922,0.03615000000000007,-0.04595000000000016,0.008500000000000174,0.3168153762817383,0.6410694122314453,0.47283935546875,-0.23136520385742188,0.3099489212036133,0.22373580932617188,-0.0043964385986328125,0.013187408447265625,-0.021978378295898438,-0.010990142822265625,-0.03296661376953125,-0.010990142822265625,-0.1866659545898437,-0.6174346923828123,5.8441038513183585,1.3288438262939453,0.10623291015625,0.005591461181640625,0.0021423762817383007,0.0036104122314453146,-0.01443164453125001,-0.006599203857421881,-0.0047530787963867005,-0.00131919067382813,
2,332446.523825195,0.313991,0.637374,0.486794,-0.224277,0.314081,0.22517,-0.10369999999999824,-0.012899999999999023,-0.07255000000000178,0.07434999999999942,-0.09440000000000004,0.01744999999999941,0.3168153762817383,0.6410694122314453,0.4724578857421875,-0.23136520385742188,0.3095674514770508,0.22373580932617188,-0.0043964385986328125,-0.0043964385986328125,-0.021978378295898438,0.010990142822265625,-0.07692337036132812,-0.010990142822265625,-0.646153106689453,-0.7897451782226562,5.269743041992187,1.3400267486572266,0.06895838928222656,0.0018640899658203124,0.002824376281738261,0.0036954122314453164,-0.014336114257812504,-0.007088203857421871,-0.004513548522949218,-0.001434190673828134,
3,332446.53383745,0.312599,0.637201,0.48582,-0.223279,0.312814,0.225404,-0.1924000000000009,-0.02395000000000036,-0.13465000000000005,0.13790000000000052,-0.17520000000000036,0.032349999999999046,0.3164339065551758,0.6410694122314453,0.472076416015625,-0.23098373413085938,0.3076601028442383,0.22373580932617188,-0.05714225769042969,-0.0043964385986328125,-0.048351287841796875,-0.010990142822265625,-0.25274658203125,0.010990142822265625,-0.9620519256591795,-0.7897451782226562,5.499490356445311,1.4183031616210937,0.06523101806640624,0.0018640899658203124,0.0038349065551757655,0.003868412231445295,-0.013743583984374974,-0.00770473413085937,-0.0051538971557617,-0.0016681906738281183,
4,332446.543823119,0.310143,0.636895,0.484101,-0.221519,0.310577,0.225817,-0.3166000000000002,-0.039450000000001983,-0.22159999999999958,0.22685000000000066,-0.28834999999999833,0.05325000000000052,0.3149080276489258,0.6410694122314453,0.4716949462890625,-0.23098373413085938,0.3061342239379883,0.22373580932617188,-0.1978015899658203,-0.013187408447265625,-0.021978378295898438,-0.010990142822265625,-0.25274658203125,-0.010990142822265625,-1.3353838348388671,-0.933333511352539,5.528208770751952,1.5189454193115235,0.046593353271484374,0.01304620361328125,0.004765027648925779,0.004174412231445324,-0.012406053710937504,-0.009464734130859381,-0.004442776062011711,-0.002081190673828115,
5,332446.553837208,0.306267,0.636412,0.481388,-0.218742,0.307047,0.226469,-0.4730000000000012,-0.058950000000002056,-0.3310499999999994,0.3389000000000003,-0.4307499999999992,0.07955000000000045,0.3110933303833008,0.6410694122314453,0.4709320068359375,-0.23022079467773438,0.3030824661254883,0.22411727905273438,-0.3208789825439453,-0.021978378295898438,-0.0659332275390625,0.14285659790039062,-0.47252655029296875,0.010990142822265625,-1.048203430175781,-1.048203430175781,5.2123062133789055,1.6270416107177734,0.020500946044921874,0.0279556884765625,0.00482633038330077,0.004657412231445335,-0.010455993164062483,-0.011478794677734383,-0.003964533874511733,-0.0023517209472656286,
6,332446.5638315,0.300683,0.635716,0.47748,-0.214741,0.301962,0.227408,-0.644900000000001,-0.08035000000000125,-0.45135000000000036,0.4621,-0.5873000000000017,0.10845000000000021,0.3091859817504883,0.6406879425048828,0.4701690673828125,-0.22869491577148438,0.3015565872192383,0.22373580932617188,-0.33846092224121094,-0.013187408447265625,-0.1802196502685547,0.2967033386230469,-0.4285697937011719,-0.010990142822265625,-1.9384630584716793,-1.134358673095703,4.925129547119139,1.6419519042968749,0.0018640899658203124,0.04286598205566406,0.008502981750488303,0.004971942504882865,-0.0073109326171875155,-0.013953915771484388,-0.00040541278076172693,-0.003672190673828124,
7,332446.573823221,0.293369,0.634805,0.472361,-0.2095,0.295301,0.228638,-0.8157499999999985,-0.1016499999999976,-0.5709000000000021,0.584549999999999,-0.7428999999999992,0.13714999999999977,0.3038454055786133,0.6406879425048828,0.4678792953491211,-0.22297286987304688,0.2901124954223633,0.22449874877929688,-0.5318679809570312,-0.03076934814453125,-0.27692222595214844,0.6923065185546875,-1.3956031799316406,0.14285659790039062,-2.3979502105712887,-1.2779470062255858,5.126150970458983,1.5636746826171875,0.16587246704101563,0.05777546691894531,0.01047640557861329,0.00588294250488286,-0.004481704650878882,-0.013472869873046883,-0.005188504577636699,-0.004139251220703133,
8,332446.583828186,0.284368,0.633683,0.466062,-0.20305,0.287104,0.230151,-0.9822499999999984,-0.12234999999999885,-0.6873999999999991,0.703899999999999,-0.8944999999999981,0.16515000000000002,0.2965974807739258,0.6399250030517578,0.4644460678100586,-0.21496105194091797,0.2821016311645508,0.22564315795898438,-0.7252750396728516,-0.09230804443359375,-0.34725189208984375,1.1758232116699219,-1.1978034973144531,0.09889984130859375,-2.2256397247314452,-1.0194887542724609,4.40820556640625,1.4593058624267579,0.25533180236816405,0.05777546691894531,0.012229480773925772,0.006242003051757816,-0.0016159321899413825,-0.01191105194091796,-0.005002368835449245,-0.0045078420410156195,
9,332446.593827476,0.273724,0.632358,0.458613,-0.195422,0.277411,0.231941,-1.1443499999999995,-0.14250000000000096,-0.8008500000000002,0.82005,-1.04215,0.19245000000000095,0.2885866165161133,0.6387805938720703,0.4602499008178711,-0.20695018768310547,0.2737083435058594,0.22755050659179688,-0.8395595550537109,-0.11868095397949219,-0.4879112243652344,1.1978034973144531,-1.2857131958007812,0.23077011108398438,-2.426664886474609,-1.1630770874023435,4.293331909179687,1.3661183471679688,0.22923939514160155,0.054048095703125,0.014862616516113258,0.006422593872070337,0.0016369008178711009,-0.011528187683105456,-0.0037026564941406437,-0.004390493408203133,
10,332446.603819601,0.261481,0.630833,0.450045,-0.186649,0.266261,0.234,-1.3006000000000018,-0.1619499999999996,-0.9101499999999985,0.9320000000000008,-1.184500000000002,0.2187499999999995,0.2775230407714844,0.6372547149658203,0.4545278549194336,-0.19550609588623047,0.2630271911621094,0.22831344604492188,-1.164834976196289,-0.1362628936767578,-0.7780227661132812,1.5714302062988281,-1.5714302062988281,0.14285659790039062,-3.2020508575439446,-1.1056402587890624,4.379487152099609,1.2468392333984375,0.20687435913085936,0.06523101806640624,0.016042040771484356,0.006421714965820335,0.004482854919433621,-0.00885709588623046,-0.0032338088378906504,-0.0056865539550781385,
11,332446.613820179,0.247712,0.629119,0.44041,-0.176782,0.253721,0.236316,-1.4437000000000004,-0.17975000000000074,-1.0102999999999973,1.0346000000000009,-1.3148000000000006,0.24279999999999996,0.2649345397949219,0.6357288360595703,0.4480428695678711,-0.18368053436279297,0.2512016296386719,0.22983932495117188,-1.6043949127197266,-0.17142868041992188,-0.7956047058105469,1.7252731323242188,-1.6593399047851562,0.20878982543945312,-2.168206634521484,-1.2205139160156249,3.891281585693359,1.1722901916503905,0.23296676635742186,0.0801405029296875,0.017222539794921887,0.006609836059570329,0.00763286956787107,-0.006898534362792974,-0.0025193703613280993,-0.006476675048828123,
12,332446.623857393,0.232607,0.627238,0.429839,-0.165957,0.239965,0.238856,-1.5662999999999996,-0.19504999999999661,-1.0961500000000013,1.1224499999999997,-1.4263999999999986,0.26339999999999975,0.2504386901855469,0.6338214874267578,0.4404134750366211,-0.17109203338623047,0.23937606811523438,0.23136520385742188,-1.75384521484375,-0.1978015899658203,-0.7780227661132812,1.7912101745605469,-1.8351631164550781,0.20878982543945312,-2.6564084625244138,-1.3641022491455077,3.891281585693359,1.1051958923339844,0.19569224548339842,0.09132342529296875,0.017831690185546867,0.00658348742675785,0.010574475036621067,-0.005135033386230475,-0.0005889318847656366,-0.007490796142578138,
13,332446.633855958,0.216386,0.625218,0.418487,-0.154333,0.225193,0.241584,-1.6669000000000003,-0.2076499999999981,-1.166600000000001,1.1944999999999997,-1.51805,0.28035000000000004,0.23785018920898438,0.6315326690673828,0.4331655502319336,-0.16155529022216797,0.22907638549804688,0.23289108276367188,-1.8505496978759766,-0.2945060729980469,-0.9098892211914062,1.7252731323242188,-1.879119873046875,0.2967033386230469,-2.0533329772949216,-0.6748715209960936,3.3169245147705073,1.0977403411865234,0.19569224548339842,0.09877816772460937,0.02146418920898438,0.006314669067382761,0.014678550231933596,-0.007222290222167971,0.0038833854980468707,-0.008692917236328118,
14,332446.643854911,0.19926899999999997,0.623085,0.406507,-0.14206699999999997,0.20960399999999998,0.244463,-1.74555,-0.21760000000000113,-1.2218000000000009,1.2508000000000006,-1.589700000000001,0.2935000000000007,0.22068405151367188,0.6284809112548828,0.4236288070678711,-0.14858436584472656,0.21610546112060547,0.23517990112304688,-1.5164833068847656,-0.28571510314941406,-1.208791732788086,1.9011001586914062,-1.8571434020996094,0.3186798095703125,-2.2256397247314452,-0.8184598541259764,3.5466680908203116,1.0753761138916016,0.13978005981445313,0.09505079650878906,0.0214150515136719,0.0053959112548828125,0.017121807067871087,-0.006517365844726591,0.006501461120605484,-0.009283098876953139,
15,332446.653857914,0.181475,0.620866,0.394051,-0.129317,0.193399,0.247454,-1.8018500000000006,-0.22479999999999722,-1.2614000000000014,1.2911,-1.6409500000000008,0.30285000000000034,0.20199108123779297,0.6254291534423828,0.4133291244506836,-0.13523292541503906,0.20237255096435547,0.23670578002929688,-1.8241748809814453,-0.34725189208984375,-0.9010982513427734,1.9450531005859375,-1.9890098571777344,0.20878982543945312,-1.909744644165039,0.01435920715332031,2.9723072814941403,1.0194639282226563,0.10996028137207031,0.11368765258789063,0.02051608123779297,0.0045631534423827835,0.01927812445068361,-0.005915925415039075,0.008973550964355481,-0.010748219970703132,
16,332446.663854263,0.163232,0.618589,0.381279,-0.116245,0.176785,0.25052,-1.8338499999999993,-0.22885000000000266,-1.283899999999999,1.3140499999999993,-1.6700999999999993,0.3082499999999988,0.18253612518310547,0.6223773956298828,0.4011211395263672,-0.12226295471191406,0.18940258026123047,0.24013900756835938,-1.6747245788574219,-0.3032970428466797,-1.164834976196289,1.8571434020996094,-1.9230766296386719,0.3626365661621094,-2.4553833007812496,-0.7610267639160155,3.7189748382568357,1.0231912994384766,0.04286598205566406,0.10623291015625,0.01930412518310548,0.003788395629882757,0.01984213952636721,-0.006017954711914061,0.012617580261230471,-0.010380992431640645,
17,332446.673820042,0.144798,0.616289,0.368373,-0.103036,0.159997,0.253619,-1.8396999999999997,-0.2295000000000047,-1.2879,1.31825,-1.6754500000000005,0.3092499999999998,0.16155529022216797,0.6185626983642578,0.3889141082763672,-0.11005592346191406,0.17566967010498047,0.24319076538085938,-2.3780221939086914,-0.33846092224121094,-1.1032962799072266,1.7692298889160156,-2.0109901428222656,0.4945068359375,-0.646153106689453,-0.8471782684326171,3.4605128479003904,1.082830856323242,0.01304620361328125,0.08386787414550781,0.01675729022216796,0.0022736983642578368,0.02054110827636718,-0.00701992346191406,0.01567267010498047,-0.010428234619140608,
18,332446.683864735,0.126438,0.613999,0.355521,-0.08988,0.143276,0.256705,-1.8190500000000005,-0.22659999999999902,-1.2730500000000005,1.3034999999999999,-1.6566499999999997,0.30585000000000195,0.14171791076660156,0.6155109405517578,0.3763256072998047,-0.09784889221191406,0.16308116912841797,0.24662399291992188,-1.9912090301513672,-0.28571510314941406,-1.0945053100585938,1.74725341796875,-1.8571434020996094,0.4945068359375,-0.1866659545898437,-0.1292291259765625,4.092310485839843,1.1051958923339844,-0.07641313171386718,0.06150364685058594,0.015279910766601568,0.001511940551757851,0.02080460729980471,-0.007968892211914061,0.019805169128417982,-0.010081007080078142,
19,332446.693820899,0.108417,0.611757,0.342912,-0.076966,0.126864,0.259736,-1.7717999999999998,-0.22014999999999674,-1.2393999999999987,1.2698,-1.613599999999999,0.2981499999999998,0.12150001525878906,0.6120777130126953,0.3625926971435547,-0.08831119537353516,0.15125465393066406,0.2504386901855469,-1.7802200317382812,-0.2681312561035156,-1.0593414306640625,1.7252731323242188,-2.164836883544922,0.5824165344238281,-0.07179603576660155,-0.1866659545898437,4.207176666259765,1.1275601196289062,-0.10250553894042969,0.035411239624023434,0.013083015258789063,0.00032071301269531727,0.019680697143554693,-0.01134519537353515,0.024390653930664058,-0.009297309814453147,
20,332446.703818617,0.091002,0.609596,0.330733,-0.064484,0.111004,0.262668,-1.6986,-0.21039999999999948,-1.1874999999999996,1.2175000000000002,-1.5469000000000004,0.28610000000000024,0.10585975646972656,0.6097888946533203,0.3519115447998047,-0.07801151275634766,0.13828468322753906,0.2534904479980469,-2.131868362426758,-0.25054931640625,-1.1912078857421875,1.5274734497070312,-1.8571434020996094,0.5824165344238281,-0.445127944946289,-0.1866659545898437,4.034873657226562,1.1909278564453125,-0.13978005981445313,0.01304620361328125,0.014857756469726563,0.00019289465332028577,0.02117854479980469,-0.013527512756347657,0.027280683227539057,-0.009177552001953138,
21,332446.713819694,0.074445,0.607549,0.319162,-0.052616,0.095926,0.265458,-1.60245,-0.19804999999999962,-1.1197999999999986,1.14865,-1.4593500000000001,0.27004999999999946,0.08716678619384766,0.6067371368408203,0.3381776809692383,-0.06771183013916016,0.12302589416503906,0.2573051452636719,-2.0351648330688477,-0.28571510314941406,-1.0769233703613281,1.4175834655761719,-2.208789825439453,0.5164833068847656,0.445127944946289,0.1579475402832031,4.810255889892577,1.2654768981933593,-0.10250553894042969,-0.0018640899658203124,0.012721786193847659,-0.0008118631591796932,0.01901568096923828,-0.015095830139160153,0.027099894165039065,-0.008152854736328152,
22,332446.72386019,0.058953,0.605635,0.308337,-0.041511,0.081817,0.268069,-1.4863499999999998,-0.1839499999999994,-1.0389499999999996,1.0653500000000002,-1.3536,0.25039999999999785,0.06847476959228516,0.6044483184814453,0.3248262405395508,-0.059319496154785156,0.11196327209472656,0.2618827819824219,-1.8681316375732422,-0.1802196502685547,-1.2615375518798828,1.1758232116699219,-1.6153831481933594,0.626373291015625,0.21538436889648435,-0.6174346923828123,4.925129547119139,1.358663604736328,-0.158417724609375,-0.03168386840820312,0.009521769592285158,-0.001186681518554722,0.016489240539550754,-0.017808496154785157,0.03014627209472656,-0.006186218017578127,
23,332446.733859058,0.044718,0.60387,0.298383,-0.031309,0.068854,0.270466,-1.3509,-0.16825000000000312,-0.9454000000000018,0.96805,-1.23025,0.22719999999999962,0.051308631896972656,0.6029224395751953,0.3118562698364258,-0.052071571350097656,0.10090065002441406,0.2641716003417969,-1.5340652465820312,-0.127471923828125,-1.2351646423339844,1.0659332275390625,-1.6813201904296875,0.3186798095703125,0.3876911163330078,-0.4738463592529296,5.327179870605469,1.474215347290039,-0.28887895202636715,-0.03913861083984375,0.0065906318969726554,-0.0009475604248047054,0.013473269836425772,-0.02076257135009766,0.032046650024414064,-0.006294399658203109,
24,332446.743857398,0.031935,0.60227,0.289429,-0.02215,0.057212,0.272613,-1.19605,-0.15100000000000113,-0.8391499999999996,0.8566499999999998,-1.0892499999999998,0.20040000000000058,0.036049842834472656,0.6017780303955078,0.2992677688598633,-0.045968055725097656,0.09060001373291016,0.2676048278808594,-1.1472530364990234,-0.11868095397949219,-1.1824169158935547,0.8461532592773438,-1.4835166931152344,0.47252655029296875,1.4215390777587888,-0.6174346923828123,4.867692718505859,1.559947311401367,-0.2963336944580078,-0.035411239624023434,0.004114842834472658,-0.0004919696044921595,0.00983876885986329,-0.023818055725097657,0.03338801373291016,-0.005008172119140619,
25,332446.753821907,0.020797,0.60085,0.2816,-0.014176,0.047069,0.274474,-1.0246499999999998,-0.13219999999999898,-0.7218499999999989,0.73325,-0.9330999999999999,0.17064999999999997,0.02307891845703125,0.6006336212158203,0.2878236770629883,-0.041771888732910156,0.08068180084228516,0.2702751159667969,-1.1208782196044922,-0.09230804443359375,-0.9714279174804688,0.6483497619628906,-1.4615402221679688,0.3846168518066406,1.4502574920654296,-0.5025647735595702,6.763078155517578,1.6978640899658202,-0.2963336944580078,-0.046593353271484374,0.0022819184570312505,-0.0002163787841796827,0.006223677062988264,-0.027595888732910155,0.033612800842285157,-0.004198884033203121,
26,332446.763819723,0.011442,0.599626,0.274992,-0.007485,0.03855,0.276026,-0.8505,-0.11189999999999811,-0.6014000000000019,0.60815,-0.7744999999999999,0.1408500000000007,0.01163482666015625,0.6002521514892578,0.2767601013183594,-0.037575721740722656,0.07228946685791016,0.2733268737792969,-0.8219776153564453,-0.013187408447265625,-0.9890117645263672,0.6043968200683594,-1.2417564392089844,0.40659332275390625,1.3353838348388671,-1.0194887542724609,6.533330841064452,1.8059602813720703,-0.31869873046874997,-0.06523101806640624,0.00019282666015624922,0.0006261514892578202,0.0017681013183593608,-0.030090721740722658,0.033739466857910155,-0.0026991262207031186,
27,332446.77381837,0.003787,0.598612,0.269572,-0.002013,0.031579,0.277291,-0.6874,-0.09024999999999728,-0.4859000000000002,0.49160000000000004,-0.62605,0.11395000000000155,0.00247955322265625,0.6006336212158203,0.2668418884277344,-0.034905433654785156,0.06504154205322266,0.2752342224121094,-0.8571434020996094,0.0043964385986328125,-0.8483524322509766,0.3626365661621094,-1.0659332275390625,0.3186798095703125,1.8810262298583982,-0.9620519256591795,7.481023559570311,1.8618724670410156,-0.3373363952636719,-0.06895838928222656,-0.00130744677734375,0.0020216212158202795,-0.0027301115722656033,-0.032892433654785155,0.03346254205322265,-0.0020567775878906347,
28,332446.783819408,-0.002306000000000019,0.597821,0.265274,0.002347000000000014,0.026028999999999983,0.278305,-0.5381999999999993,-0.06714999999999906,-0.376799999999999,0.3856499999999996,-0.49019999999999975,0.09049999999999882,-0.00286102294921875,0.6006336212158203,0.2599754333496094,-0.034523963928222656,0.059319496154785156,0.2763786315917969,-0.47032928466796875,0.021978378295898438,-0.8483524322509766,0.09889984130859375,-1.0439567565917969,0.1868133544921875,0.8758966827392577,-0.646153106689453,7.854355468749999,1.9886063232421873,-0.3261534729003906,-0.06150364685058594,-0.000555022949218731,0.0028126212158202657,-0.005298566650390635,-0.03687096392822267,0.033290496154785174,-0.0019263684082031496,
29,332446.793818841,-0.006976999999999985,0.597269,0.262036,0.00569999999999999,0.021775000000000013,0.279101,-0.40295000000000036,-0.04264999999999973,-0.2741500000000011,0.2903500000000003,-0.36695000000000044,0.07044999999999974,-0.00896453857421875,0.6013965606689453,0.2523460388183594,-0.033761024475097656,0.053215980529785156,0.2771415710449219,-0.5318679809570312,0.08351707458496094,-0.6549453735351562,0.09889984130859375,-0.8901100158691406,0.120880126953125,1.1630770874023435,-1.134358673095703,7.682052459716796,2.1153409881591796,-0.30006187438964843,-0.03913861083984375,-0.001987538574218765,0.004127560668945263,-0.009689961181640616,-0.039461024475097646,0.03144098052978514,-0.001959428955078113,
30,332446.803822403,-0.010365,0.596968,0.259791,0.008154,0.01869,0.279714,-0.28150000000000003,-0.01815000000000011,-0.179399999999999,0.20540000000000003,-0.25634999999999997,0.05340000000000067,-0.01316070556640625,0.6021595001220703,0.24586105346679688,-0.034142494201660156,0.046730995178222656,0.2771415710449219,-0.28571510314941406,0.10988998413085938,-0.5934066772460938,-0.0549468994140625,-1.0,0.03296661376953125,1.134358673095703,-0.7610267639160155,8.285131683349608,2.2010721435546876,-0.2441496887207031,-0.01677357482910156,-0.002795705566406251,0.005191500122070258,-0.01392994653320312,-0.04229649420166016,0.028040995178222658,-0.002572428955078143,
31,332446.813820957,-0.012607,0.596906,0.258448,0.009808,0.016648,0.280169,-0.17365000000000003,-0.00035000000000451337,-0.09939999999999949,0.12905,-0.15814999999999996,0.03684999999999938,-0.01544952392578125,0.6036853790283203,0.24090194702148438,-0.034523963928222656,0.042916297912597656,0.2786674499511719,-0.1362628936767578,0.11868095397949219,-0.4351654052734375,-0.09889984130859375,-0.7362632751464844,0.20878982543945312,0.933333511352539,-1.4502574920654296,8.572308349609374,2.268167251586914,-0.20687435913085936,-0.024228317260742187,-0.00284252392578125,0.006779379028320265,-0.017546052978515636,-0.044331963928222654,0.026268297912597657,-0.0015015500488281264,
32,332446.823820233,-0.013838,0.596961,0.257803,0.010735,0.015527,0.280451,-0.07924999999999997,0.004049999999999887,-0.04099999999999937,0.05979999999999996,-0.07219999999999996,0.018299999999998873,-0.01583099365234375,0.6048297882080078,0.23670578002929688,-0.034905433654785156,0.038338661193847656,0.2798118591308594,0.021978378295898438,0.10988998413085938,-0.5494499206542969,-0.0549468994140625,-0.626373291015625,0.14285659790039062,0.1866659545898437,-1.6225642395019528,8.543589935302734,2.2942596588134765,-0.16959983825683594,-0.046593353271484374,-0.0019929936523437504,0.007868788208007849,-0.02109721997070313,-0.04564043365478516,0.022811661193847657,-0.0006391408691406308,
33,332446.833818114,-0.014192,0.596987,0.257628,0.011004,0.015204,0.280535,0.0017999999999999787,-0.006299999999997974,-0.005550000000001387,-0.0026499999999999614,0.0016000000000000389,-0.0026500000000012625,-0.01544952392578125,0.6055927276611328,0.23327255249023438,-0.035286903381347656,0.033761024475097656,0.2801933288574219,0.03076934814453125,0.05714225769042969,-0.2681312561035156,-0.07692337036132812,-0.5604400634765625,0.010990142822265625,0.3589727020263671,-2.082051391601562,8.486153106689452,2.2868041076660157,-0.10250553894042969,-0.046593353271484374,-0.0012575239257812502,0.008605727661132767,-0.02435544750976565,-0.046290903381347656,0.018557024475097654,-0.0003416711425781038,
34,332446.843818502,-0.013802,0.596835,0.257692,0.010682,0.015559,0.280398,0.06940000000000002,-0.031449999999999534,0.006799999999998474,-0.05840000000000003,0.06325000000000003,-0.025999999999998247,-0.01468658447265625,0.6059741973876953,0.23136520385742188,-0.035668373107910156,0.03070831298828125,0.2794303894042969,0.07472610473632812,0.0043964385986328125,-0.16263771057128906,-0.07692337036132812,-0.5164833068847656,-0.09889984130859375,0.7897451782226562,-1.909744644165039,8.428716278076172,2.279349365234375,-0.05032072448730469,-0.0279556884765625,-0.00088458447265625,0.009139197387695308,-0.0263267961425781,-0.04635037310791015,0.01514931298828125,-0.0009676105957031056,
35,332446.853823313,-0.012804,0.596358,0.257764,0.009836,0.016469,0.280015,0.12705,-0.07145000000000068,-0.0019999999999992246,-0.11000000000000003,0.11584999999999998,-0.05264999999999853,-0.01392364501953125,0.6059741973876953,0.23060226440429688,-0.035668373107910156,0.02651214599609375,0.2798118591308594,0.08351707458496094,-0.0043964385986328125,-0.048351287841796875,-0.03296661376953125,-0.5824165344238281,0.010990142822265625,0.33025802612304683,-2.771282119750976,8.37127944946289,2.249529586791992,0.020500946044921874,-0.0279556884765625,-0.0011196450195312506,0.009616197387695258,-0.027161735595703118,-0.045504373107910154,0.010043145996093749,-0.0002031408691406389,
36,332446.863853481,-0.011261,0.595406,0.257652,0.008482,0.017876,0.279345,0.1922,-0.1271000000000022,-0.022800000000000598,-0.17044999999999993,0.1752,-0.0864500000000018,-0.01316070556640625,0.6059741973876953,0.23022079467773438,-0.036049842834472656,0.02460479736328125,0.2798118591308594,0.05714225769042969,-0.03956031799316406,-0.03076934814453125,-0.07692337036132812,-0.3846168518066406,-0.010990142822265625,1.048203430175781,-2.4553833007812496,8.170258026123046,2.2010721435546876,0.10623291015625,-0.04286598205566406,-0.0018997055664062498,0.010568197387695322,-0.027431205322265617,-0.04453184283447266,0.0067287973632812505,0.00046685913085936503,
37,332446.873835085,-0.00896,0.593816,0.257308,0.006427,0.019973,0.278286,0.2821,-0.19905000000000062,-0.04645000000000066,-0.25284999999999996,0.25710000000000005,-0.13130000000000086,-0.01163482666015625,0.6055927276611328,0.23060226440429688,-0.035668373107910156,0.02460479736328125,0.2790489196777344,0.2593402862548828,-0.05714225769042969,0.013187408447265625,0.07692337036132812,-0.03296661376953125,-0.09889984130859375,0.7035899353027343,-2.254358139038086,7.997947540283202,2.089248580932617,0.10623291015625,-0.06150364685058594,-0.002674826660156251,0.011776727661132802,-0.026705735595703106,-0.04209537310791016,0.004631797363281249,0.0007629196777343972,
38,332446.883868528,-0.005619,0.591425,0.256723,0.003425,0.023018,0.276719,0.40025,-0.2873500000000029,-0.07109999999999894,-0.35985,0.3648,-0.18814999999999804,-0.00820159912109375,0.6044483184814453,0.23098373413085938,-0.035286903381347656,0.02536773681640625,0.2790489196777344,0.4351654052734375,-0.14505577087402344,0.03076934814453125,0.07692337036132812,0.120880126953125,-0.010990142822265625,0.8184598541259764,-2.2256397247314452,7.452305145263671,1.9438770599365234,0.12487057495117188,-0.09132342529296875,-0.00258259912109375,0.013023318481445334,-0.025739265869140604,-0.038711903381347654,0.0023497368164062497,0.0023299196777343822,
39,332446.89382498,-0.000955,0.588069,0.255886,-0.00077,0.027269,0.274523,0.5466,-0.39214999999999667,-0.09674999999999823,-0.49145000000000005,0.4982499999999999,-0.25685000000000013,-0.00362396240234375,0.6017780303955078,0.23136520385742188,-0.034142494201660156,0.02765655517578125,0.2782859802246094,0.3560447692871094,-0.3824176788330078,0.0659332275390625,0.120880126953125,0.34066009521484375,-0.09889984130859375,1.048203430175781,-2.48410171508789,7.768207702636717,1.7575036468505858,0.158417724609375,-0.1285979461669922,-0.00266896240234375,0.01370903039550786,-0.024520796142578127,-0.033372494201660156,0.00038755517578124843,0.003762980224609358,
40,332446.903818209,0.005313,0.583582,0.254788,-0.006404,0.032983,0.271582,0.7176999999999999,-0.5112999999999979,-0.12320000000000109,-0.64455,0.6541999999999999,-0.3359000000000001,0.00057220458984375,0.5975818634033203,0.23212814331054688,-0.034523963928222656,0.032235145568847656,0.2763786315917969,0.6461544036865234,-0.4351654052734375,0.08351707458496094,-0.03296661376953125,0.6043968200683594,-0.3626365661621094,1.9958961486816404,-2.3979502105712887,6.791796569824218,1.5972218322753906,0.14350743103027344,-0.13605268859863281,-0.00474079541015625,0.013999863403320267,-0.02265985668945314,-0.028119963928222656,-0.0007478544311523422,0.004796631591796885,
41,332446.913818237,0.013399,0.577843,0.253422,-0.013661,0.040353,0.267805,0.89615,-0.6342500000000029,-0.14959999999999973,-0.8038500000000001,0.8168500000000002,-0.41795000000000027,0.00667572021484375,0.5922403335571289,0.23327255249023438,-0.036431312561035156,0.038720130920410156,0.2740898132324219,0.5846157073974609,-0.6197795867919922,0.07472610473632812,-0.25274658203125,1.131866455078125,-0.3626365661621094,1.823589401245117,-2.3979502105712887,6.274872589111328,1.5040351257324218,0.06895838928222656,-0.1323253173828125,-0.0067232797851562495,0.01439733355712891,-0.020149447509765606,-0.022770312561035157,-0.0016328690795898437,0.00628481323242186,
42,332446.923817949,0.023236,0.570897,0.251796,-0.022481,0.04932,0.263223,1.0644,-0.7506499999999972,-0.17484999999999862,-0.9541500000000002,0.97025,-0.49545000000000006,0.01430511474609375,0.5857553482055664,0.23365402221679688,-0.038338661193847656,0.050545692443847656,0.2706565856933594,0.7868137359619141,-0.6373634338378906,0.048351287841796875,-0.3186798095703125,1.2857131958007812,-0.5384597778320312,2.369231796264648,-2.254358139038086,6.763078155517578,1.3512088623046874,-0.08386787414550781,-0.14723480224609375,-0.00893088525390625,0.014858348205566418,-0.018141977783203145,-0.015857661193847655,0.0012256924438476535,0.00743358569335939,
43,332446.933818998,0.034687,0.56283,0.249925,-0.032744,0.059758,0.257896,1.2189999999999999,-0.8583000000000007,-0.19885000000000042,-1.0924,1.1111499999999996,-0.566899999999998,0.02155303955078125,0.5796518325805664,0.23403549194335938,-0.041771888732910156,0.057412147521972656,0.2683677673339844,0.6813182830810547,-0.9010982513427734,0.021978378295898438,-0.626373291015625,1.3516502380371094,-0.4285697937011719,2.254358139038086,-2.3979502105712887,6.504612426757811,1.2542947845458985,-0.0801405029296875,-0.17705458068847657,-0.013133960449218753,0.016821832580566354,-0.015889508056640633,-0.009027888732910154,-0.0023458524780273424,0.010471767333984361,
44,332446.943817952,0.047616,0.553731,0.247819,-0.044329,0.071543,0.251885,1.3599999999999997,-0.9572000000000025,-0.22160000000000096,-1.21865,1.2397000000000002,-0.632350000000001,0.032616615295410156,0.5708780288696289,0.23441696166992188,-0.047493934631347656,0.06885623931884766,0.2645530700683594,1.3142852783203125,-0.874725341796875,-0.013187408447265625,-0.8021965026855469,1.5934066772460938,-0.6043968200683594,2.3979502105712887,-2.1107698059082027,6.246154174804686,1.2244750061035157,-0.09132342529296875,-0.1919648742675781,-0.014999384704589842,0.017147028869628933,-0.013402038330078136,-0.003164934631347656,-0.0026867606811523392,0.01266807006835935,
45,332446.953818693,0.061887,0.543686,0.245493,-0.057117,0.084552,0.245249,1.4865,-1.0467499999999963,-0.2427499999999999,-1.3320500000000002,1.355,-0.6913500000000017,0.044823646545410156,0.5601968765258789,0.23441696166992188,-0.054360389709472656,0.07686710357666016,0.2588310241699219,1.2615375518798828,-1.0945053100585938,-0.0043964385986328125,-1.0219764709472656,1.5054931640625,-0.8021965026855469,2.2256397247314452,-1.7948709869384762,6.131280517578125,1.1350156707763672,-0.05777546691894531,-0.17332720947265626,-0.01706335345458984,0.016510876525878904,-0.011076038330078114,0.002756610290527345,-0.007684896423339846,0.01358202416992188,
46,332446.963817246,0.077346,0.532796,0.242964,-0.07097,0.098643,0.238058,1.5941000000000003,-1.1233500000000007,-0.261249999999999,-1.4285999999999999,1.4531000000000003,-0.7416999999999992,0.058938026428222656,0.5487527847290039,0.23441696166992188,-0.06351566314697266,0.09212589263916016,0.2531089782714844,1.3494510650634766,-1.1208782196044922,0.021978378295898438,-1.3516502380371094,1.879119873046875,-0.8901100158691406,1.9958961486816404,-1.5938458251953123,5.757948608398437,1.1051958923339844,-0.046593353271484374,-0.16587246704101563,-0.018407973571777342,0.01595678472900386,-0.008547038330078138,0.007454336853027349,-0.006517107360839838,0.015050978271484383,
47,332446.973818427,0.093769,0.521219,0.240268,-0.085689,0.113614,0.230415,1.6785,-1.183500000000004,-0.275750000000001,-1.5044499999999994,1.53,-0.78125,0.07419681549072266,0.5361642837524414,0.23441696166992188,-0.07457828521728516,0.10509681701660156,0.24662399291992188,1.4549446105957031,-1.1472530364990234,0.0043964385986328125,-1.5934066772460938,1.879119873046875,-0.9560432434082031,2.196921310424804,-1.2205139160156249,5.470771942138671,1.1089232635498047,-0.06150364685058594,-0.16587246704101563,-0.01957218450927735,0.014945283752441418,-0.005851038330078134,0.011110714782714845,-0.008517182983398444,0.016208992919921866,
48,332446.983816981,0.110916,0.509126,0.237449,-0.101059,0.129243,0.222433,1.7387499999999994,-1.2265499999999985,-0.2860500000000002,-1.5586999999999995,1.5848999999999995,-0.8094500000000004,0.09174442291259766,0.522430419921875,0.23403549194335938,-0.08716678619384766,0.11921119689941406,0.23975753784179688,1.9560432434082031,-1.287912368774414,-0.021978378295898438,-1.879119873046875,2.0549468994140625,-1.0219764709472656,1.823589401245117,-1.4215390777587888,5.298461456298828,1.1424704132080077,-0.05777546691894531,-0.158417724609375,-0.019171577087402344,0.013304419921875033,-0.0034135080566406184,0.01389221380615234,-0.010031803100585934,0.017324537841796883,
49,332446.993817549,0.128544,0.496688,0.234547,-0.116863,0.145312,0.214226,1.7748999999999993,-1.2524499999999994,-0.29214999999999935,-1.5914000000000004,1.6179,-0.8263499999999993,0.11005592346191406,0.508697509765625,0.23403549194335938,-0.10051918029785156,0.13179969787597656,0.23136520385742188,1.5252742767333984,-1.2263736724853516,-0.05714225769042969,-1.9230766296386719,1.7912101745605469,-1.2637367248535156,1.1056402587890624,-0.7897451782226562,5.040003204345703,1.1722901916503905,-0.020500946044921874,-0.12114320373535156,-0.01848807653808593,0.012009509765624982,-0.0005115080566406305,0.016343819702148432,-0.013512302124023434,0.017139203857421875,
50,332447.003817019,0.146414,0.484077,0.231606,-0.132887,0.161601,0.205906,1.787000000000001,-1.2611499999999998,-0.2939999999999998,-1.6025499999999997,1.6288499999999997,-0.8319999999999994,0.12912940979003906,0.49420166015625,0.23327255249023438,-0.11425209045410156,0.14171791076660156,0.22411727905273438,1.7362632751464844,-1.5604400634765625,-0.0659332275390625,-2.0988998413085938,1.8351631164550781,-1.0879135131835938,0.7610267639160155,-0.3015396118164062,4.810255889892577,1.1834723052978515,0.0801405029296875,-0.12487057495117188,-0.017284590209960926,0.01012466015625002,0.0016665524902343687,0.018634909545898443,-0.019883089233398432,0.01821127905273437,
51,332447.013817729,0.164284,0.471465,0.228667,-0.148914,0.177889,0.197586,1.77495,-1.2526499999999996,-0.29185000000000044,-1.5918500000000002,1.6178499999999998,-0.8264000000000007,0.14438819885253906,0.4823760986328125,0.23289108276367188,-0.12607765197753906,0.15468788146972656,0.21763134002685547,2.114286422729492,-1.586812973022461,-0.05714225769042969,-2.076923370361328,1.8571434020996094,-1.1758232116699219,0.7035899353027343,-0.1579475402832031,4.40820556640625,1.1871996765136719,0.17332720947265626,-0.12487057495117188,-0.01989580114746095,0.010911098632812477,0.004224082763671866,0.02283634802246093,-0.02320111853027343,0.020045340026855457,
52,332447.023816449,0.181913,0.459024,0.225769,-0.164724,0.193958,0.189378,1.7387999999999986,-1.2268000000000001,-0.2857499999999999,-1.5592000000000008,1.5849500000000003,-0.8095000000000004,0.16384410858154297,0.4678792953491211,0.23174667358398438,-0.14095497131347656,0.16727733612060547,0.21000194549560547,2.2373619079589844,-1.3670330047607422,-0.11868095397949219,-2.164836883544922,1.8571434020996094,-1.0659332275390625,0.9046150970458983,0.2728211975097656,4.580516052246093,1.2058373413085937,0.25533180236816405,-0.13605268859863281,-0.018068891418457023,0.008855295349121106,0.0059776735839843775,0.023769028686523447,-0.026680663879394523,0.020623945495605478,
53,332447.03381719,0.19906,0.446929,0.222952,-0.180098,0.209588,0.181396,1.6785000000000008,-1.1835499999999999,-0.2756499999999995,-1.504599999999999,1.5300000000000007,-0.78125,0.18368053436279297,0.4545278549194336,0.23022079467773438,-0.15392494201660156,0.18101024627685547,0.20199108123779297,1.7362632751464844,-1.3406600952148438,-0.1890106201171875,-1.9450531005859375,1.9890098571777344,-1.2197799682617188,0.7035899353027343,0.10051445007324217,4.523079223632812,1.157379898071289,0.25160443115234377,-0.12114320373535156,-0.015379465637207018,0.007598854919433573,0.007268794677734364,0.026173057983398446,-0.028577753723144528,0.020595081237792967,
54,332447.043816941,0.215483,0.435353,0.220256,-0.194816,0.224558,0.173753,1.594100000000001,-1.1230000000000018,-0.26165000000000077,-1.4280000000000002,1.4531500000000002,-0.7417000000000007,0.20237255096435547,0.4419393539428711,0.22831344604492188,-0.16804027557373047,0.19169139862060547,0.19359874725341797,2.2813186645507812,-1.3494510650634766,-0.20659255981445312,-2.0988998413085938,1.9670333862304688,-1.2417564392089844,-0.2728211975097656,0.445127944946289,4.810255889892577,1.157379898071289,0.2404223175048828,-0.07641313171386718,-0.013110449035644539,0.006586353942871104,0.008057446044921868,0.02677572442626952,-0.03286660137939454,0.019845747253417978,
55,332447.053816812,0.23094200000000012,0.42446899999999993,0.21771899999999997,-0.2086580000000001,0.23865100000000009,0.16656199999999993,1.4864999999999982,-1.0458499999999977,-0.24390000000000095,-1.3303500000000004,1.3551500000000003,-0.6913499999999986,0.22106552124023438,0.4297323226928711,0.22640609741210938,-0.17948436737060547,0.20389842987060547,0.18482494354248047,1.4021968841552734,-1.2615375518798828,-0.21538543701171875,-1.6813201904296875,1.6813201904296875,-1.2637367248535156,-0.933333511352539,0.646153106689453,4.580516052246093,1.0977403411865234,0.27396946716308596,-0.03913861083984375,-0.009876478759765744,0.005263322692871164,0.008687097412109407,0.029173632629394625,-0.03475257012939462,0.018262943542480536,
56,332447.063786369,0.24521300000000007,0.41443599999999997,0.21537799999999996,-0.2214230000000001,0.25166100000000013,0.15992599999999996,1.3599999999999979,-0.9559999999999979,-0.22309999999999958,-1.2162999999999984,1.2398999999999984,-0.6323499999999991,0.23823165893554688,0.4171438217163086,0.22373580932617188,-0.19169139862060547,0.21724987030029297,0.17833995819091797,1.7978019714355469,-1.3054943084716797,-0.20659255981445312,-1.8131866455078125,1.6813201904296875,-0.9780235290527344,-0.732308349609375,1.134358673095703,4.609234466552733,1.0641931915283203,0.3857930297851562,-0.05777546691894531,-0.006981341064453195,0.0027078217163086227,0.008357809326171917,0.029731601379394623,-0.034411129699707166,0.01841395819091801,
57,332447.073820573,0.25814199999999987,0.40534900000000007,0.21325700000000003,-0.2329839999999999,0.26344899999999993,0.15391500000000002,1.2190000000000032,-0.857350000000002,-0.20004999999999903,-1.0905500000000008,1.111350000000001,-0.5668500000000012,0.2538719177246094,0.4060802459716797,0.22182846069335938,-0.20466136932373047,0.22907638549804688,0.17147350311279297,1.463735580444336,-1.1208782196044922,-0.20659255981445312,-1.8351631164550781,1.6593399047851562,-1.0,-1.2779470062255858,1.1630770874023435,5.126150970458983,1.1685628204345704,0.31869873046874997,-0.05777546691894531,-0.0042700822753904966,0.0007312459716796171,0.008571460693359345,0.028322630676269445,-0.03437261450195306,0.017558503112792945,
58,332447.083818743,0.26959299999999997,0.39728900000000006,0.211377,-0.24323399999999995,0.27388799999999996,0.14858900000000003,1.0643500000000012,-0.7506000000000022,-0.17490000000000025,-0.9541000000000018,0.9702000000000028,-0.49540000000000056,0.2645530700683594,0.3973064422607422,0.21992111206054688,-0.21381664276123047,0.23517990112304688,0.16689586639404297,1.2351646423339844,-0.8835163116455078,-0.1978015899658203,-1.7252731323242188,1.4615402221679688,-0.7582435607910156,-1.0769218444824218,1.2492323303222654,4.666663818359375,1.209564712524414,0.3261534729003906,-0.06523101806640624,-0.0050399299316405965,1.7442260742128735e-05,0.008544112060546866,0.02941735723876948,-0.03870809887695309,0.018306866394042942,
59,332447.093820794,0.279429,0.390337,0.209759,-0.252066,0.282853,0.144007,0.8960999999999997,-0.6358000000000003,-0.14765000000000056,-0.8067999999999992,0.8165999999999979,-0.4180000000000003,0.2759971618652344,0.3881511688232422,0.21724987030029297,-0.22449874877929688,0.24471664428710938,0.16193675994873047,1.2615375518798828,-0.8395595550537109,-0.23296737670898438,-1.5714302062988281,1.3956031799316406,-0.7802200317382812,-1.2492323303222654,1.5938458251953123,5.040003204345703,1.2207476348876953,0.3522458801269531,-0.07268576049804687,-0.003431838134765608,-0.002185831176757802,0.007490870300292968,0.027567251220703137,-0.038136355712890646,0.017929759948730473,
60,332447.103822485,0.287515,0.384573,0.208424,-0.25937,0.29022,0.140229,0.7177000000000017,-0.5147999999999986,-0.11879999999999946,-0.6512500000000004,0.6536999999999987,-0.33605000000000024,0.2855348587036133,0.3812847137451172,0.21534252166748047,-0.23441696166992188,0.2550163269042969,0.15659618377685547,0.8219776153564453,-0.6021976470947266,-0.1802196502685547,-1.4175834655761719,1.2197799682617188,-0.6923065185546875,-0.9046150970458983,1.4215390777587888,4.9825663757324214,1.2692042694091796,0.33360902404785153,-0.054048095703125,-0.0019801412963867393,-0.0032882862548828107,0.006918521667480471,0.024953038330078114,-0.0352036730957031,0.016367183776855476,
61,332447.113820065,0.293783,0.380041,0.207383,-0.265091,0.295927,0.137286,0.5465999999999999,-0.39679999999999993,-0.09089999999999931,-0.5003499999999994,0.4975000000000007,-0.2570000000000003,0.2927827835083008,0.3755626678466797,0.21343517303466797,-0.24280929565429688,0.2615013122558594,0.15201759338378906,0.5934066772460938,-0.40879058837890625,-0.23296737670898438,-1.2417564392089844,1.0,-0.626373291015625,-1.4215390777587888,1.4502574920654296,4.810255889892577,1.3027514190673828,0.3522458801269531,-0.04286598205566406,-0.001000216491699235,-0.00447833215332033,0.006052173034667957,0.022281704345703146,-0.03442568774414062,0.014731593383789071,
62,332447.123818516,0.298447,0.376637,0.206606,-0.269377,0.30017,0.135089,0.4002499999999992,-0.29095000000000093,-0.06659999999999999,-0.366749999999999,0.3642499999999993,-0.18824999999999953,0.2977418899536133,0.3717479705810547,0.21076488494873047,-0.2500572204589844,0.2687492370605469,0.14820289611816406,0.4351654052734375,-0.33846092224121094,-0.17142868041992188,-1.0659332275390625,1.0219764709472656,-0.6043968200683594,-0.8184598541259764,0.9046150970458983,5.2123062133789055,1.325116455078125,0.31869873046874997,-0.035411239624023434,-0.0007051100463867366,-0.004889029418945312,0.004158884948730457,0.019319779541015603,-0.03142076293945312,0.013113896118164076,
63,332447.133818294,0.301788,0.374222,0.206051,-0.272426,0.303212,0.133521,0.282099999999999,-0.19905000000000062,-0.04635000000000056,-0.2530500000000019,0.25715000000000043,-0.13129999999999947,0.3015565872192383,0.3690776824951172,0.20885753631591797,-0.2565422058105469,0.2740898132324219,0.14515113830566406,0.2593402862548828,-0.1978015899658203,-0.1802196502685547,-1.0,0.9340667724609375,-0.4285697937011719,-0.33025802612304683,0.9046150970458983,5.671793365478515,1.358663604736328,0.2590591735839844,-0.035411239624023434,-0.00023141278076171945,-0.005144317504882812,0.002806536315917957,0.015883794189453126,-0.029122186767578107,0.011630138305664062,
64,332447.143856954,0.304089,0.372656,0.205679,-0.274438,0.305313,0.132463,0.1922000000000007,-0.12125000000000052,-0.03015000000000101,-0.15924999999999967,0.17610000000000126,-0.08620000000000017,0.3030824661254883,0.3675518035888672,0.20733165740966797,-0.2630271911621094,0.2805747985839844,0.14286231994628906,0.14505577087402344,-0.07472610473632812,-0.11868095397949219,-0.9560432434082031,0.7582435607910156,-0.3626365661621094,-0.33025802612304683,0.9046150970458983,5.614356536865234,1.4369408264160155,0.22178465270996092,-0.04286598205566406,-0.001006533874511717,-0.0051041964111328,0.001652657409667968,0.01141080883789064,-0.024738201416015626,0.010399319946289065,
65,332447.153856647,0.305632,0.371797,0.205448,-0.275611,0.306734,0.131797,0.12705000000000077,-0.05894999999999928,-0.01784999999999981,-0.08579999999999977,0.1177499999999998,-0.05214999999999942,0.3038454055786133,0.3675518035888672,0.20580577850341797,-0.2683677673339844,0.2832460403442383,0.14133644104003906,0.03956031799316406,0.0659332275390625,-0.1890106201171875,-0.8241767883300781,0.5604400634765625,-0.25274658203125,-0.1866659545898437,0.41640953063964836,5.93025909423828,1.4853974609375,0.24787705993652343,-0.06523101806640624,-0.0017865944213867335,-0.004245196411132801,0.000357778503417977,0.00724323266601562,-0.023487959655761725,0.009539441040039065,
66,332447.16385586,0.30663,0.371477,0.205322,-0.276154,0.307668,0.13142,0.06940000000000002,-0.019349999999998535,-0.008500000000000174,-0.03509999999999902,0.06509999999999849,-0.025549999999999184,0.3042268753051758,0.3683147430419922,0.20466136932373047,-0.2718009948730469,0.2874422073364258,0.14019203186035156,0.0043964385986328125,0.09230804443359375,-0.10988998413085938,-0.6483497619628906,0.6043968200683594,-0.20878982543945312,0.10051445007324217,0.1866659545898437,5.8441038513183585,1.5077624969482422,0.18823750305175782,-0.06523101806640624,-0.0024031246948242324,-0.003162256958007814,-0.0006606306762695358,0.004353005126953136,-0.020225792663574216,0.008772031860351553,
67,332447.173821659,0.30702,0.37141,0.205278,-0.276313,0.308036,0.131286,0.0017999999999990246,-0.009799999999998699,-0.0011499999999997623,-0.009449999999999736,0.0010499999999996623,-0.0028000000000000247,0.3038454055786133,0.3690776824951172,0.20351696014404297,-0.2756156921386719,0.2901124954223633,0.13981056213378906,-0.03956031799316406,0.0659332275390625,-0.09230804443359375,-0.6043968200683594,0.4285697937011719,-0.09889984130859375,-0.1579475402832031,0.3876911163330078,5.729230194091797,1.5189454193115235,0.158417724609375,-0.08386787414550781,-0.003174594421386734,-0.0023323175048828304,-0.0017610398559570195,0.0006973078613281003,-0.017923504577636695,0.008524562133789049,
68,332447.183819675,0.306666,0.371281,0.205299,-0.276343,0.307689,0.131364,-0.07925000000000015,-0.031849999999999934,0.004350000000000187,-0.009350000000002412,-0.07780000000000009,0.01689999999999886,0.3038454055786133,0.3694591522216797,0.20275402069091797,-0.2786674499511719,0.2927827835083008,0.13981056213378906,-0.021978378295898438,0.08351707458496094,-0.127471923828125,-0.4285697937011719,0.34066009521484375,-0.03296661376953125,-0.41640953063964836,-0.1292291259765625,6.159998931884765,1.5114898681640625,0.12114320373535156,-0.10250553894042969,-0.002820594421386713,-0.0018218477783203402,-0.0025449793090820405,-0.0023244499511718697,-0.014906216491699209,0.008446562133789054,
69,332447.193817442,0.305435,0.370773,0.205365,-0.2765,0.30648,0.131624,-0.1736500000000002,-0.08550000000000224,0.007999999999999674,-0.03485000000000016,-0.17135000000000067,0.033550000000000246,0.3038454055786133,0.3702220916748047,0.20160961151123047,-0.2809562683105469,0.2931642532348633,0.13981056213378906,-0.03956031799316406,0.03956031799316406,-0.08351707458496094,-0.3186798095703125,0.07692337036132812,0.010990142822265625,-0.9620519256591795,-0.5025647735595702,6.0164068603515615,1.4891256408691407,0.11741502380371094,-0.11368765258789063,-0.0015895944213867308,-0.0005509083251953317,-0.0037553884887695232,-0.0044562683105468515,-0.013315746765136693,0.008186562133789071,
70,332447.203817367,0.303193,0.369571,0.205459,-0.27704,0.304262,0.132035,-0.28144999999999976,-0.16840000000000188,0.010050000000000336,-0.0838499999999992,-0.2795999999999993,0.04760000000000042,0.3030824661254883,0.3702220916748047,0.20046520233154297,-0.2824831008911133,0.2927827835083008,0.13981056213378906,-0.10109901428222656,-0.048351287841796875,-0.1802196502685547,-0.23077011108398438,-0.03296661376953125,-0.0549468994140625,-0.9620519256591795,-0.21538436889648435,6.6482044982910145,1.4369408264160155,0.10996028137207031,-0.10623291015625,-0.00011053387451170904,0.0006510916748047046,-0.004993797668457034,-0.005443100891113273,-0.011479216491699196,0.007775562133789049,
71,332447.213820874,0.299806,0.367405,0.205566,-0.278177,0.300888,0.132576,-0.4029000000000005,-0.26924999999999866,0.011650000000000549,-0.14585000000000015,-0.40204999999999824,0.061749999999999305,0.3011751174926758,0.3698406219482422,0.19932079315185547,-0.2840089797973633,0.2920198440551758,0.13981056213378906,-0.3208789825439453,-0.0659332275390625,-0.09230804443359375,-0.3186798095703125,-0.16483688354492188,0.010990142822265625,-1.2779470062255858,-1.2779470062255858,6.447183074951171,1.4183031616210937,0.07268576049804687,-0.09877816772460937,0.0013691174926757643,0.002435621948242206,-0.00624520684814453,-0.005831979797363274,-0.008868155944824208,0.007234562133789063,
72,332447.223818839,0.295135,0.364186,0.205692,-0.279957,0.296221,0.13327,-0.5381500000000011,-0.3767499999999979,0.013849999999999973,-0.21054999999999824,-0.5381499999999984,0.07864999999999955,0.2969789505004883,0.3690776824951172,0.19817638397216797,-0.2870607376098633,0.2889680862426758,0.13981056213378906,-0.4351654052734375,-0.10109901428222656,-0.10109901428222656,-0.3846168518066406,-0.40659332275390625,-0.010990142822265625,-1.2205139160156249,-1.5076905822753903,6.332309417724608,1.4406681976318358,0.03913861083984375,-0.09132342529296875,0.0018439505004883006,0.004891682495117178,-0.007515616027832045,-0.00710373760986327,-0.007252913757324231,0.006540562133789063,
73,332447.233818359,0.289043,0.35987,0.205843,-0.282388,0.290125,0.134149,-0.687299999999999,-0.4887500000000017,0.01689999999999886,-0.27589999999999837,-0.6877999999999995,0.09870000000000018,0.2924013137817383,0.3675518035888672,0.19779491424560547,-0.2901124954223633,0.2847719192504883,0.13981056213378906,-0.46153831481933594,-0.1978015899658203,-0.048351287841796875,-0.4505500793457031,-0.5604400634765625,-0.0549468994140625,-1.8523078155517574,-1.766152572631836,6.447183074951171,1.4443955688476562,0.020500946044921874,-0.06895838928222656,0.003358313781738287,0.007681803588867164,-0.00804808575439453,-0.007724495422363309,-0.0053530807495117405,0.005661562133789072,
74,332447.243817407,0.281389,0.354411,0.20603,-0.285475,0.282465,0.135244,-0.8503999999999984,-0.6052500000000016,0.020900000000000085,-0.34180000000000044,-0.8509500000000003,0.12194999999999984,0.2882051467895508,0.3656444549560547,0.19741344451904297,-0.2935457229614258,0.2771415710449219,0.13981056213378906,-0.5054950714111328,-0.2681312561035156,-0.048351287841796875,-0.626373291015625,-1.373626708984375,0.010990142822265625,-2.024614562988281,-1.8523078155517574,6.274872589111328,1.4891256408691407,0.10996028137207031,-0.05032072448730469,0.006816146789550781,0.011233454956054711,-0.008616555480957022,-0.008070722961425802,-0.005323428955078147,0.004566562133789059,
75,332447.253817424,0.272035,0.347765,0.206261,-0.289224,0.273106,0.136588,-1.024549999999999,-0.724749999999999,0.025600000000000622,-0.40769999999999973,-1.0249500000000022,0.14794999999999947,0.2817201614379883,0.3618297576904297,0.19741344451904297,-0.2985048294067383,0.2676048278808594,0.14019203186035156,-0.9362640380859375,-0.4439563751220703,-0.013187408447265625,-0.8241767883300781,-1.3076934814453125,0.010990142822265625,-0.8184598541259764,-2.0533329772949216,6.389746246337889,1.5450370178222657,0.2627865447998047,-0.04286598205566406,0.009685161437988254,0.014064757690429697,-0.008847555480957031,-0.0092808294067383,-0.00550117211914064,0.0036040318603515753,
76,332447.263817846,0.260898,0.339916,0.206542,-0.293629,0.261966,0.138203,-1.1959500000000012,-0.8403500000000008,0.03039999999999987,-0.4708000000000018,-1.1961000000000013,0.17400000000000054,0.2725639343261719,0.3564891815185547,0.19741344451904297,-0.3030824661254883,0.2576866149902344,0.13981056213378906,-0.9186820983886719,-0.5406589508056641,-0.013187408447265625,-0.6483497619628906,-1.5274734497070312,0.010990142822265625,-2.5702569580078123,-1.9958961486816404,6.562049255371092,1.5823123474121092,0.23296676635742186,-0.020500946044921874,0.011665934326171856,0.01657318151855469,-0.009128555480957035,-0.009453466125488308,-0.004279385009765602,0.00160756213378907,
77,332447.273818764,0.248116,0.330958,0.206869,-0.29864,0.249184,0.140068,-1.3507500000000006,-0.9452500000000003,0.03475000000000006,-0.5282000000000009,-1.350649999999999,0.19740000000000035,0.2618827819824219,0.3492412567138672,0.19741344451904297,-0.3091859817504883,0.24662399291992188,0.14019203186035156,-1.2703304290771484,-0.7604389190673828,0.0043964385986328125,-0.8461532592773438,-1.5714302062988281,0.03296661376953125,-2.024614562988281,-2.1107698059082027,6.303591003417968,1.600949203491211,0.22178465270996092,0.0018640899658203124,0.013766781982421872,0.018283256713867213,-0.009455555480957029,-0.010545981750488265,-0.002560007080078114,0.00012403186035156444,
78,332447.28382205,0.233883,0.321011,0.207237,-0.304193,0.234953,0.142151,-1.4861499999999999,-1.038,0.038449999999999596,-0.5792499999999978,-1.4858999999999998,0.21759999999999974,0.24929428100585938,0.3404664993286133,0.19741344451904297,-0.3145265579223633,0.23365402221679688,0.14057350158691406,-1.6395606994628906,-0.8923072814941406,-0.03076934814453125,-0.8241767883300781,-1.9230766296386719,0.03296661376953125,-2.168206634521484,-1.5651274108886717,6.7343597412109375,1.600949203491211,0.20314698791503905,0.03168386840820312,0.015411281005859367,0.01945549932861329,-0.009823555480957036,-0.01033355792236329,-0.0012989777832031202,-0.001577498413085937,
79,332447.293852478,0.218393,0.310198,0.207638,-0.310225,0.219466,0.14442,-1.6022000000000007,-1.1185499999999986,0.04149999999999987,-0.6239999999999996,-1.6018999999999992,0.2347000000000002,0.23517990112304688,0.3301668167114258,0.19741344451904297,-0.3198671340942383,0.22068405151367188,0.14095497131347656,-1.25274658203125,-1.1824169158935547,0.0043964385986328125,-0.8021965026855469,-1.879119873046875,0.0549468994140625,-2.0533329772949216,-1.6800010681152342,6.7343597412109375,1.5785849761962891,0.1919648742675781,0.05777546691894531,0.01678690112304687,0.019968816711425807,-0.01022455548095702,-0.009642134094238308,0.0012180515136718806,-0.0034650286865234303,
80,332447.303854503,0.201839,0.29864,0.208067,-0.316673,0.202915,0.146845,-1.6982499999999998,-1.1863999999999986,0.04395000000000093,-0.6621500000000002,-1.6979999999999995,0.2486000000000002,0.21953964233398438,0.3187227249145508,0.19741344451904297,-0.3255891799926758,0.20962047576904297,0.14171791076660156,-1.3934059143066406,-1.1296710968017578,-0.013187408447265625,-0.8241767883300781,-2.076923370361328,0.07692337036132812,-2.2256397247314452,-1.47897590637207,6.6482044982910145,1.5636746826171875,0.1546903533935547,0.08386787414550781,0.017700642333984384,0.020082724914550765,-0.010653555480957033,-0.008916179992675799,0.006705475769042957,-0.005127089233398441,
81,332447.313820332,0.184428,0.28647,0.208517,-0.323468,0.185506,0.149392,-1.7713999999999994,-1.238800000000001,0.04574999999999996,-0.6918000000000007,-1.7712500000000007,0.25904999999999956,0.20160961151123047,0.3057527542114258,0.19741344451904297,-0.3309297561645508,0.19283580780029297,0.14362525939941406,-1.8241748809814453,-1.3318672180175781,-0.013187408447265625,-0.7802200317382812,-1.9890098571777344,0.25274658203125,-2.512820129394531,-1.1630770874023435,6.90667022705078,1.5338549041748046,0.09877816772460937,0.07268576049804687,0.01718161151123046,0.01928275421142578,-0.01110355548095704,-0.0074617561645508035,0.0073298078002929645,-0.0057667406005859345,
82,332447.323855078,0.166411,0.273864,0.208982,-0.330509,0.16749,0.152026,-1.8187000000000009,-1.2727999999999988,0.04684999999999967,-0.7111500000000021,-1.8186000000000007,0.2657500000000007,0.18635082244873047,0.2946901321411133,0.19741344451904297,-0.3355073928833008,0.18062877655029297,0.14515113830566406,-1.789011001586914,-1.5692310333251953,0.0659332275390625,-0.8461532592773438,-2.208789825439453,0.23077011108398438,-1.0769218444824218,-0.8471782684326171,6.7343597412109375,1.4928530120849608,0.054048095703125,0.06523101806640624,0.019939822448730465,0.020826132141113285,-0.011568555480957032,-0.004998392883300784,0.013138776550292969,-0.006874861694335932,
83,332447.333818014,0.148054,0.261014,0.209454,-0.337691,0.149134,0.154707,-1.8395000000000008,-1.2879,0.04725000000000007,-0.7198499999999997,-1.8393999999999993,0.26865000000000083,0.16727733612060547,0.2805747985839844,0.19741344451904297,-0.3408479690551758,0.16575145721435547,0.14820289611816406,-2.0879125595092773,-1.4549446105957031,0.0043964385986328125,-0.7802200317382812,-2.208789825439453,0.4505500793457031,-1.5076905822753903,-0.5312831878662109,6.763078155517578,1.4816700897216797,0.035411239624023434,0.046593353271484374,0.019223336120605478,0.01956079858398435,-0.012040555480957033,-0.0031569690551757623,0.01661745721435548,-0.006504103881835949,
84,332447.343817934,0.129621,0.248106,0.209927,-0.344906,0.130702,0.157399,-1.8338499999999993,-1.2841500000000006,0.04704999999999987,-0.7178500000000004,-1.8337499999999993,0.2678,0.14705848693847656,0.2656974792480469,0.19779491424560547,-0.3465709686279297,0.15087318420410156,0.15049171447753906,-1.6395606994628906,-1.3318672180175781,0.021978378295898438,-0.8021965026855469,-2.164836883544922,0.34066009521484375,-0.732308349609375,-0.10051445007324217,6.90667022705078,1.4443955688476562,-0.005591461181640625,0.035411239624023434,0.017437486938476576,0.017591479248046882,-0.012132085754394534,-0.0016649686279296971,0.02017118420410155,-0.006907285522460949,
85,332447.353817129,0.111377,0.235331,0.210395,-0.352048,0.112459,0.160063,-1.8020999999999996,-1.2617000000000003,0.04615000000000036,-0.7053500000000018,-1.8019500000000008,0.26319999999999955,0.12722206115722656,0.2504386901855469,0.19779491424560547,-0.3522930145263672,0.13637733459472656,0.15354347229003906,-1.832967758178711,-1.4725265502929688,0.03076934814453125,-0.8461532592773438,-2.1428565979003906,0.3846168518066406,-0.33025802612304683,0.1866659545898437,6.849233398437499,1.4332134552001952,-0.10623291015625,0.020500946044921874,0.01584506115722656,0.015107690185546863,-0.01260008575439453,-0.0002450145263671599,0.02391833459472656,-0.006519527709960948,
86,332447.363816904,0.093579,0.222872,0.21085,-0.359013,0.094663,0.162663,-1.7460000000000002,-1.222150000000001,0.044700000000000295,-0.683149999999999,-1.7458500000000001,0.2550499999999997,0.10738563537597656,0.23632431030273438,0.19779491424560547,-0.3568706512451172,0.12035560607910156,0.15621376037597656,-1.7186813354492188,-1.375823974609375,-0.021978378295898438,-0.7362632751464844,-2.3186798095703125,0.4285697937011719,-0.933333511352539,0.2728211975097656,7.050254821777343,1.3735738983154298,-0.10623291015625,0.009318832397460937,0.013806635375976567,0.013452310302734388,-0.013055085754394541,0.002142348754882839,0.025692606079101565,-0.0064492396240234395,
87,332447.373816921,0.076457,0.210888,0.211289,-0.365711,0.077542,0.165164,-1.6671999999999998,-1.1667499999999997,0.04274999999999973,-0.6520999999999999,-1.6670499999999997,0.24359999999999937,0.08831119537353516,0.22220993041992188,0.19779491424560547,-0.3618297576904297,0.10509681701660156,0.15850353240966797,-1.7802200317382812,-1.2439556121826172,-0.021978378295898438,-0.6483497619628906,-2.2307701110839844,0.2967033386230469,0.1579475402832031,1.0769218444824218,6.562049255371092,1.3325711975097656,-0.11741502380371094,0.005591461181640625,0.011854195373535159,0.011321930419921883,-0.013494085754394536,0.003881242309570321,0.027554817016601563,-0.0066604675903320365,
88,332447.383821742,0.060235,0.199537,0.211705,-0.372055,0.061322,0.167535,-1.5660999999999998,-1.0958499999999995,0.04030000000000006,-0.6122500000000003,-1.566,0.22889999999999994,0.06961917877197266,0.20809459686279297,0.19817638397216797,-0.3667888641357422,0.08983707427978516,0.16193675994873047,-1.665933609008789,-1.5164833068847656,0.021978378295898438,-0.8021965026855469,-2.2307701110839844,0.4285697937011719,1.2492323303222654,0.4738463592529296,6.274872589111328,1.3027514190673828,-0.09132342529296875,-0.0018640899658203124,0.00938417877197266,0.008557596862792977,-0.013528616027832036,0.005266135864257837,0.028515074279785155,-0.005598240051269521,
89,332447.393818218,0.045135,0.188971,0.212095,-0.377956,0.046222,0.169742,-1.44275,-1.0094999999999992,0.03744999999999998,-0.5636999999999975,-1.4427,0.21084999999999993,0.051308631896972656,0.19474315643310547,0.19855785369873047,-0.3717479705810547,0.08068180084228516,0.16498851776123047,-1.6483516693115234,-1.3142852783203125,0.03956031799316406,-0.7142868041992188,-1.74725341796875,0.40659332275390625,1.134358673095703,1.766152572631836,6.504612426757811,1.3139343414306641,-0.20314698791503905,-0.03168386840820312,0.006173631896972655,0.005772156433105469,-0.013537146301269537,0.006208029418945327,0.03445980084228516,-0.004753482238769535,
90,332447.403818919,0.03138,0.179347,0.212454,-0.383329,0.032468,0.171752,-1.29865,-0.9086999999999997,0.03409999999999941,-0.5070999999999992,-1.2986499999999999,0.18974999999999964,0.038720130920410156,0.18444347381591797,0.19932079315185547,-0.3751811981201172,0.06809329986572266,0.16727733612060547,-1.6307697296142578,-1.1384620666503906,0.10988998413085938,-0.6923065185546875,-1.879119873046875,0.4285697937011719,1.3066654205322263,1.6225642395019528,6.562049255371092,1.3176617126464842,-0.2926063232421875,-0.04286598205566406,0.007340130920410158,0.005096473815917962,-0.013133206848144535,0.008147801879882788,0.03562529986572266,-0.004474663879394519,
91,332447.413818408,0.019162,0.170797,0.212777,-0.388098,0.020249,0.173537,-1.1418,-0.7990499999999997,0.03024999999999972,-0.44570000000000165,-1.1419,0.16685000000000033,0.02384185791015625,0.17299938201904297,0.20008373260498047,-0.3789958953857422,0.056649208068847656,0.17032909393310547,-1.2967033386230469,-0.9450550079345703,0.0659332275390625,-0.5384597778320312,-1.6813201904296875,0.40659332275390625,1.47897590637207,2.024614562988281,6.045125274658202,1.2654768981933593,-0.2926063232421875,-0.06523101806640624,0.0046798579101562515,0.0022023820190429644,-0.012693267395019525,0.009102104614257811,0.03640020806884765,-0.003207906066894528,
92,332447.42381757,0.008544,0.163366,0.213059,-0.392243,0.00963,0.175089,-0.9802499999999998,-0.6860500000000005,0.025900000000000922,-0.3827999999999998,-0.9803499999999999,0.14325000000000032,0.01125335693359375,0.16308116912841797,0.20084667205810547,-0.3824291229248047,0.045586585998535156,0.17185497283935547,-0.9538459777832031,-0.7956047058105469,0.05714225769042969,-0.47252655029296875,-1.5934066772460938,0.25274658203125,1.191795501708984,2.0533329772949216,6.6769229125976555,1.2393844909667968,-0.28515158081054687,-0.05777546691894531,0.0027093569335937505,-0.00028483087158204246,-0.01221232794189453,0.00981387707519532,0.03595658599853516,-0.003234027160644526,
93,332447.43385744,-0.000443,0.157076,0.213295,-0.395754,0.000642,0.176402,-0.8156,-0.5708500000000005,0.021000000000000185,-0.3189499999999984,-0.8156,0.11914999999999981,0.00057220458984375,0.15468788146972656,0.20122814178466797,-0.3847179412841797,0.037957191467285156,0.17376232147216797,-1.2703304290771484,-0.75164794921875,0.048351287841796875,-0.4505500793457031,-1.4615402221679688,0.27472686767578125,1.5364089965820311,2.024614562988281,6.504612426757811,1.1946552276611329,-0.28515158081054687,-0.046593353271484374,0.00101520458984375,-0.002388118530273431,-0.012066858215332044,0.011036058715820307,0.03731519146728516,-0.0026396785278320345,
94,332447.443851627,-0.007768,0.151949,0.213479,-0.398622,-0.006682,0.177472,-0.6478499999999999,-0.45339999999999964,0.015549999999998898,-0.25429999999999897,-0.6475500000000001,0.09465000000000029,-0.00705718994140625,0.14820289611816406,0.20199108123779297,-0.3877696990966797,0.02803802490234375,0.17528820037841797,-0.7692298889160156,-0.4967041015625,0.08351707458496094,-0.40659332275390625,-1.2637367248535156,0.16483688354492188,1.0769218444824218,2.024614562988281,5.90154067993164,1.2170194549560547,-0.28887895202636715,-0.05032072448730469,0.0007108100585937497,-0.0037461038818359382,-0.011487918762207033,0.010852300903320289,0.03472002490234375,-0.002183799621582022,
95,332447.453818662,-0.0134,0.148008,0.213606,-0.40084,-0.012309,0.178295,-0.4798,-0.3356999999999999,0.009850000000000136,-0.18975000000000242,-0.4791500000000001,0.07010000000000072,-0.01354217529296875,0.14324378967285156,0.20275402069091797,-0.3904399871826172,0.02040863037109375,0.17681407928466797,-0.46153831481933594,-0.46153831481933594,0.09230804443359375,-0.3846168518066406,-1.0879135131835938,0.20878982543945312,1.0769218444824218,1.909744644165039,6.045125274658202,1.2356571197509765,-0.27396946716308596,-0.05032072448730469,-0.00014217529296874955,-0.004764210327148438,-0.010851979309082022,0.010400012817382787,0.03271763037109375,-0.0014809207153320403,
96,332447.463817968,-0.017364,0.145235,0.213676,-0.402417,-0.016265,0.178874,-0.32555000000000006,-0.22770000000000012,0.005150000000000987,-0.130050000000001,-0.3247999999999999,0.04754999999999898,-0.01773834228515625,0.13981056213378906,0.20389842987060547,-0.3934917449951172,0.01392364501953125,0.17833995819091797,-0.3560447692871094,-0.28571510314941406,0.08351707458496094,-0.47252655029296875,-0.9780235290527344,0.20878982543945312,0.445127944946289,1.4215390777587888,6.159998931884765,1.272931640625,-0.23296676635742186,-0.05777546691894531,-0.00037434228515624904,-0.0054244378662109405,-0.009777570129394536,0.008925255004882837,0.03018864501953125,-0.0005340418090820365,
97,332447.473818691,-0.019911,0.143454,0.213709,-0.403441,-0.018805,0.179246,-0.1993,-0.13935000000000058,0.0026499999999998747,-0.08004999999999818,-0.1986999999999999,0.02909999999999996,-0.02002716064453125,0.13866615295410156,0.20427989959716797,-0.3950176239013672,0.01010894775390625,0.17833995819091797,-0.2593402862548828,-0.07472610473632812,0.03076934814453125,-0.27472686767578125,-0.9120864868164062,0.0549468994140625,0.4738463592529296,1.7087194824218748,6.131280517578125,1.2915693054199218,-0.2143299102783203,-0.05032072448730469,-0.00011616064453124839,-0.004787847045898436,-0.009429100402832041,0.008423376098632807,0.02891394775390625,-0.0009060418090820199,
98,332447.483819339,-0.02135,0.142448,0.213729,-0.404018,-0.020239,0.179456,-0.10379999999999989,-0.07265000000000049,0.0025999999999998247,-0.04065000000000041,-0.10380000000000007,0.015199999999999936,-0.02155303955078125,0.13828468322753906,0.20466136932373047,-0.3957805633544922,0.00362396240234375,0.17872142791748047,-0.0659332275390625,-0.013187408447265625,0.05714225769042969,-0.1868133544921875,-0.7802200317382812,0.010990142822265625,0.5312831878662109,0.8471782684326171,6.303591003417968,1.2431118621826172,-0.16587246704101563,-0.035411239624023434,-0.00020303955078124908,-0.004163316772460929,-0.009067630676269534,0.0082374366455078,0.02386296240234375,-0.0007345720825195357,
99,332447.493817272,-0.021987,0.142001,0.213761,-0.404254,-0.020881,0.17955,-0.0390999999999999,-0.027549999999999797,0.005099999999999549,-0.011849999999999361,-0.04010000000000003,0.005750000000000199,-0.02117156982421875,0.13828468322753906,0.20542430877685547,-0.3969249725341797,-0.00057220458984375,0.17833995819091797,0.013187408447265625,0.0043964385986328125,0.03076934814453125,-0.14285659790039062,-0.6043968200683594,-0.010990142822265625,-0.646153106689453,1.1630770874023435,6.217435760498046,1.2505674133300781,-0.1285979461669922,-0.01677357482910156,0.0008154301757812496,-0.003716316772460926,-0.008336691223144538,0.007329027465820315,0.02030879541015625,-0.0012100418090820186,
100,332447.503853349,-0.022132,0.141897,0.213831,-0.404255,-0.021041,0.179571,-0.00010000000000010001,-0.0005999999999992123,0.011799999999999311,0.009899999999998799,-0.0028499999999999012,5.0000000000050004e-05,-0.02117156982421875,0.13866615295410156,0.20542430877685547,-0.3973064422607422,-0.00362396240234375,0.17833995819091797,0.021978378295898438,0.048351287841796875,0.013187408447265625,-0.07692337036132812,-0.4505500793457031,-0.010990142822265625,0.01435920715332031,1.0769218444824218,6.332309417724608,1.2393844909667968,-0.12114320373535156,-0.009318832397460937,0.0009604301757812489,-0.003230847045898433,-0.008406691223144525,0.006948557739257788,0.01741703759765625,-0.0012310418090820396,
101,332447.513818683,-0.021989,0.141989,0.213997,-0.404056,-0.020938,0.179551,0.038799999999999946,0.025600000000000622,0.03130000000000077,0.042299999999997895,0.031349999999999954,-0.005600000000000049,-0.02079010009765625,0.13981056213378906,0.20542430877685547,-0.3980693817138672,-0.00705718994140625,0.17872142791748047,0.03076934814453125,0.1802196502685547,-0.0043964385986328125,-0.07692337036132812,-0.47252655029296875,0.010990142822265625,0.445127944946289,1.4215390777587888,6.504612426757811,1.2580221557617186,-0.07268576049804687,-0.009318832397460937,0.0011988999023437516,-0.0021784378662109416,-0.008572691223144524,0.005986618286132839,0.013880810058593748,-0.0008295720825195196,
102,332447.523821838,-0.021356,0.142409,0.214457,-0.403409,-0.020414,0.179459,0.10320000000000017,0.06864999999999927,0.07220000000000004,0.10320000000000051,0.08584999999999998,-0.014899999999999636,-0.02040863037109375,0.14171791076660156,0.20542430877685547,-0.3984508514404297,-0.00896453857421875,0.17872142791748047,0.048351287841796875,0.1802196502685547,-0.013187408447265625,-0.03296661376953125,-0.4285697937011719,-0.010990142822265625,0.1579475402832031,1.1056402587890624,6.332309417724608,1.3064787902832031,-0.035411239624023434,-0.005591461181640625,0.00094736962890625,-0.0006910892333984453,-0.00903269122314454,0.00495814855957033,0.011449461425781252,-0.0007375720825195387,
103,332447.533818527,-0.019925,0.143362,0.215441,-0.401992,-0.019221,0.179253,0.19819999999999993,0.13195000000000012,0.13624999999999887,0.19620000000000193,0.1654000000000001,-0.028550000000000797,-0.01926422119140625,0.14362525939941406,0.20580577850341797,-0.3988323211669922,-0.00972747802734375,0.17833995819091797,0.10109901428222656,0.16263771057128906,0.021978378295898438,-0.09889984130859375,-0.03296661376953125,-0.03296661376953125,0.5312831878662109,0.933333511352539,7.452305145263671,1.4145757904052734,-0.01304620361328125,-0.009318832397460937,0.0006607788085937483,0.00026325939941407306,-0.009635221496582025,0.0031596788330078285,0.009493521972656249,-0.0009130418090820269,
104,332447.54382126,-0.017392,0.145048,0.217182,-0.399485,-0.017106,0.178888,0.3237499999999999,0.21545000000000036,0.22345000000000004,0.32120000000000204,0.2700499999999999,-0.04664999999999947,-0.01735687255859375,0.14553260803222656,0.20580577850341797,-0.3995952606201172,-0.01049041748046875,0.17872142791748047,0.23296737670898438,0.16263771057128906,0.03076934814453125,-0.07692337036132812,-0.09889984130859375,0.03296661376953125,1.3066654205322263,1.3353838348388671,7.423586730957029,1.5338549041748046,0.01677357482910156,-0.020500946044921874,3.512744140625121e-05,0.00048460803222655224,-0.011376221496582017,-0.0001102606201172085,0.00661558251953125,-0.0001665720825195227,
105,332447.553821686,-0.01345,0.147671,0.21991,-0.395568,-0.01382,0.17832,0.4771000000000001,0.3173999999999996,0.33160000000000134,0.4752499999999993,0.3974,-0.06874999999999937,-0.01544952392578125,0.14705848693847656,0.20618724822998047,-0.3992137908935547,-0.00934600830078125,0.17833995819091797,0.28571510314941406,0.1802196502685547,0.013187408447265625,-0.010990142822265625,0.14285659790039062,-0.03296661376953125,0.7035899353027343,1.4502574920654296,8.39999786376953,1.6419519042968749,0.06895838928222656,-0.03168386840820312,-0.00199952392578125,-0.0006125130615234342,-0.013722751770019526,-0.0036457908935547123,0.004473991699218751,1.995819091796247e-05,
106,332447.563854541,-0.00785,0.151396,0.223814,-0.38998,-0.009158,0.177513,0.6442,0.42844999999999966,0.4500000000000004,0.6435999999999997,0.536,-0.09284999999999988,-0.01087188720703125,0.14972877502441406,0.20656871795654297,-0.3988323211669922,-0.00743865966796875,0.17795848846435547,0.6021976470947266,0.34725189208984375,0.03076934814453125,0.09889984130859375,0.27472686767578125,-0.0549468994140625,1.5364089965820311,1.1056402587890624,8.802048187255858,1.7798678741455078,0.09132342529296875,-0.035411239624023434,-0.0030218872070312507,-0.0016672249755859403,-0.017245282043457044,-0.008852321166992194,0.0017193403320312495,0.00044548846435546463,
107,332447.573820477,-0.000566,0.15624,0.22891,-0.382696,-0.0031,0.176463,0.8109999999999999,0.5392999999999994,0.567899999999999,0.8113499999999996,0.67445,-0.11685000000000029,-0.00553131103515625,0.15392494201660156,0.20695018768310547,-0.3965435028076172,-0.00324249267578125,0.17872142791748047,0.5318679809570312,0.4879112243652344,0.10988998413085938,0.2967033386230469,0.626373291015625,0.0549468994140625,1.909744644165039,1.2779470062255858,8.88820343017578,1.9028743591308592,0.12487057495117188,-0.05777546691894531,-0.00496531103515625,-0.0023150579833984275,-0.021959812316894534,-0.013847502807617207,-0.0001424926757812501,0.00225842791748046,
108,332447.583819169,0.00837,0.162182,0.235172,-0.373753,0.004331,0.175176,0.9747,0.6481,0.6832000000000005,0.9755999999999987,0.8104999999999999,-0.1403500000000002,-0.00057220458984375,0.15926647186279297,0.20923900604248047,-0.3953990936279297,0.00476837158203125,0.17795848846435547,0.5318679809570312,0.41758155822753906,0.2681312561035156,0.14285659790039062,1.1538467407226562,-0.07692337036132812,2.48410171508789,1.6800010681152342,9.433845825195311,2.0855212097167968,0.03913861083984375,-0.0801405029296875,-0.00894220458984375,-0.002915528137207024,-0.025932993957519523,-0.021646093627929686,0.0004373715820312502,0.0027824884643554704,
109,332447.593819183,0.018928000000000163,0.1692020000000001,0.24257400000000012,-0.36318399999999984,0.013110000000000134,0.17365599999999998,1.135300000000002,0.7548500000000015,0.795800000000001,1.1364000000000036,0.944050000000002,-0.16345000000000004,0.00820159912109375,0.16422557830810547,0.21305370330810547,-0.3934917449951172,0.01392364501953125,0.17795848846435547,0.9098892211914062,0.5406589508056641,0.4351654052734375,0.27472686767578125,1.2197799682617188,-0.010990142822265625,1.5651274108886717,1.4215390777587888,9.634874725341795,2.342716293334961,-0.09505079650878906,-0.10623291015625,-0.010726400878906413,-0.004976421691894634,-0.029520296691894654,-0.030307744995117347,0.0008136450195311163,0.004302488464355492,
110,332447.603817363,0.031076000000000183,0.1772790000000001,0.2510880000000001,-0.3510249999999998,0.023212000000000153,0.17190699999999998,1.2912000000000021,0.8584500000000024,0.9046500000000002,1.2921000000000038,1.0737500000000018,-0.18585000000000026,0.01850128173828125,0.17223644256591797,0.21686840057373047,-0.3892955780029297,0.02117156982421875,0.17833995819091797,1.287912368774414,0.7868137359619141,0.3648357391357422,0.6043968200683594,1.2857131958007812,-0.010990142822265625,2.1107698059082027,0.9620519256591795,10.036925048828124,2.502998107910156,-0.10623291015625,-0.1546903533935547,-0.012574718261718933,-0.005042557434082134,-0.03421959942626962,-0.03827057800292988,-0.0020404301757814026,0.006432958190917992,
111,332447.613858436,0.0447520000000002,0.18637100000000015,0.26066700000000015,-0.33734199999999975,0.034585000000000164,0.16993899999999998,1.4345000000000023,0.9537000000000019,1.0046000000000013,1.4350500000000013,1.1930500000000017,-0.20645,0.02956390380859375,0.18139171600341797,0.22182846069335938,-0.3828105926513672,0.034142494201660156,0.17719554901123047,1.164834976196289,1.0681324005126953,0.5318679809570312,0.9340667724609375,1.5934066772460938,-0.09889984130859375,2.024614562988281,2.024614562988281,10.38153854370117,2.5812745208740235,-0.12487057495117188,-0.1546903533935547,-0.015188096191406451,-0.004979283996582179,-0.038838539306640774,-0.045468592651367434,-0.00044250579834000797,0.00725654901123049,
112,332447.623852038,0.05976600000000022,0.19635300000000014,0.27118000000000014,-0.3223239999999998,0.047073000000000184,0.16777799999999998,1.557200000000002,1.0354000000000014,1.090300000000001,1.557650000000001,1.2952000000000017,-0.22415000000000102,0.043679237365722656,0.19169139862060547,0.22793197631835938,-0.3740367889404297,0.045205116271972656,0.17757701873779297,1.5956039428710938,1.1384620666503906,0.6725273132324219,1.2857131958007812,1.6373634338378906,-0.03296661376953125,2.3405133819580075,1.048203430175781,10.496412200927734,2.607366928100586,-0.13978005981445313,-0.1919648742675781,-0.016086762634277565,-0.00466160137939467,-0.04324802368164077,-0.05171278894042991,-0.0018678837280275279,0.009799018737792986,
113,332447.633821829,0.07589599999999977,0.20707899999999985,0.2824729999999998,-0.3061890000000002,0.06048899999999981,0.16545600000000002,1.6577499999999992,1.1023999999999998,1.1605999999999999,1.658249999999999,1.378799999999999,-0.23874999999999993,0.055504798889160156,0.20046520233154297,0.23403549194335938,-0.3645000457763672,0.054360389709472656,0.17719554901123047,1.8153839111328125,1.0329666137695312,0.8835163116455078,1.5934066772460938,1.6373634338378906,-0.0549468994140625,1.5938458251953123,0.41640953063964836,10.898462524414061,2.596184814453125,-0.10250553894042969,-0.22551202392578124,-0.020391201110839613,-0.006613797668456878,-0.04843750805664043,-0.058311045776366977,-0.0061286102905271506,0.011739549011230449,
114,332447.643856911,0.09292099999999975,0.21840099999999985,0.2943919999999998,-0.2891590000000002,0.07464899999999978,0.16300300000000004,1.7360999999999989,1.1546999999999983,1.215650000000001,1.7368999999999988,1.4439499999999994,-0.25024999999999903,0.07190799713134766,0.21267223358154297,0.24242782592773438,-0.3522930145263672,0.06618595123291016,0.17643260955810547,1.410989761352539,1.2175827026367188,0.8395595550537109,1.8351631164550781,1.7692298889160156,-0.14285659790039062,1.8523078155517574,0.1292291259765625,10.927180938720701,2.5924574432373046,-0.07268576049804687,-0.23669413757324217,-0.021013002868652098,-0.0057287664184568765,-0.051964174072265445,-0.06313401452636697,-0.008463048767089629,0.013429609558105432,
115,332447.653859428,0.11061799999999974,0.23017299999999982,0.30678599999999984,-0.2714510000000003,0.0893679999999998,0.16045100000000004,1.7919,1.1921,1.2551000000000003,1.7932499999999987,1.4903499999999996,-0.2585500000000004,0.08983707427978516,0.22526168823242188,0.2527275085449219,-0.3389406204223633,0.07839298248291016,0.17414379119873047,1.876922607421875,1.2703304290771484,0.9626369476318359,1.9011001586914062,1.7032966613769531,-0.27472686767578125,1.6225642395019528,-0.1579475402832031,10.438975372314452,2.618549850463867,-0.04286598205566406,-0.21060253906249998,-0.020780925720214588,-0.004911311767577947,-0.05405849145507796,-0.067489620422363,-0.010975017517089639,0.01369279119873043,
116,332447.663851632,0.12875899999999976,0.24224299999999985,0.31949399999999983,-0.2532940000000003,0.10445599999999977,0.15783200000000003,1.8235000000000001,1.2132500000000004,1.2774499999999993,1.8251500000000005,1.5166000000000002,-0.26320000000000093,0.10929298400878906,0.23861312866210938,0.2641716003417969,-0.3233003616333008,0.08716678619384766,0.17185497283935547,1.665933609008789,1.2263736724853516,0.9362640380859375,2.2747268676757812,1.6373634338378906,-0.3186798095703125,1.048203430175781,0.5600016021728514,10.38153854370117,2.5812745208740235,-0.0018640899658203124,-0.1807827606201172,-0.0194660159912107,-0.0036298713378904723,-0.05532239965820296,-0.07000636163330048,-0.017289213806152115,0.014022972839355441,
117,332447.673819303,0.147088,0.254438,0.332335,-0.234948,0.1197,0.155187,1.8290999999999988,1.2168499999999984,1.281299999999999,1.8305500000000017,1.5212500000000004,-0.2638500000000002,0.12912940979003906,0.2515830993652344,0.2763786315917969,-0.3061342239379883,0.10318946838378906,0.16880321502685547,1.7978019714355469,1.1824169158935547,1.0505485534667969,2.5164833068847656,1.879119873046875,-0.4285697937011719,0.8471782684326171,-0.5025647735595702,10.898462524414061,2.521634963989258,0.054048095703125,-0.158417724609375,-0.017958590209960934,-0.0028549006347656225,-0.055956368408203117,-0.07118622393798829,-0.01651053161621094,0.013616215026855477,
118,332447.683818796,0.165341,0.26658,0.34512,-0.216683,0.134881,0.152555,1.8083500000000001,1.2025499999999993,1.2663000000000006,1.8090999999999995,1.5039999999999998,-0.2604999999999996,0.14858436584472656,0.2649345397949219,0.2901124954223633,-0.2878236770629883,0.11234474182128906,0.16613292694091797,1.6307697296142578,1.410989761352539,1.1824169158935547,2.582416534423828,1.74725341796875,-0.3626365661621094,0.9907703399658202,-0.646153106689453,10.324101715087888,2.4135387725830078,0.10250553894042969,-0.158417724609375,-0.016756634155273425,-0.0016454602050781086,-0.0550075045776367,-0.0711406770629883,-0.02253625817871094,0.013577926940917973,
119,332447.69381698,0.183255,0.278489,0.357661,-0.198766,0.14978,0.149977,1.7613000000000003,1.1703500000000004,1.2325000000000002,1.7608,1.4648499999999995,-0.2529500000000004,0.16880321502685547,0.2786674499511719,0.3042268753051758,-0.2687492370605469,0.12798500061035156,0.16269969940185547,1.9824180603027344,1.3230762481689453,1.4285717010498047,2.9340667724609375,1.8131866455078125,-0.5164833068847656,0.1292291259765625,0.01435920715332031,9.031795501708984,2.290531478881836,0.1285979461669922,-0.1285979461669922,-0.014451784973144532,0.00017844995117188844,-0.053434124694824225,-0.06998323706054688,-0.021794999389648434,0.01272269940185547,
120,332447.703817184,0.200567,0.289987,0.36977,-0.181467,0.164178,0.147496,1.6885499999999998,1.120850000000001,1.1804000000000008,1.6864000000000003,1.4042999999999999,-0.24150000000000005,0.18749523162841797,0.2916383743286133,0.3187227249145508,-0.24853134155273438,0.14019203186035156,0.16041088104248047,1.5516490936279297,1.1912078857421875,1.4725265502929688,2.9340667724609375,1.8131866455078125,-0.34066009521484375,0.5600016021728514,-0.6174346923828123,9.117950744628905,2.1265231018066406,0.1845101318359375,-0.1323253173828125,-0.013071768371582027,0.0016513743286132865,-0.051047275085449206,-0.06706434155273439,-0.023985968139648428,0.01291488104248048,
121,332447.713820946,0.217026,0.300906,0.381269,-0.165038,0.177866,0.145147,1.593,1.0567500000000007,1.1128500000000012,1.5898999999999996,1.324850000000001,-0.22719999999999962,0.20275402069091797,0.3015565872192383,0.3305482864379883,-0.23136520385742188,0.15125465393066406,0.15735912322998047,2.1054954528808594,1.1472530364990234,1.287912368774414,3.043956756591797,1.9670333862304688,-0.5824165344238281,0.01435920715332031,-1.3066654205322263,8.687182006835936,1.9699694671630859,0.1285979461669922,-0.10250553894042969,-0.014271979309082028,0.0006505872192382745,-0.05072071356201174,-0.06632720385742188,-0.026611346069335934,0.01221212322998047,
122,332447.723817741,0.232427,0.311122,0.392027,-0.149669,0.190675,0.142952,1.4776499999999997,0.9806499999999996,1.0326499999999987,1.4753499999999988,1.2289000000000008,-0.21110000000000018,0.22068405151367188,0.3141450881958008,0.3454265594482422,-0.21114635467529297,0.16117382049560547,0.15392494201660156,1.463735580444336,1.1384620666503906,1.3142852783203125,2.9780235290527344,1.4395599365234375,-0.4945068359375,-1.048203430175781,-1.5938458251953123,7.883073883056639,1.8059602813720703,0.19569224548339842,-0.06523101806640624,-0.01174294848632812,0.0030230881958007716,-0.04660044055175783,-0.06147735467529297,-0.029501179504394542,0.010972942016601567,
123,332447.733817547,0.246579,0.320519,0.401922,-0.135531,0.202444,0.140925,1.3430500000000012,0.8930500000000008,0.9403999999999996,1.3435499999999996,1.117,-0.19339999999999913,0.23708724975585938,0.3255891799926758,0.3606853485107422,-0.19130992889404297,0.17147350311279297,0.15125465393066406,1.3934059143066406,0.9714279174804688,1.5604400634765625,2.9120864868164062,1.4835166931152344,-0.4285697937011719,-0.8758966827392577,-1.5651274108886717,6.504612426757811,1.6307689819335938,0.2926063232421875,-0.06895838928222656,-0.009491750244140618,0.005070179992675783,-0.041236651489257814,-0.055778928894042956,-0.030970496887207044,0.010329653930664068,
124,332447.743820624,0.259288,0.328983,0.410835,-0.122798,0.213015,0.139084,1.18925,0.7940499999999989,0.8360499999999993,1.1944500000000005,0.9891999999999997,-0.1740499999999992,0.2523460388183594,0.3355073928833008,0.3755626678466797,-0.17223644256591797,0.18101024627685547,0.14820289611816406,1.5516490936279297,0.7164840698242188,1.6835155487060547,2.7582435607910156,1.3956031799316406,-0.4945068359375,-1.2492323303222654,-1.134358673095703,6.217435760498046,1.4928530120849608,0.28887895202636715,-0.05032072448730469,-0.0069419611816406435,0.006524392883300756,-0.03527233215332032,-0.049438442565917964,-0.03200475372314454,0.00911889611816405,
125,332447.753819351,0.270364,0.3364,0.418643,-0.111642,0.222228,0.137444,1.0190000000000003,0.6848999999999994,0.7209500000000008,1.0301000000000005,0.8476499999999998,-0.1530500000000004,0.2653160095214844,0.3435182571411133,0.3892955780029297,-0.15506935119628906,0.18940258026123047,0.14591407775878906,1.1912078857421875,0.8219776153564453,1.1032962799072266,2.4945068359375,1.1978034973144531,-0.34066009521484375,-1.191795501708984,-0.5025647735595702,5.958977508544922,1.3810286407470702,0.3149713592529297,-0.04286598205566406,-0.005047990478515618,0.007118257141113304,-0.0293474219970703,-0.04342735119628906,-0.03282541973876954,0.008470077758789052,
126,332447.763853204,0.279668,0.342681,0.425254,-0.102196,0.229968,0.136023,0.8458999999999994,0.5720000000000003,0.6020999999999999,0.8602500000000006,0.7037500000000002,-0.130050000000001,0.2763786315917969,0.3500041961669922,0.4026470184326172,-0.13752174377441406,0.19703197479248047,0.14286231994628906,1.1032962799072266,0.5758247375488281,1.2263736724853516,2.5384597778320312,1.0879135131835938,-0.4285697937011719,-0.646153106689453,-0.9620519256591795,5.269743041992187,1.1834723052978515,0.3522458801269531,-0.03168386840820312,-0.0032893684082031527,0.007323196166992174,-0.022606981567382833,-0.03532574377441407,-0.03293602520751954,0.0068393199462890575,
127,332447.773820445,0.287282,0.34784,0.430685,-0.094437,0.236303,0.134843,0.6836999999999982,0.46194999999999986,0.48629999999999785,0.6947499999999995,0.5687999999999999,-0.10480000000000073,0.2851533889770508,0.3553447723388672,0.4148550033569336,-0.12111854553222656,0.20237255096435547,0.14095497131347656,0.7868137359619141,0.4879112243652344,0.9538459777832031,2.3846168518066406,1.0219764709472656,-0.3186798095703125,-1.0194887542724609,-0.732308349609375,4.724100646972656,0.9784612274169922,0.3522458801269531,-0.0279556884765625,-0.0021286110229492006,0.007504772338867205,-0.01582999664306639,-0.02668154553222657,-0.033930449035644544,0.006111971313476572,
128,332447.783820234,0.293342,0.35192,0.43498,-0.088301,0.241344,0.133927,0.5351500000000009,0.35600000000000076,0.37485000000000157,0.5355499999999999,0.4450499999999996,-0.07719999999999949,0.2927827835083008,0.3591594696044922,0.4259176254272461,-0.10738563537597656,0.20809459686279297,0.13942909240722656,0.6109886169433594,0.25054931640625,0.9186820983886719,1.9890098571777344,0.8461532592773438,-0.23077011108398438,-1.3066654205322263,-0.5600016021728514,3.632819595336913,0.8517273712158203,0.3746109161376953,-0.024228317260742187,-0.0005592164916992104,0.007239469604492177,-0.009062374572753884,-0.019084635375976558,-0.033249403137207034,0.005502092407226572,
129,332447.793819202,0.297985,0.35496,0.438182,-0.083726,0.245204,0.133299,0.40020000000000056,0.25409999999999877,0.26785000000000003,0.3826500000000003,0.3325499999999995,-0.04725000000000007,0.2965974807739258,0.3603038787841797,0.4335470199584961,-0.09670448303222656,0.21343517303466797,0.13904762268066406,0.4351654052734375,0.10109901428222656,0.997802734375,1.9450531005859375,0.7362632751464844,-0.120880126953125,-0.9620519256591795,-0.21538436889648435,3.805126342773437,0.7361756286621094,0.36342880249023435,-0.03168386840820312,-0.0013875192260742186,0.00534387878417969,-0.004634980041503922,-0.012978483032226568,-0.03176882696533204,0.005748622680664062,
130,332447.803818274,0.301346,0.357002,0.440337,-0.080648,0.247995,0.132982,0.27890000000000137,0.1585000000000003,0.16754999999999964,0.23929999999999993,0.2313499999999996,-0.016850000000000198,0.3011751174926758,0.3610668182373047,0.4419393539428711,-0.08525943756103516,0.21877670288085938,0.13828468322753906,0.3208789825439453,0.03956031799316406,0.628570556640625,1.6593399047851562,0.7802200317382812,-0.09889984130859375,-0.9620519256591795,0.10051445007324217,3.632819595336913,0.6057144012451172,0.30006187438964843,-0.05032072448730469,-0.0001708825073242215,0.0040648182373047015,0.0016023539428711153,-0.004611437561035159,-0.029218297119140618,0.005302683227539073,
131,332447.813817711,0.303563,0.35813,0.441533,-0.07894,0.249831,0.132962,0.17145000000000077,0.08005000000000095,0.08510000000000184,0.12150000000000008,0.1418500000000003,0.004650000000000487,0.3030824661254883,0.3610668182373047,0.4491872787475586,-0.07610416412353516,0.22259140014648438,0.13790321350097656,0.16263771057128906,-0.013187408447265625,0.7252750396728516,1.3076934814453125,0.7142868041992188,-0.120880126953125,-0.9907703399658202,0.1292291259765625,2.9723072814941403,0.5423474731445312,0.25533180236816405,-0.054048095703125,-0.000480533874511746,0.0029368182373046836,0.007654278747558585,0.00283583587646484,-0.027239599853515623,0.004941213500976566,
132,332447.823854782,0.304775,0.358603,0.442039,-0.078218,0.250832,0.133075,0.07799999999999752,0.02969999999999917,0.031749999999999834,0.04534999999999956,0.06445000000000062,0.007949999999999624,0.3042268753051758,0.3610668182373047,0.4545278549194336,-0.06885623931884766,0.22640609741210938,0.13637733459472656,0.07472610473632812,-0.013187408447265625,0.47032928466796875,1.0659332275390625,0.5604400634765625,-0.1868133544921875,-0.5600016021728514,0.2728211975097656,2.713845291137695,0.5162550659179688,0.21060253906249998,-0.03913861083984375,-0.0005481246948242369,0.0024638182373046824,0.012488854919433579,0.00936176068115234,-0.024425902587890624,0.0033023345947265637,
133,332447.83382219,0.305123,0.358724,0.442168,-0.078033,0.25112,0.133121,-0.0014000000000014001,0.009549999999999836,0.009750000000000036,0.014000000000000123,-0.0009000000000009001,-0.008850000000000524,0.3042268753051758,0.3599224090576172,0.4583425521850586,-0.06313419342041016,0.23098373413085938,0.13637733459472656,-0.03076934814453125,-0.127471923828125,0.3120880126953125,0.8021965026855469,0.6043968200683594,0.010990142822265625,-0.4738463592529296,0.7897451782226562,2.914870452880859,0.5125276947021484,0.14723480224609375,-0.04286598205566406,-0.0008961246948241963,0.0011984090576172002,0.01617455218505859,0.014898806579589849,-0.020136265869140635,0.003256334594726573,
134,332447.843822088,0.304747,0.358794,0.442234,-0.077938,0.250814,0.132898,-0.06680000000000019,0.019600000000000173,0.01915000000000111,0.02745000000000039,-0.05415000000000003,-0.04569999999999991,0.3042268753051758,0.3576335906982422,0.4610128402709961,-0.058556556701660156,0.23403549194335938,0.13599586486816406,0.0043964385986328125,-0.3208789825439453,0.20659255981445312,0.7362632751464844,0.40659332275390625,-0.0549468994140625,-0.732308349609375,1.9671777343749997,2.6851268768310543,0.5237098083496093,0.07641313171386718,-0.06523101806640624,-0.0005201246948242089,-0.0011604093017578143,0.018778840270996078,0.019381443298339837,-0.016778508056640606,0.003097864868164074,
135,332447.853820907,0.303787,0.359116,0.442551,-0.077484,0.250037,0.132207,-0.12159999999999949,0.05854999999999888,0.05840000000000012,0.08369999999999975,-0.09804999999999953,-0.10289999999999883,0.3038454055786133,0.3545818328857422,0.4625387191772461,-0.056267738342285156,0.23670578002929688,0.13637733459472656,-0.03956031799316406,-0.2593402862548828,0.11868095397949219,0.2967033386230469,0.40659332275390625,-0.010990142822265625,-0.5025647735595702,2.1394882202148438,3.1158956146240233,0.6131691436767578,0.05032072448730469,-0.10623291015625,5.840557861330753e-05,-0.004534167114257803,0.019987719177246066,0.02121626165771484,-0.013331219970703134,0.004170334594726571,
136,332447.863858592,0.302315,0.359965,0.443402,-0.076264,0.248853,0.13084,-0.18289999999999973,0.11960000000000026,0.12029999999999819,0.17229999999999954,-0.14675000000000105,-0.18200000000000022,0.3034639358520508,0.3522930145263672,0.4633016586303711,-0.054741859436035156,0.23785018920898438,0.13561439514160156,-0.08351707458496094,-0.27692222595214844,0.03956031799316406,0.27472686767578125,0.3186798095703125,-0.09889984130859375,-0.5600016021728514,2.6851268768310543,3.805126342773437,0.7287208862304687,0.0279556884765625,-0.13978005981445313,0.0011489358520507809,-0.007671985473632792,0.019899658630371075,0.021522140563964842,-0.011002810791015616,0.004774395141601551,
137,332447.873818838,0.300129,0.361508,0.444957,-0.074038,0.247102,0.128567,-0.26780000000000137,0.1958500000000002,0.19754999999999912,0.2828999999999998,-0.21434999999999926,-0.28445,0.3019380569458008,0.3503856658935547,0.4633016586303711,-0.052453041076660156,0.24013900756835938,0.13485145568847656,-0.21538543701171875,-0.15384674072265625,0.013187408447265625,0.2967033386230469,0.34066009521484375,-0.20878982543945312,-0.933333511352539,2.914870452880859,4.092310485839843,0.8032699279785156,-0.06895838928222656,-0.16959983825683594,0.0018090569458008021,-0.011122334106445309,0.018344658630371102,0.02158495892333985,-0.006962992431640613,0.006284455688476576,
138,332447.883822799,0.296959,0.363882,0.447353,-0.070606,0.244566,0.125151,-0.3796999999999995,0.2860500000000016,0.2886500000000014,0.41340000000000054,-0.30374999999999985,-0.41049999999999903,0.2985048294067383,0.3496227264404297,0.4633016586303711,-0.051308631896972656,0.24052047729492188,0.13179969787597656,-0.27692222595214844,-0.03956031799316406,0.013187408447265625,0.09889984130859375,-0.010990142822265625,-0.40659332275390625,-1.1056402587890624,2.857437362670898,4.724100646972656,0.9337319641113281,-0.1807827606201172,-0.16214509582519532,0.0015458294067383083,-0.014259273559570296,0.015948658630371093,0.019297368103027346,-0.004045522705078131,0.00664869787597655,
139,332447.893822075,0.292535,0.367229,0.45073,-0.06577,0.241027,0.120357,-0.5185999999999996,0.3901500000000002,0.3936999999999996,0.56375,-0.4149,-0.5601500000000009,0.2954530715942383,0.3500041961669922,0.4633016586303711,-0.050164222717285156,0.23823165893554688,0.12874794006347656,-0.28571510314941406,0.09230804443359375,0.013187408447265625,0.16483688354492188,-0.27472686767578125,-0.4945068359375,-1.3928206634521483,3.1158956146240233,5.729230194091797,1.1089232635498047,-0.1323253173828125,-0.18823750305175782,0.0029180715942382918,-0.01722480383300784,0.012571658630371074,0.015605777282714839,-0.0027953410644531163,0.008390940063476557,
140,332447.903853781,0.286587,0.371685,0.455227,-0.059331,0.236268,0.113948,-0.6811499999999998,0.5062499999999998,0.5108000000000001,0.7313999999999997,-0.5450999999999997,-0.7304500000000005,0.2901124954223633,0.3515300750732422,0.4636831283569336,-0.049019813537597656,0.23403549194335938,0.12378883361816406,-0.6373634338378906,0.3032970428466797,0.048351287841796875,0.16483688354492188,-0.6043968200683594,-0.7362632751464844,-1.1056402587890624,3.4605128479003904,6.131280517578125,1.280387191772461,-0.08386787414550781,-0.20314698791503905,0.0035254954223633006,-0.0201549249267578,0.008456128356933601,0.010311186462402346,-0.002232508056640631,0.009840833618164069,
141,332447.913854487,0.278912,0.377354,0.460946,-0.051142,0.230125,0.105748,-0.8506999999999987,0.6254499999999996,0.6308499999999995,0.9032999999999999,-0.6809499999999996,-0.9062999999999994,0.2840089797973633,0.3553447723388672,0.4644460678100586,-0.046349525451660156,0.23098373413085938,0.11768531799316406,-0.6989002227783203,0.4879112243652344,0.05714225769042969,0.40659332275390625,-0.5384597778320312,-0.9780235290527344,-1.191795501708984,3.5466680908203116,6.619486083984374,1.4406681976318358,-0.09132342529296875,-0.20314698791503905,0.005096979797363288,-0.022009227661132835,0.0035000678100585714,0.004792474548339844,0.0008587341308593788,0.011937317993164068,
142,332447.923823168,0.269573,0.384194,0.467844,-0.041265,0.222649,0.095822,-1.0106000000000004,0.7384499999999988,0.7447499999999996,1.0664,-0.8089999999999999,-1.0727,0.2763786315917969,0.3610668182373047,0.4652090072631836,-0.042153358459472656,0.22449874877929688,0.10967445373535156,-0.75164794921875,0.5494499206542969,0.14505577087402344,0.5384597778320312,-0.868133544921875,-1.1538467407226562,-2.254358139038086,3.173332443237304,7.193846893310546,1.5450370178222657,-0.12114320373535156,-0.19569224548339842,0.006805631591796868,-0.023127181762695292,-0.0026349927368163883,-0.0008883584594726532,0.0018497487792968614,0.013852453735351558,
143,332447.933820086,0.2587,0.392123,0.475841,-0.029814,0.213945,0.084294,-1.1574,0.8434999999999998,0.85065,1.2181,-0.926550000000001,-1.22665,0.2676048278808594,0.3694591522216797,0.4671163558959961,-0.038720130920410156,0.21610546112060547,0.09937477111816406,-0.9010982513427734,0.8571434020996094,0.1890106201171875,0.5824165344238281,-1.1978034973144531,-1.4835166931152344,-1.9671777343749997,2.5415385437011713,8.141539611816405,1.750048095703125,-0.07641313171386718,-0.1807827606201172,0.00890482788085939,-0.022663847778320312,-0.00872464410400392,-0.008906130920410156,0.0021604611206054725,0.015080771118164069,
144,332447.943817906,0.246425,0.401064,0.484857,-0.016903,0.204118,0.071289,-1.2911499999999991,0.9406999999999999,0.948549999999998,1.35835,-1.0336499999999997,-1.3681499999999995,0.2588310241699219,0.3770885467529297,0.469024658203125,-0.033761024475097656,0.20885753631591797,0.09060001373291016,-0.9450550079345703,1.2000007629394531,0.22417640686035156,0.868133544921875,-1.3296699523925781,-1.6593399047851562,-1.7087194824218748,1.5364089965820311,8.543589935302734,1.8395074310302735,-0.03168386840820312,-0.16959983825683594,0.01240602416992187,-0.02397545324707029,-0.015832341796874982,-0.016858024475097655,0.004739536315917975,0.01931101373291015,
145,332447.953817991,0.232877,0.410937,0.494812,-0.002647,0.193272,0.056931,-1.4110999999999998,1.029150000000001,1.0377000000000025,1.4861,-1.12965,-1.4961500000000003,0.24624252319335938,0.3889141082763672,0.47283935546875,-0.02841949462890625,0.20046520233154297,0.07801151275634766,-1.1824169158935547,1.0945053100585938,0.3648357391357422,0.7802200317382812,-1.5494499206542969,-1.7912101745605469,-2.196921310424804,2.3979502105712887,8.94564025878906,2.0221534729003907,-0.01304620361328125,-0.16214509582519532,0.013365523193359374,-0.02202289172363281,-0.021972644531249974,-0.02577249462890625,0.007193202331542969,0.021080512756347654,
146,332447.963822772,0.218203,0.421647,0.505611,0.012819,0.181525,0.041366,-1.5131500000000007,1.105049999999999,1.1142500000000026,1.5957999999999999,-1.21135,-1.60565,0.23289108276367188,0.4018840789794922,0.4774169921875,-0.01964569091796875,0.18711376190185547,0.06542301177978516,-1.1120872497558594,1.3494510650634766,0.5670337677001953,1.2857131958007812,-1.6813201904296875,-1.879119873046875,-2.2830765533447264,1.5364089965820311,9.261535339355467,2.141432586669922,0.054048095703125,-0.17332720947265626,0.014688082763671867,-0.019762921020507807,-0.028194007812500033,-0.03246469091796875,0.005588761901855477,0.024057011779785156,
147,332447.973822142,0.202614,0.433038,0.517097,0.029269,0.169045,0.024818,-1.5933000000000002,1.1645500000000002,1.1743499999999962,1.6818,-1.2755000000000003,-1.6915499999999999,0.21763134002685547,0.4156179428100586,0.4831390380859375,-0.01049041748046875,0.17757701873779297,0.050927162170410156,-1.463735580444336,1.4197807312011719,0.6637363433837891,1.3076934814453125,-1.6593399047851562,-2.164836883544922,-1.8810262298583982,1.1056402587890624,10.094361877441404,2.1898900299072266,0.09132342529296875,-0.16214509582519532,0.01501734002685548,-0.017420057189941385,-0.03395796191406253,-0.03975941748046875,0.008532018737792968,0.026109162170410156,
148,332447.983818352,0.186337,0.444938,0.529098,0.046455,0.156015,0.007535,-1.6507499999999995,1.206950000000001,1.217199999999996,1.7430500000000002,-1.3214000000000004,-1.7529,0.20160961151123047,0.4308767318725586,0.4900054931640625,0.00057220458984375,0.16384410858154297,0.034905433654785156,-1.6043949127197266,1.621978759765625,0.8307685852050781,1.6153831481933594,-1.74725341796875,-2.296703338623047,-1.7087194824218748,0.1866659545898437,9.807177734374998,2.2718946228027344,0.06523101806640624,-0.1546903533935547,0.015272611511230466,-0.014061268127441406,-0.03909250683593746,-0.04588279541015625,0.007829108581542982,0.027370433654785156,
149,332447.993853666,0.169599,0.457177,0.541441,0.06413,0.142617,-0.01024,-1.6854499999999994,1.2322499999999985,1.242850000000001,1.7795499999999995,-1.349199999999999,-1.7896999999999998,0.18520641326904297,0.4468984603881836,0.498779296875,0.01239776611328125,0.15125465393066406,0.01964569091796875,-1.5252742767333984,1.586812973022461,0.9890117645263672,1.6813201904296875,-1.8351631164550781,-2.296703338623047,-1.6225642395019528,0.1579475402832031,10.668715209960936,2.3278068084716796,0.07641313171386718,-0.14350743103027344,0.015607413269042969,-0.010278539611816406,-0.04266170312499995,-0.051732233886718756,0.008637653930664069,0.02988569091796875,
150,332448.003817662,0.152628,0.469583,0.553955,0.082046,0.129031,-0.028259,-1.6973500000000001,1.2404500000000012,1.251350000000001,1.7913499999999998,-1.3587999999999996,-1.8019,0.16804027557373047,0.4629201889038086,0.508697509765625,0.02613067626953125,0.14019203186035156,0.00286102294921875,-1.9560432434082031,1.6043949127197266,1.2703304290771484,1.9890098571777344,-1.6153831481933594,-2.4945068359375,-1.2492323303222654,-0.3015396118164062,10.008206634521482,2.365081329345703,0.046593353271484374,-0.14350743103027344,0.015412275573730455,-0.006662811096191379,-0.045257490234374975,-0.055915323730468744,0.011161031860351556,0.03112002294921875,
151,332448.013857989,0.135652,0.481986,0.566468,0.099957,0.115441,-0.046278,-1.6862000000000008,1.2317500000000008,1.2427000000000021,1.7788000000000004,-1.3498500000000002,-1.7895999999999999,0.14934730529785156,0.4793243408203125,0.5201416015625,0.039864540100097656,0.12836647033691406,-0.01392364501953125,-2.2549448013305664,1.4725265502929688,0.9098892211914062,2.0329666137695312,-1.7032966613769531,-2.428569793701172,-0.9907703399658202,-0.732308349609375,9.462564239501951,2.361353958129883,0.009318832397460937,-0.14723480224609375,0.013695305297851568,-0.0026616591796875255,-0.04632639843749997,-0.06009245989990235,0.01292547033691406,0.03235435498046875,
152,332448.023855435,0.118904,0.494218,0.578809,0.117622,0.102034,-0.064051,-1.6516499999999996,1.2063500000000005,1.21695,1.7421499999999999,-1.3221500000000004,-1.7528000000000001,0.13599586486816406,0.49267578125,0.5289154052734375,0.052071571350097656,0.11882972717285156,-0.02651214599609375,-1.586812973022461,1.5956039428710938,0.9890117645263672,2.208789825439453,-1.7252731323242188,-2.3406600952148438,-0.5887162780761718,-1.7087194824218748,9.606156311035155,2.3576265869140625,-0.009318832397460937,-0.1546903533935547,0.017091864868164067,-0.0015422187499999906,-0.04989359472656252,-0.06555042864990235,0.016795727172851563,0.03753885400390625,
153,332448.033853747,0.102619,0.506113,0.590807,0.1348,0.088998,-0.081334,-1.5935499999999998,1.16435,1.174249999999999,1.6815499999999997,-1.2756999999999998,-1.6915,0.11844825744628906,0.5090789794921875,0.5411233901977539,0.06847476959228516,0.10776710510253906,-0.043679237365722656,-1.964834213256836,1.586812973022461,1.1384620666503906,2.3186798095703125,-1.6373634338378906,-2.4945068359375,-0.7897451782226562,-2.48410171508789,9.232816925048827,2.268167251586914,-0.046593353271484374,-0.14350743103027344,0.01582925744628906,0.002965979492187465,-0.049683609802246065,-0.06632523040771485,0.01876910510253907,0.03765476263427735,
154,332448.043776914,0.087033,0.517505,0.602294,0.151253,0.07652,-0.097881,-1.512,1.1057999999999957,1.114599999999999,1.5969499999999996,-1.2103999999999997,-1.6057499999999996,0.10128211975097656,0.5251007080078125,0.5537118911743164,0.08449649810791016,0.09556007385253906,-0.059700965881347656,-1.6395606994628906,1.4725265502929688,1.1120872497558594,2.3846168518066406,-1.7692298889160156,-2.3846168518066406,-0.3015396118164062,-2.6564084625244138,8.94564025878906,2.2010721435546876,-0.04286598205566406,-0.13605268859863281,0.014249119750976563,0.007595708007812507,-0.04858210882568359,-0.06675650189208984,0.019040073852539058,0.03818003411865234,
155,332448.053819085,0.072379,0.528229,0.613099,0.166739,0.06479,-0.113449,-1.4080499999999998,1.0311999999999988,1.0385499999999992,1.4891500000000002,-1.1271000000000002,-1.4965000000000006,0.08525943756103516,0.5403604507446289,0.5663003921508789,0.10166358947753906,0.08564090728759766,-0.07495975494384766,-1.4549446105957031,1.5956039428710938,1.0945053100585938,2.4725265502929688,-1.4615402221679688,-2.2747268676757812,-0.3589727020263671,-3.0871809387207025,9.433845825195311,2.089248580932617,-0.07268576049804687,-0.12114320373535156,0.012880437561035157,0.012131450744628958,-0.04679860784912104,-0.06507541052246094,0.020850907287597656,0.03848924505615234,
156,332448.063854408,0.058872,0.538129,0.623065,0.181036,0.053978,-0.127811,-1.287,0.9435000000000027,0.9497000000000033,1.36255,-1.0301999999999998,-1.3686500000000004,0.06923770904541016,0.5537118911743164,0.5788888931274414,0.11844825744628906,0.07534122467041016,-0.09021854400634766,-1.5604400634765625,1.1824169158935547,1.0769233703613281,2.4725265502929688,-1.4395599365234375,-2.208789825439453,0.24410278320312498,-2.6851268768310543,8.91692184448242,1.9736968383789062,-0.09132342529296875,-0.12487057495117188,0.010365709045410156,0.015582891174316438,-0.044176106872558574,-0.06258774255371094,0.021363224670410158,0.03759245599365235,
157,332448.073817746,0.046639,0.547099,0.632093,0.19399,0.044186,-0.140822,-1.1541,0.8458000000000021,0.8515500000000009,1.2214000000000003,-0.92385,-1.2270499999999989,0.055123329162597656,0.5651559829711914,0.5907144546508789,0.13599586486816406,0.06771183013916016,-0.10433387756347656,-1.2703304290771484,1.0593414306640625,0.9890117645263672,2.5164833068847656,-1.1758232116699219,-2.076923370361328,0.3876911163330078,-3.0871809387207025,7.825644531249999,1.8059602813720703,-0.18823750305175782,-0.10250553894042969,0.008484329162597656,0.018056982971191404,-0.04137854534912111,-0.05799413513183593,0.023525830139160153,0.03648812243652344,
158,332448.08380319,0.03579,0.555045,0.640096,0.205464,0.035501,-0.152352,-1.0104,0.7385499999999989,0.7447499999999996,1.0665500000000008,-0.8088500000000002,-1.0727,0.042916297912597656,0.5743112564086914,0.6025409698486328,0.15163612365722656,0.060463905334472656,-0.11654090881347656,-1.1560440063476562,0.8395595550537109,1.0945053100585938,2.2747268676757812,-1.3296699523925781,-1.7692298889160156,0.24410278320312498,-2.914870452880859,7.3374389648437495,1.6605887603759766,-0.1919648742675781,-0.09877816772460937,0.007126297912597654,0.019266256408691396,-0.037555030151367186,-0.053827876342773445,0.02496290533447266,0.035811091186523425,
159,332448.093819098,0.026431,0.56187,0.646988,0.215321,0.028009,-0.162276,-0.85605,0.6218000000000001,0.6293500000000007,0.8980000000000001,-0.6853499999999998,-0.905700000000001,0.031853675842285156,0.5823221206665039,0.6132221221923828,0.16613292694091797,0.052834510803222656,-0.12798500061035156,-1.1912078857421875,0.6637363433837891,0.8659343719482422,2.120880126953125,-1.1538467407226562,-1.7692298889160156,0.10051445007324217,-3.3456391906738276,6.6482044982910145,1.5711294250488281,-0.16214509582519532,-0.10250553894042969,0.005422675842285157,0.020452120666503926,-0.033765877807617195,-0.049188073059082044,0.024825510803222657,0.03429099938964844,
160,332448.103821961,0.018669,0.567481,0.652683,0.223424,0.021794,-0.170466,-0.6933499999999999,0.4980499999999999,0.5074000000000023,0.7192499999999991,-0.55525,-0.7290000000000004,0.02460479736328125,0.5872812271118164,0.6212329864501953,0.17757701873779297,0.045968055725097656,-0.13637733459472656,-0.8395595550537109,0.5582408905029297,1.0945053100585938,2.120880126953125,-1.0,-1.5274734497070312,0.7610267639160155,-3.0584625244140624,6.159998931884765,1.4555776824951172,-0.158417724609375,-0.09505079650878906,0.0059357973632812484,0.019800227111816393,-0.0314500135498047,-0.04584698126220704,0.024174055725097655,0.034088665405273444,
161,332448.113771415,0.012564,0.571831,0.657136,0.229706,0.016904,-0.176856,-0.5346000000000001,0.3792999999999991,0.38920000000000066,0.5477499999999996,-0.4282,-0.558249999999999,0.01773834228515625,0.5914773941040039,0.6303882598876953,0.18940258026123047,0.040246009826660156,-0.14515113830566406,-0.7076930999755859,0.3560447692871094,0.9802188873291016,1.74725341796875,-0.8241767883300781,-1.3296699523925781,0.445127944946289,-2.6276937866210934,6.332309417724608,1.3735738983154298,-0.17705458068847657,-0.09132342529296875,0.0051743422851562495,0.019646394104003928,-0.02674774011230474,-0.040303419738769525,0.023342009826660157,0.03170486169433595,
162,332448.12382036,0.007977,0.575067,0.660467,0.234379,0.01323,-0.181631,-0.39199999999999996,0.27770000000000294,0.28519999999999657,0.40099999999999997,-0.31399999999999995,-0.4090499999999997,0.01163482666015625,0.5945301055908203,0.6387805938720703,0.20084667205810547,0.036812782287597656,-0.15239906311035156,-0.4351654052734375,0.21538543701171875,0.6373634338378906,1.6373634338378906,-0.6703300476074219,-1.0439567565917969,0.5600016021728514,-2.426664886474609,6.0738436889648435,1.2692042694091796,-0.20687435913085936,-0.09877816772460937,0.0036578266601562503,0.019463105590820318,-0.021686406127929714,-0.033532327941894535,0.023582782287597658,0.029231936889648424,
163,332448.133818364,0.004724,0.577385,0.66284,0.237726,0.010624,-0.185037,-0.26804999999999995,0.19569999999999865,0.19750000000000045,0.2825999999999995,-0.21460000000000004,-0.2844000000000013,0.00743865966796875,0.5960559844970703,0.6460285186767578,0.21038341522216797,0.033761024475097656,-0.15850353240966797,-0.3912086486816406,0.0659332275390625,0.8131866455078125,1.3956031799316406,-0.4505500793457031,-0.8901100158691406,0.3015396118164062,-1.8523078155517574,5.355898284912109,1.1685628204345704,-0.2590591735839844,-0.09877816772460937,0.00271465966796875,0.018670984497070275,-0.016811481323242172,-0.027342584777832024,0.023137024475097655,0.02653346759033204,
164,332448.143821954,0.002616,0.578981,0.664417,0.240031,0.008938,-0.187319,-0.16275,0.1332999999999973,0.12599999999999834,0.192500000000001,-0.12995000000000004,-0.18439999999999984,0.00438690185546875,0.5956745147705078,0.6517505645751953,0.21877670288085938,0.02956390380859375,-0.16384410858154297,-0.20659255981445312,-0.048351287841796875,0.5846157073974609,1.2197799682617188,-0.47252655029296875,-0.8021965026855469,0.3876911163330078,-1.5651274108886717,4.9825663757324214,1.1051958923339844,-0.25533180236816405,-0.09505079650878906,0.0017709018554687502,0.016693514770507845,-0.012666435424804723,-0.02125429711914062,0.02062590380859375,0.023474891418457045,
165,332448.15385149,0.001469,0.580051,0.66536,0.241576,0.008025,-0.188725,-0.07815,0.08810000000000207,0.07059999999999844,0.12715000000000087,-0.06184999999999997,-0.10809999999999986,0.00286102294921875,0.5949115753173828,0.6570920944213867,0.22602462768554688,0.02689361572265625,-0.16804027557373047,-0.15384674072265625,-0.1978015899658203,0.41758155822753906,1.0439567565917969,-0.34066009521484375,-0.6483497619628906,0.933333511352539,-2.0533329772949216,4.9825663757324214,1.0194639282226563,-0.24787705993652343,-0.08386787414550781,0.00139202294921875,0.01486057531738283,-0.008267905578613233,-0.015551372314453138,0.018868615722656253,0.020684724426269535,
166,332448.163851698,0.001053,0.580743,0.665829,0.242574,0.007701,-0.189481,-0.02495,0.04804999999999948,0.03090000000000037,0.06934999999999997,-0.01929999999999996,-0.05064999999999931,0.00095367431640625,0.5926218032836914,0.6616697311401367,0.23212814331054688,0.02460479736328125,-0.17223644256591797,-0.1802196502685547,-0.3032970428466797,0.3648357391357422,0.8241767883300781,-0.3846168518066406,-0.6043968200683594,0.9046150970458983,-0.646153106689453,4.264613494873046,0.9710064849853516,-0.2441496887207031,-0.07268576049804687,-9.93256835937499e-05,0.011878803283691397,-0.004159268859863285,-0.010445856689453137,0.01690379736328125,0.017244557434082042,
167,332448.173817428,0.00097,0.581012,0.665978,0.242963,0.007639,-0.189738,-0.013699999999999997,0.0010999999999983245,0.0064000000000008495,0.0016999999999989246,-0.011200000000000012,-0.007349999999999024,0.00019073486328125,0.5899515151977539,0.6643400192260742,0.23594284057617188,0.02307891845703125,-0.17414379119873047,-0.05714225769042969,-0.3208789825439453,0.3560447692871094,0.7582435607910156,-0.40659332275390625,-0.3626365661621094,0.1579475402832031,-0.07179603576660155,4.40820556640625,0.9001848144531249,-0.2180572814941406,-0.07641313171386718,-0.00077926513671875,0.008939515197753933,-0.0016379807739257402,-0.007020159423828137,0.01543991845703125,0.015594208801269521,
168,332448.183818739,0.000779,0.580765,0.665957,0.242608,0.007477,-0.189628,-0.0466,-0.054999999999999494,-0.003049999999998887,-0.0792000000000001,-0.03925000000000001,0.02274999999999916,-0.00019073486328125,0.5861368179321289,0.6666288375854492,0.23937606811523438,0.01850128173828125,-0.17566967010498047,-0.07472610473632812,-0.40879058837890625,0.27692222595214844,0.4505500793457031,-0.6043968200683594,-0.25274658203125,-0.4738463592529296,0.1579475402832031,4.465642395019531,0.8815471496582031,-0.10250553894042969,-0.10250553894042969,-0.00096973486328125,0.0053718179321289306,0.0006718375854491976,-0.0032319318847656153,0.011024281738281249,0.013958329895019522,
169,332448.193859606,3.8e-05,0.579912,0.665917,0.241379,0.006854,-0.189283,-0.12355000000000001,-0.12030000000000096,0.0025500000000011624,-0.1733499999999999,-0.10354999999999999,0.03964999999999941,-0.00057220458984375,0.5823221206665039,0.6689176559448242,0.24166488647460938,0.01544952392578125,-0.17757701873779297,-0.03956031799316406,-0.4439563751220703,0.15384674072265625,0.2967033386230469,-0.4505500793457031,-0.27472686767578125,-0.5312831878662109,-0.01435920715332031,5.068721618652343,0.8405452575683594,-0.08386787414550781,-0.09505079650878906,-0.0006102045898437501,0.002410120666503923,0.0030006559448242376,0.0002858864746093648,0.008595523925781251,0.011705981262207038,
170,332448.203854148,-0.001692,0.578359,0.666008,0.239141,0.005406,-0.188835,-0.24145,-0.1949499999999993,0.021900000000002473,-0.2809000000000006,-0.20154999999999998,0.044850000000000445,-0.00133514404296875,0.5781259536743164,0.6700620651245117,0.24204635620117188,0.01163482666015625,-0.17872142791748047,-0.14505577087402344,-0.373626708984375,0.09230804443359375,0.0549468994140625,-0.5384597778320312,-0.20878982543945312,-1.134358673095703,0.445127944946289,4.724100646972656,0.8107254791259766,-0.09132342529296875,-0.08386787414550781,0.00035685595703124993,-0.00023304632568355022,0.004054065124511674,0.0029053562011718825,0.00622882666015625,0.010113572082519534,
171,332448.213817408,-0.004791,0.576013,0.666355,0.235761,0.002823,-0.188386,-0.38484999999999997,-0.2790999999999988,0.048199999999998244,-0.40204999999999963,-0.32055,0.04580000000000001,-0.00247955322265625,0.5731668472290039,0.6712064743041992,0.24166488647460938,0.00782012939453125,-0.17986583709716797,-0.14505577087402344,-0.6109886169433594,0.09230804443359375,-0.09889984130859375,-0.5604400634765625,-0.14285659790039062,-1.5938458251953123,0.6174346923828123,4.810255889892577,0.7734501495361328,-0.09132342529296875,-0.08386787414550781,0.00231144677734375,-0.002846152770996091,0.004851474304199188,0.005903886474609377,0.00499712939453125,0.00852016290283203,
172,332448.223855726,-0.009389,0.572777,0.666972,0.2311,-0.001005,-0.187919,-0.53815,-0.37294999999999967,0.07464999999999833,-0.5373000000000002,-0.44784999999999997,0.050000000000000044,-0.00400543212890625,0.5666818618774414,0.6715879440307617,0.23975753784179688,0.00095367431640625,-0.17986583709716797,-0.20659255981445312,-0.6461544036865234,0.03076934814453125,-0.23077011108398438,-1.1098899841308594,-0.03296661376953125,-2.196921310424804,0.9907703399658202,4.781537475585937,0.7287208862304687,-0.03168386840820312,-0.09132342529296875,0.00538356787109375,-0.006095138122558574,0.0046159440307617094,0.008657537841796875,0.00195867431640625,0.008053162902832034,
173,332448.233819485,-0.015554,0.568554,0.667848,0.225015,-0.006134,-0.187386,-0.6981999999999999,-0.47659999999999925,0.09994999999999865,-0.6866499999999998,-0.5809,0.05895000000000067,-0.00782012939453125,0.5601968765258789,0.6715879440307617,0.23670578002929688,-0.00820159912109375,-0.18062877655029297,-0.47912025451660156,-0.6549453735351562,0.013187408447265625,-0.5164833068847656,-1.2857131958007812,-0.09889984130859375,-1.823589401245117,0.933333511352539,4.95384796142578,0.6690813293457031,0.14350743103027344,-0.0801405029296875,0.00773387060546875,-0.008357123474121098,0.0037399440307617215,0.011690780029296882,-0.0020675991210937503,0.006757223449707028,
174,332448.243820271,-0.023353,0.563245,0.668971,0.217367,-0.012623,-0.18674,-0.8650500000000002,-0.590099999999999,0.12404999999999777,-0.8500499999999994,-0.7197499999999999,0.07265000000000049,-0.01354217529296875,0.5540933609008789,0.6715879440307617,0.23136520385742188,-0.01506805419921875,-0.18177318572998047,-0.5934066772460938,-0.6109886169433594,0.0043964385986328125,-0.7582435607910156,-1.0219764709472656,-0.1868133544921875,-2.196921310424804,0.5887162780761718,5.126150970458983,0.6616265869140625,0.13605268859863281,-0.046593353271484374,0.009810824707031249,-0.00915163909912109,0.0026169440307617364,0.01399820385742187,-0.0024450541992187495,0.004966814270019521,
175,332448.253804846,-0.032855,0.556752,0.670329,0.208014,-0.020529,-0.185933,-1.03665,-0.7113499999999995,0.14684999999999837,-1.0247500000000007,-0.8625999999999998,0.09049999999999891,-0.01926422119140625,0.5491342544555664,0.6715879440307617,0.22564315795898438,-0.02117156982421875,-0.18177318572998047,-0.628570556640625,-0.628570556640625,0.03956031799316406,-1.0879135131835938,-1.1538467407226562,-0.03296661376953125,-2.5415385437011713,0.3015396118164062,5.470771942138671,0.6541710357666015,0.10250553894042969,-0.035411239624023434,0.013590778808593752,-0.007617745544433618,0.001258944030761766,0.01762915795898437,-0.0006425698242187514,0.004159814270019518,
176,332448.263818127,-0.044086,0.549018,0.671908,0.196872,-0.029875,-0.18493,-1.2024999999999997,-0.8304499999999992,0.16810000000000436,-1.1963500000000002,-1.0007000000000001,0.10929999999999968,-0.02803802490234375,0.5422677993774414,0.6719694137573242,0.21610546112060547,-0.03032684326171875,-0.18177318572998047,-0.7780227661132812,-0.6637363433837891,-0.0043964385986328125,-1.373626708984375,-1.373626708984375,0.010990142822265625,-2.5415385437011713,0.07179603576660155,5.729230194091797,0.7063558502197266,0.09877816772460937,-0.035411239624023434,0.01604797509765625,-0.0067502006225586,6.141375732426901e-05,0.019233461120605477,-0.0004518432617187512,0.0031568142700195423,
177,332448.273822418,-0.056905,0.540143,0.673691,0.184087,-0.040543,-0.183747,-1.3521499999999997,-0.9375499999999981,0.18750000000000155,-1.350599999999999,-1.1253,0.12595000000000106,-0.040246009826660156,0.5357828140258789,0.6719694137573242,0.20466136932373047,-0.039101600646972656,-0.18177318572998047,-1.164834976196289,-0.6461544036865234,0.021978378295898438,-1.7252731323242188,-1.2637367248535156,-0.010990142822265625,-2.3405133819580075,-0.10051445007324217,5.757948608398437,0.7809057006835938,0.08386787414550781,-0.0279556884765625,0.01665899017333984,-0.0043601859741211335,-0.001721586242675821,0.020574369323730468,0.0014413993530273464,0.001973814270019525,
178,332448.283817111,-0.071129,0.530267,0.675658,0.16986,-0.052381,-0.182411,-1.4835,-1.0306499999999996,0.20489999999999675,-1.4847,-1.2347,0.13979999999999965,-0.053597450256347656,0.5281524658203125,0.6719694137573242,0.19092845916748047,-0.049782752990722656,-0.18139171600341797,-1.1208782196044922,-0.6637363433837891,-0.0043964385986328125,-2.0329666137695312,-1.6153831481933594,0.03296661376953125,-2.168206634521484,-0.1579475402832031,5.8728222656249995,0.8815471496582031,0.06150364685058594,-0.009318832397460937,0.01753154974365234,-0.002114534179687544,-0.003688586242675762,0.021068459167480458,0.0025982470092773408,0.001019283996582021,
179,332448.293819285,-0.086575,0.51953,0.677789,0.154393,-0.065237,-0.180951,-1.5966500000000001,-1.1097000000000024,0.22030000000000105,-1.59855,-1.3289000000000002,0.15079999999999955,-0.06923770904541016,0.5205230712890625,0.6719694137573242,0.17566967010498047,-0.060845375061035156,-0.18101024627685547,-1.6571426391601562,-0.8395595550537109,-0.0043964385986328125,-2.2307701110839844,-1.6153831481933594,0.07692337036132812,-1.8523078155517574,-0.5887162780761718,6.475894012451171,0.9411867065429688,0.07268576049804687,0.0018640899658203124,0.017337290954589843,0.0009930712890624527,-0.005819586242675756,0.021276670104980466,0.004391624938964847,-5.9246276855468016e-05,
180,332448.30382275,-0.103062,0.508073,0.680064,0.137889,-0.078959,-0.179395,-1.6911000000000003,-1.1745000000000032,0.2336500000000019,-1.6919500000000003,-1.4074499999999996,0.15909999999999952,-0.08678531646728516,0.5113677978515625,0.6719694137573242,0.15888500213623047,-0.06961917877197266,-0.18101024627685547,-1.8857135772705078,-0.9626369476318359,0.0043964385986328125,-2.4725265502929688,-1.5494499206542969,-0.03296661376953125,-1.048203430175781,-0.8758966827392577,6.188717346191405,1.030646041870117,0.03168386840820312,0.01677357482910156,0.016276683532714845,0.003294797851562503,-0.008094586242675783,0.020996002136230457,0.009339821228027345,-0.0016152462768554698,
181,332448.313853063,-0.120397,0.49604,0.682462,0.120554,-0.093386,-0.177769,-1.7644,-1.224249999999999,0.2442999999999973,-1.7636500000000006,-1.4684499999999996,0.16504999999999992,-0.10433387756347656,0.5014495849609375,0.6719694137573242,0.14019203186035156,-0.08258914947509766,-0.18062877655029297,-1.5956039428710938,-1.0505485534667969,0.013187408447265625,-2.7582435607910156,-1.6593399047851562,0.03296661376953125,-2.1107698059082027,-0.1866659545898437,6.504612426757811,1.16483544921875,-0.0279556884765625,0.04286598205566406,0.01606312243652344,0.005409584960937519,-0.010492586242675794,0.019638031860351568,0.01079685052490234,-0.0028597765502929584,
182,332448.323819664,-0.13835,0.483588,0.68495,0.102616,-0.108328,-0.176094,-1.8143499999999992,-1.2580499999999994,0.2516000000000018,-1.81225,-1.5100000000000002,0.1690000000000011,-0.12378883361816406,0.49114990234375,0.6719694137573242,0.12111854553222656,-0.09556007385253906,-0.17986583709716797,-1.964834213256836,-0.9538459777832031,0.0043964385986328125,-2.7142868041992188,-1.7912101745605469,0.14285659790039062,-0.732308349609375,-0.646153106689453,6.791796569824218,1.2431118621826172,-0.06895838928222656,0.04286598205566406,0.014561166381835938,0.007561902343749982,-0.012980586242675729,0.018502545532226564,0.012767926147460931,-0.0037718370971679682,
183,332448.333821986,-0.156684,0.470879,0.687494,0.084309,-0.123586,-0.174389,-1.8405000000000005,-1.2756000000000016,0.2554500000000015,-1.8375499999999996,-1.5317000000000003,0.17100000000000032,-0.13942909240722656,0.4835205078125,0.6719694137573242,0.10585975646972656,-0.10471534729003906,-0.17795848846435547,-1.6483516693115234,-0.9450550079345703,-0.03076934814453125,-2.7802200317382812,-1.74725341796875,0.23077011108398438,-0.7897451782226562,-1.2779470062255858,7.251283721923826,1.280387191772461,-0.1285979461669922,0.03168386840820312,0.017254907592773427,0.012641507812500008,-0.01552458624267583,0.021550756469726567,0.01887065270996094,-0.0035694884643554803,
184,332448.34381758,-0.17516,0.458076,0.690059,0.065865,-0.138962,-0.172674,-1.8427499999999999,-1.2770000000000004,0.2557999999999949,-1.8396,-1.5336000000000003,0.17104999999999898,-0.16002941131591797,0.473602294921875,0.6719694137573242,0.08564090728759766,-0.11692237854003906,-0.17643260955810547,-2.2197799682617188,-0.8923072814941406,-0.021978378295898438,-3.0219764709472656,-1.7692298889160156,0.20878982543945312,0.7610267639160155,-1.4502574920654296,7.423586730957029,1.3922107543945312,-0.19569224548339842,0.01677357482910156,0.015130588684082041,0.015526294921875017,-0.01808958624267576,0.01977590728759765,0.02203962145996094,-0.0037586095581054746,
185,332448.353853414,-0.193539,0.445339,0.69261,0.047517,-0.154258,-0.170968,-1.8202999999999996,-1.2616500000000002,0.2526000000000028,-1.8174500000000002,-1.5149499999999996,0.1690999999999998,-0.17986583709716797,0.4640645980834961,0.6719694137573242,0.06542301177978516,-0.12951087951660156,-0.17490673065185547,-1.9208793640136719,-1.0945053100585938,0.0043964385986328125,-2.9120864868164062,-1.879119873046875,0.23077011108398438,-0.8184598541259764,-0.9620519256591795,7.567178802490233,1.5003077545166015,-0.23669413757324217,0.01304620361328125,0.01367316290283202,0.01872559808349611,-0.02064058624267573,0.01790601177978516,0.024747120483398444,-0.00393873065185546,
186,332448.363818934,-0.211566,0.432843,0.695111,0.029516,-0.169261,-0.169292,-1.7690500000000011,-1.2263499999999983,0.24540000000000117,-1.7666499999999998,-1.4723,0.1645500000000008,-0.19970226287841797,0.4537649154663086,0.6719694137573242,0.045968055725097656,-0.14324378967285156,-0.17338085174560547,-2.2813186645507812,-0.9538459777832031,-0.021978378295898438,-2.868133544921875,-1.9670333862304688,0.20878982543945312,-0.01435920715332031,-1.3066654205322263,7.567178802490233,1.5338549041748046,-0.1845101318359375,0.009318832397460937,0.011863737121582035,0.020921915466308616,-0.023141586242675816,0.016452055725097656,0.026017210327148432,-0.004088851745605471,
187,332448.373821892,-0.22892,0.420812,0.697518,0.012184,-0.183704,-0.167677,-1.6847500000000002,-1.1681499999999982,0.23360000000000047,-1.6827500000000002,-1.4021500000000007,0.1569000000000001,-0.21839427947998047,0.4430837631225586,0.6719694137573242,0.02651214599609375,-0.15506935119628906,-0.17223644256591797,-2.0879125595092773,-1.1208782196044922,-0.013187408447265625,-2.8461532592773438,-1.7912101745605469,0.120880126953125,-0.33025802612304683,-1.3928206634521483,7.883073883056639,1.6158594970703124,-0.22551202392578124,0.020500946044921874,0.010525720520019544,0.022271763122558574,-0.025548586242675753,0.01432814599609375,0.028634648803710944,-0.004559442565917976,
188,332448.38381907,-0.245261,0.40948,0.699783,-0.004139,-0.197304,-0.166154,-1.5664999999999984,-1.0863000000000012,0.2171499999999993,-1.5648500000000003,-1.3036999999999992,0.1460000000000003,-0.23670578002929688,0.4320211410522461,0.6719694137573242,0.00820159912109375,-0.16613292694091797,-0.17071056365966797,-1.7274723052978516,-1.2791213989257812,0.013187408447265625,-2.6483497619628906,-1.5934066772460938,0.23077011108398438,0.646153106689453,-0.8471782684326171,8.198976440429687,1.686681167602539,-0.2926063232421875,0.024228317260742187,0.008555219970703132,0.022541141052246083,-0.027813586242675825,0.01234059912109375,0.03117107305908204,-0.004556563659667973,
189,332448.393818194,-0.26025,0.399086,0.701861,-0.019113,-0.209778,-0.164757,-1.4143500000000002,-0.9808499999999998,0.19604999999999762,-1.4129999999999998,-1.177099999999999,0.13185000000000002,-0.2531089782714844,0.4217214584350586,0.6723508834838867,-0.00782012939453125,-0.17719554901123047,-0.16956615447998047,-1.2703304290771484,-0.9626369476318359,0.0043964385986328125,-2.3626365661621094,-1.6813201904296875,0.20878982543945312,1.2205139160156249,-0.7035899353027343,8.198976440429687,1.6792264251708984,-0.3149713592529297,0.020500946044921874,0.007141021728515606,0.022635458435058597,-0.02951011651611324,0.011292870605468752,0.032582450988769524,-0.004809154479980482,
190,332448.403821809,-0.273548,0.389863,0.703704,-0.032399,-0.220846,-0.163517,-1.234550000000001,-0.8561999999999986,0.1711000000000018,-1.23335,-1.0275000000000005,0.11509999999999992,-0.2683677673339844,0.4106588363647461,0.6723508834838867,-0.02269744873046875,-0.18635082244873047,-0.16804027557373047,-1.6043949127197266,-1.0065937042236328,0.048351287841796875,-2.208789825439453,-1.6153831481933594,0.16483688354492188,0.9620519256591795,-0.33025802612304683,8.39999786376953,1.6978640899658202,-0.27769683837890624,0.01304620361328125,0.005180232666015638,0.02079583636474608,-0.03135311651611328,0.009701551269531247,0.03449517755126952,-0.004523275573730473,
191,332448.413817888,-0.284941,0.381962,0.705283,-0.04378,-0.230328,-0.162455,-1.0581000000000007,-0.7337499999999997,0.1466999999999996,-1.0570000000000004,-0.8806000000000008,0.09860000000000008,-0.2786674499511719,0.4022655487060547,0.6727323532104492,-0.033761024475097656,-0.19626903533935547,-0.16765880584716797,-1.0329666137695312,-1.0153846740722656,0.03956031799316406,-2.0329666137695312,-1.4615402221679688,0.09889984130859375,0.1579475402832031,0.1579475402832031,7.825644531249999,1.6978640899658202,-0.27396946716308596,0.024228317260742187,0.006273550048828125,0.020303548706054664,-0.032550646789550775,0.010018975524902343,0.034058964660644536,-0.0052038058471679804,
192,332448.423818762,-0.29471,0.375188,0.706638,-0.053539,-0.238458,-0.161545,-0.9160499999999988,-0.635150000000001,0.12699999999999934,-0.9150000000000001,-0.7623499999999991,0.08529999999999927,-0.2901124954223633,0.3927288055419922,0.6734952926635742,-0.046349525451660156,-0.20504283905029297,-0.16613292694091797,-0.7956047058105469,-0.9274730682373047,0.11868095397949219,-1.8131866455078125,-1.3516502380371094,0.20878982543945312,0.33025802612304683,-0.07179603576660155,8.39999786376953,1.6904085388183594,-0.3037892456054687,0.020500946044921874,0.004597504577636746,0.017540805541992166,-0.03314270733642577,0.007189474548339847,0.033415160949707035,-0.004587926940917975,
193,332448.433817936,-0.303262,0.369259,0.707823,-0.06208,-0.245575,-0.160749,-0.81455,-0.56475,0.11295000000000055,-0.8135499999999997,-0.6779499999999994,0.07584999999999953,-0.3000307083129883,0.3839550018310547,0.6742582321166992,-0.057030677795410156,-0.21381664276123047,-0.16498851776123047,-0.7604389190673828,-0.7780227661132812,0.0659332275390625,-1.5494499206542969,-1.2857131958007812,0.16483688354492188,0.445127944946289,0.01435920715332031,8.543589935302734,1.6494066467285156,-0.3037892456054687,0.009318832397460937,0.0032312916870116948,0.014696001831054684,-0.03356476788330076,0.005049322204589847,0.03175835723876952,-0.004239517761230466,
194,332448.443817179,-0.311001,0.363893,0.708897,-0.06981,-0.252017,-0.160028,-0.7536500000000002,-0.5225000000000007,0.10455000000000325,-0.7526999999999995,-0.6272500000000014,0.07015000000000077,-0.3084230422973633,0.3751811981201172,0.6754026412963867,-0.06504154205322266,-0.22030258178710938,-0.16422557830810547,-0.8659343719482422,-0.7868137359619141,0.15384674072265625,-1.1978034973144531,-1.2197799682617188,0.120880126953125,1.0769218444824218,1.3641022491455077,7.739489288330077,1.5823123474121092,-0.2814242095947266,0.009318832397460937,0.002577957702636746,0.011288198120117166,-0.03349435870361328,0.004768457946777341,0.031714418212890616,-0.004197578308105465,
195,332448.453821842,-0.318335,0.358809,0.709914,-0.077134,-0.25812,-0.159346,-0.7333999999999952,-0.5084000000000033,0.10170000000000456,-0.7323999999999997,-0.6103000000000025,0.06820000000000159,-0.3149080276489258,0.3664073944091797,0.6773099899291992,-0.07343387603759766,-0.22983932495117188,-0.16346263885498047,-0.4527473449707031,-0.8043956756591797,0.25054931640625,-1.1758232116699219,-1.1978034973144531,0.07692337036132812,0.2728211975097656,1.7087194824218748,7.481023559570311,1.5562199401855468,-0.20687435913085936,0.01677357482910156,0.003426972351074198,0.0075983944091796984,-0.032604010070800826,0.003700123962402338,0.02828067504882814,-0.004116638854980481,
