sample_index,sent_monotonic_s,q_cmd_1,q_cmd_2,q_cmd_3,q_cmd_4,q_cmd_5,q_cmd_6,dq_cmd_1,dq_cmd_2,dq_cmd_3,dq_cmd_4,dq_cmd_5,dq_cmd_6,q_meas_1,q_meas_2,q_meas_3,q_meas_4,q_meas_5,q_meas_6,dq_meas_1,dq_meas_2,dq_meas_3,dq_meas_4,dq_meas_5,dq_meas_6,tau_meas_1,tau_meas_2,tau_meas_3,tau_meas_4,tau_meas_5,tau_meas_6,q_error_1,q_error_2,q_error_3,q_error_4,q_error_5,q_error_6,fault_flags
0,332702.175507021,0.315,0.6375,0.4875,-0.225,0.315,0.225,-0.03270000000000217,-0.004099999999995774,-0.022899999999997922,0.023400000000001198,-0.029800000000002047,0.005499999999999949,0.3168153762817383,0.6410694122314453,0.478179931640625,-0.23136520385742188,0.3103303909301758,0.22373580932617188,-0.0043964385986328125,-0.0043964385986328125,-0.013187408447265625,-0.010990142822265625,-0.010990142822265625,0.010990142822265625,-0.1866659545898437,-0.7897451782226562,6.389746246337889,1.410848419189453,0.15096298217773438,0.005591461181640625,0.001815376281738279,0.003569412231445357,-0.009320068359374989,-0.0063652038574218694,-0.004669609069824221,-0.0012641906738281306,
1,332702.188663508,0.314673,0.637459,0.487271,-0.224766,0.314702,0.225055,-0.05044999999999911,-0.006299999999997974,-0.03529999999999922,0.03615000000000007,-0.04595000000000016,0.008500000000000174,0.3168153762817383,0.6414508819580078,0.478179931640625,-0.23136520385742188,0.3099489212036133,0.22373580932617188,-0.021978378295898438,0.0043964385986328125,0.013187408447265625,-0.010990142822265625,-0.07692337036132812,-0.010990142822265625,-0.21538436889648435,-0.5312831878662109,5.384616699218749,1.325116455078125,0.09877816772460937,0.0018640899658203124,0.0021423762817383007,0.003991881958007815,-0.00909106835937501,-0.006599203857421881,-0.0047530787963867005,-0.00131919067382813,
2,332702.195368177,0.313991,0.637374,0.486794,-0.224277,0.314081,0.22517,-0.10369999999999824,-0.012899999999999023,-0.07255000000000178,0.07434999999999942,-0.09440000000000004,0.01744999999999941,0.3168153762817383,0.6414508819580078,0.478179931640625,-0.23136520385742188,0.3088045120239258,0.22373580932617188,-0.0043964385986328125,0.0043964385986328125,-0.048351287841796875,0.010990142822265625,-0.16483688354492188,0.010990142822265625,-0.6748715209960936,-0.5600016021728514,5.41333511352539,1.358663604736328,0.07268576049804687,-0.0018640899658203124,0.002824376281738261,0.004076881958007816,-0.008614068359375004,-0.007088203857421871,-0.005276487976074218,-0.001434190673828134,
3,332702.205405013,0.312599,0.637201,0.48582,-0.223279,0.312814,0.225404,-0.1924000000000009,-0.02395000000000036,-0.13465000000000005,0.13790000000000052,-0.17520000000000036,0.032349999999999046,0.3164339065551758,0.6414508819580078,0.4777984619140625,-0.23136520385742188,0.3080415725708008,0.22373580932617188,-0.013187408447265625,-0.0043964385986328125,-0.021978378295898438,0.010990142822265625,-0.23077011108398438,0.010990142822265625,-0.8758966827392577,-0.5600016021728514,5.643074951171874,1.4033936767578126,0.08386787414550781,0.0018640899658203124,0.0038349065551757655,0.004249881958007795,-0.008021538085937474,-0.00808620385742187,-0.0047724274291992,-0.0016681906738281183,
4,332702.21803316,0.310143,0.636895,0.484101,-0.221519,0.310577,0.225817,-0.3166000000000002,-0.039450000000001983,-0.22159999999999958,0.22685000000000066,-0.28834999999999833,0.05325000000000052,0.3149080276489258,0.6410694122314453,0.4774169921875,-0.23098373413085938,0.3057527542114258,0.22373580932617188,-0.20659255981445312,-0.0043964385986328125,-0.0659332275390625,0.0549468994140625,-0.27472686767578125,-0.010990142822265625,-1.47897590637207,-1.0769218444824218,5.068721618652343,1.5226727905273436,0.054048095703125,0.01304620361328125,0.004765027648925779,0.004174412231445324,-0.0066840078125000035,-0.009464734130859381,-0.004824245788574211,-0.002081190673828115,
5,332702.227032111,0.306267,0.636412,0.481388,-0.218742,0.307047,0.226469,-0.4730000000000012,-0.058950000000002056,-0.3310499999999994,0.3389000000000003,-0.4307499999999992,0.07955000000000045,0.3114748001098633,0.6410694122314453,0.476654052734375,-0.22907638549804688,0.3027009963989258,0.22373580932617188,-0.3912086486816406,-0.021978378295898438,-0.11868095397949219,0.27472686767578125,-0.47252655029296875,0.010990142822265625,-1.1056402587890624,-1.0194887542724609,4.781537475585937,1.559947311401367,0.03168386840820312,0.024228317260742187,0.00520780010986327,0.004657412231445335,-0.004733947265624983,-0.010334385498046883,-0.004346003601074233,-0.0027331906738281286,
6,332702.238022724,0.300683,0.635716,0.47748,-0.214741,0.301962,0.227408,-0.644900000000001,-0.08035000000000125,-0.45135000000000036,0.4621,-0.5873000000000017,0.10845000000000021,0.3080415725708008,0.6406879425048828,0.4747467041015625,-0.22526168823242188,0.2988862991333008,0.22373580932617188,-0.3032970428466797,-0.03076934814453125,-0.2681312561035156,0.5164833068847656,-0.7142868041992188,-0.03296661376953125,-2.598975372314453,-1.2492323303222654,4.580516052246093,1.537582275390625,0.005591461181640625,0.05777546691894531,0.007358572570800803,0.004971942504882865,-0.0027332958984375155,-0.010520688232421888,-0.003075700866699227,-0.003672190673828124,
7,332702.245359189,0.293369,0.634805,0.472361,-0.2095,0.295301,0.228638,-0.8157499999999985,-0.1016499999999976,-0.5709000000000021,0.584549999999999,-0.7428999999999992,0.13714999999999977,0.3042268753051758,0.6406879425048828,0.4724578857421875,-0.21992111206054688,0.2904939651489258,0.22449874877929688,-0.4967041015625,-0.0659332275390625,-0.2593402862548828,0.8901100158691406,-1.4395599365234375,0.09889984130859375,-2.369231796264648,-1.1056402587890624,4.293331909179687,1.4518503112792969,0.14723480224609375,0.06150364685058594,0.01085787530517579,0.00588294250488286,9.688574218752466e-05,-0.010421112060546883,-0.004807034851074199,-0.004139251220703133,
8,332702.255361863,0.284368,0.633683,0.466062,-0.20305,0.287104,0.230151,-0.9822499999999984,-0.12234999999999885,-0.6873999999999991,0.703899999999999,-0.8944999999999981,0.16515000000000002,0.2973604202270508,0.6395435333251953,0.4686422348022461,-0.21381664276123047,0.2824831008911133,0.22602462768554688,-0.7428569793701172,-0.14505577087402344,-0.3824176788330078,0.9120864868164062,-1.2197799682617188,0.16483688354492188,-2.713845291137695,-0.7610267639160155,4.436923980712891,1.4071210479736327,0.27396946716308596,0.05032072448730469,0.012992420227050772,0.005860533325195316,0.0025802348022461175,-0.01076664276123046,-0.004620899108886745,-0.0041263723144531195,
9,332702.265351647,0.273724,0.632358,0.458613,-0.195422,0.277411,0.231941,-1.1443499999999995,-0.14250000000000096,-0.8008500000000002,0.82005,-1.04215,0.19245000000000095,0.2904939651489258,0.6383991241455078,0.4648275375366211,-0.20618724822998047,0.2752342224121094,0.22640609741210938,-1.0593414306640625,-0.17142868041992188,-0.47912025451660156,1.3296699523925781,-1.3296699523925781,0.120880126953125,-2.2830765533447264,-2.082051391601562,3.94871841430664,1.3549362335205077,0.2404223175048828,0.054048095703125,0.01676996514892576,0.006041124145507837,0.006214537536621101,-0.010765248229980456,-0.0021767775878906437,-0.005534902587890633,
10,332702.275350363,0.261481,0.630833,0.450045,-0.186649,0.266261,0.234,-1.3006000000000018,-0.1619499999999996,-0.9101499999999985,0.9320000000000008,-1.184500000000002,0.2187499999999995,0.2805747985839844,0.6368732452392578,0.4591054916381836,-0.19550609588623047,0.2653160095214844,0.22831344604492188,-1.2439556121826172,-0.1362628936767578,-0.6373634338378906,1.5054931640625,-1.5054931640625,0.20878982543945312,-2.5702569580078123,-1.0194887542724609,3.9199999999999995,1.2021099700927733,0.20687435913085936,0.06150364685058594,0.019093798583984356,0.006040245239257835,0.009060491638183621,-0.00885709588623046,-0.0009449904785156504,-0.0056865539550781385,
11,332702.285352213,0.247712,0.629119,0.44041,-0.176782,0.253721,0.236316,-1.4437000000000004,-0.17975000000000074,-1.0102999999999973,1.0346000000000009,-1.3148000000000006,0.24279999999999996,0.2679862976074219,0.6353473663330078,0.4518575668334961,-0.18444347381591797,0.2531089782714844,0.22945785522460938,-1.2967033386230469,-0.1978015899658203,-0.6901092529296875,1.6153831481933594,-1.74725341796875,0.16483688354492188,-2.8287189483642576,-1.3066654205322263,3.604101181030273,1.16483544921875,0.24787705993652343,0.07641313171386718,0.020274297607421887,0.006228366333007829,0.01144756683349607,-0.007661473815917974,-0.0006120217285155993,-0.006858144775390623,
12,332702.295346994,0.232607,0.627238,0.429839,-0.165957,0.239965,0.238856,-1.5662999999999996,-0.19504999999999661,-1.0961500000000013,1.1224499999999997,-1.4263999999999986,0.26339999999999975,0.2531089782714844,0.6330585479736328,0.4434652328491211,-0.17109203338623047,0.24242782592773438,0.23136520385742188,-1.4549446105957031,-0.2681312561035156,-0.7780227661132812,1.8131866455078125,-1.7692298889160156,0.23077011108398438,-2.082051391601562,-1.2205139160156249,3.4605128479003904,1.0716487426757813,0.25160443115234377,0.09132342529296875,0.020501978271484367,0.00582054797363285,0.013626232849121067,-0.005135033386230475,0.0024628259277343634,-0.007490796142578138,
13,332702.305346854,0.216386,0.625218,0.418487,-0.154333,0.225193,0.241584,-1.6669000000000003,-0.2076499999999981,-1.166600000000001,1.1944999999999997,-1.51805,0.28035000000000004,0.23746871948242188,0.6303882598876953,0.4346914291381836,-0.15964794158935547,0.22793197631835938,0.23289108276367188,-2.0,-0.33846092224121094,-0.9274730682373047,1.6813201904296875,-1.9230766296386719,0.25274658203125,-1.737434158325195,-0.8184598541259764,3.632819595336913,1.079103485107422,0.20314698791503905,0.10623291015625,0.02108271948242188,0.005170259887695261,0.016204429138183596,-0.005314941589355471,0.0027389763183593707,-0.008692917236328118,
14,332702.315347232,0.19926899999999997,0.623085,0.406507,-0.14206699999999997,0.20960399999999998,0.244463,-1.74555,-0.21760000000000113,-1.2218000000000009,1.2508000000000006,-1.589700000000001,0.2935000000000007,0.22030258178710938,0.6273365020751953,0.4247732162475586,-0.14705848693847656,0.21496105194091797,0.23556137084960938,-1.3582420349121094,-0.2681312561035156,-0.997802734375,1.8351631164550781,-1.9450531005859375,0.34066009521484375,-2.024614562988281,-0.7897451782226562,3.3456391906738276,1.079103485107422,0.14723480224609375,0.09877816772460937,0.0210335817871094,0.0042515020751953125,0.018266216247558587,-0.004991486938476591,0.005357051940917984,-0.008901629150390639,
15,332702.325345584,0.181475,0.620866,0.394051,-0.129317,0.193399,0.247454,-1.8018500000000006,-0.22479999999999722,-1.2614000000000014,1.2911,-1.6409500000000008,0.30285000000000034,0.20122814178466797,0.6246662139892578,0.4133291244506836,-0.13332557678222656,0.20084667205810547,0.23708724975585938,-2.0615386962890625,-0.23296737670898438,-0.9714279174804688,1.9670333862304688,-2.0329666137695312,0.25274658203125,-1.7087194824218748,-0.732308349609375,3.661538009643554,1.0231912994384766,0.11741502380371094,0.11368765258789063,0.01975314178466797,0.0038002139892577835,0.01927812445068361,-0.004008576782226575,0.007447672058105481,-0.010366750244140632,
16,332702.335313717,0.163232,0.618589,0.381279,-0.116245,0.176785,0.25052,-1.8338499999999993,-0.22885000000000266,-1.283899999999999,1.3140499999999993,-1.6700999999999993,0.3082499999999988,0.18101024627685547,0.6216144561767578,0.4011211395263672,-0.12073707580566406,0.19054698944091797,0.24013900756835938,-2.079120635986328,-0.3032970428466797,-1.1824169158935547,1.8571434020996094,-1.9450531005859375,0.40659332275390625,-1.2779470062255858,-0.5025647735595702,4.379487152099609,1.0269186706542968,0.06150364685058594,0.10623291015625,0.01777824627685548,0.003025456176757757,0.01984213952636721,-0.004492075805664061,0.013761989440917971,-0.010380992431640645,
17,332702.345348126,0.144798,0.616289,0.368373,-0.103036,0.159997,0.253619,-1.8396999999999997,-0.2295000000000047,-1.2879,1.31825,-1.6754500000000005,0.3092499999999998,0.16460704803466797,0.6185626983642578,0.3904399871826172,-0.11120033264160156,0.17643260955810547,0.24242782592773438,-2.0703296661376953,-0.3120880126953125,-1.1472530364990234,1.74725341796875,-2.0988998413085938,0.47252655029296875,-0.3589727020263671,-0.445127944946289,4.3507687377929685,1.082830856323242,0.0279556884765625,0.08759524536132812,0.01980904803466796,0.0022736983642578368,0.02206698718261718,-0.00816433264160156,0.01643560955810547,-0.011191174072265608,
18,332702.355352483,0.126438,0.613999,0.355521,-0.08988,0.143276,0.256705,-1.8190500000000005,-0.22659999999999902,-1.2730500000000005,1.3034999999999999,-1.6566499999999997,0.30585000000000195,0.14400672912597656,0.6151294708251953,0.3774700164794922,-0.09899330139160156,0.16613292694091797,0.24624252319335938,-2.2725276947021484,-0.27692222595214844,-1.208791732788086,1.7912101745605469,-1.879119873046875,0.5384597778320312,-0.9046150970458983,-0.6748715209960936,4.178458251953124,1.1126506347656249,0.0018640899658203124,0.06523101806640624,0.017568729125976568,0.001130470825195351,0.02194901647949221,-0.009113301391601561,0.022856926940917982,-0.010462476806640642,
19,332702.365355223,0.108417,0.611757,0.342912,-0.076966,0.126864,0.259736,-1.7717999999999998,-0.22014999999999674,-1.2393999999999987,1.2698,-1.613599999999999,0.2981499999999998,0.12340736389160156,0.6120777130126953,0.3637371063232422,-0.08754825592041016,0.14934730529785156,0.24967575073242188,-1.8945045471191406,-0.25054931640625,-1.3142852783203125,1.6813201904296875,-2.120880126953125,0.4945068359375,-0.10051445007324217,-0.1866659545898437,4.40820556640625,1.1424704132080077,-0.09505079650878906,0.03913861083984375,0.014990363891601563,0.00032071301269531727,0.020825106323242193,-0.01058225592041015,0.022483305297851558,-0.010060249267578147,
20,332702.375350541,0.091002,0.609596,0.330733,-0.064484,0.111004,0.262668,-1.6986,-0.21039999999999948,-1.1874999999999996,1.2175000000000002,-1.5469000000000004,0.28610000000000024,0.10433387756347656,0.6094074249267578,0.3503856658935547,-0.07724857330322266,0.13675880432128906,0.2538719177246094,-1.8153839111328125,-0.2417583465576172,-1.1384620666503906,1.4615402221679688,-1.8571434020996094,0.626373291015625,-0.1866659545898437,-0.1866659545898437,4.034873657226562,1.2244750061035157,-0.13605268859863281,0.01304620361328125,0.013331877563476563,-0.00018857507324221423,0.01965266589355469,-0.012764573303222657,0.025754804321289057,-0.008796082275390638,
21,332702.385349661,0.074445,0.607549,0.319162,-0.052616,0.095926,0.265458,-1.60245,-0.19804999999999962,-1.1197999999999986,1.14865,-1.4593500000000001,0.27004999999999946,0.08525943756103516,0.6067371368408203,0.3362703323364258,-0.06771183013916016,0.12493324279785156,0.2576866149902344,-1.7186813354492188,-0.23296737670898438,-1.4373626708984375,1.373626708984375,-2.2307701110839844,0.5604400634765625,0.24410278320312498,-0.3876911163330078,4.95384796142578,1.3027514190673828,-0.12487057495117188,-0.005591461181640625,0.010814437561035159,-0.0008118631591796932,0.01710833233642578,-0.015095830139160153,0.029007242797851565,-0.007771385009765652,
22,332702.395352703,0.058953,0.605635,0.308337,-0.041511,0.081817,0.268069,-1.4863499999999998,-0.1839499999999994,-1.0389499999999996,1.0653500000000002,-1.3536,0.25039999999999785,0.06656742095947266,0.6048297882080078,0.3229188919067383,-0.059700965881347656,0.11120033264160156,0.2622642517089844,-1.912088394165039,-0.1362628936767578,-1.3054943084716797,1.0879135131835938,-1.5494499206542969,0.626373291015625,0.8184598541259764,-0.33025802612304683,5.097432556152343,1.4071210479736327,-0.17332720947265626,-0.035411239624023434,0.007614420959472658,-0.0008052117919922219,0.014581891906738254,-0.018189965881347657,0.02938333264160156,-0.005804748291015627,
23,332702.405351219,0.044718,0.60387,0.298383,-0.031309,0.068854,0.270466,-1.3509,-0.16825000000000312,-0.9454000000000018,0.96805,-1.23025,0.22719999999999962,0.055886268615722656,0.6040668487548828,0.3145265579223633,-0.055504798889160156,0.10433387756347656,0.2637901306152344,-1.8065929412841797,-0.1362628936767578,-1.3318672180175781,1.0439567565917969,-1.6153831481933594,0.3186798095703125,0.646153106689453,-0.5025647735595702,5.671793365478515,1.4816700897216797,-0.25160443115234377,-0.04286598205566406,0.011168268615722655,0.00019684875488279463,0.016143557922363272,-0.02419579888916016,0.035479877563476564,-0.006675869384765609,
24,332702.415353629,0.031935,0.60227,0.289429,-0.02215,0.057212,0.272613,-1.19605,-0.15100000000000113,-0.8391499999999996,0.8566499999999998,-1.0892499999999998,0.20040000000000058,0.036812782287597656,0.6029224395751953,0.2996492385864258,-0.047875404357910156,0.09174442291259766,0.2672233581542969,-1.5076923370361328,-0.0659332275390625,-1.085714340209961,0.8901100158691406,-1.4835166931152344,0.4945068359375,1.4502574920654296,-0.6748715209960936,5.729230194091797,1.5860397186279296,-0.30006187438964843,-0.03913861083984375,0.004877782287597658,0.0006524395751953405,0.01022023858642579,-0.025725404357910157,0.03453242291259766,-0.005389641845703119,
25,332702.425345623,0.020797,0.60085,0.2816,-0.014176,0.047069,0.274474,-1.0246499999999998,-0.13219999999999898,-0.7218499999999989,0.73325,-0.9330999999999999,0.17064999999999997,0.02346038818359375,0.6021595001220703,0.2878236770629883,-0.043297767639160156,0.08144474029541016,0.2698936462402344,-1.1032962799072266,-0.0659332275390625,-0.9626369476318359,0.6703300476074219,-1.5054931640625,0.3626365661621094,1.8523078155517574,-0.5600016021728514,6.274872589111328,1.7202283172607422,-0.30751661682128906,-0.04286598205566406,0.0026633881835937505,0.0013095001220703173,0.006223677062988264,-0.029121767639160155,0.034375740295410157,-0.004580353759765621,
26,332702.43534655,0.011442,0.599626,0.274992,-0.007485,0.03855,0.276026,-0.8505,-0.11189999999999811,-0.6014000000000019,0.60815,-0.7744999999999999,0.1408500000000007,0.01201629638671875,0.6017780303955078,0.2767601013183594,-0.039483070373535156,0.07305240631103516,0.2729454040527344,-0.9362640380859375,-0.03956031799316406,-1.0065937042236328,0.5384597778320312,-1.2637367248535156,0.47252655029296875,1.8523078155517574,-1.3353838348388671,6.619486083984374,1.8208705749511718,-0.31124398803710934,-0.06150364685058594,0.0005742963867187492,0.00215203039550782,0.0017681013183593608,-0.03199807037353516,0.034502406311035155,-0.0030805959472656186,
27,332702.445346489,0.003787,0.598612,0.269572,-0.002013,0.031579,0.277291,-0.6874,-0.09024999999999728,-0.4859000000000002,0.49160000000000004,-0.62605,0.11395000000000155,0.00286102294921875,0.6017780303955078,0.2664604187011719,-0.036431312561035156,0.06656742095947266,0.2752342224121094,-0.874725341796875,0.0043964385986328125,-0.8659343719482422,0.47252655029296875,-1.131866455078125,0.3186798095703125,1.737434158325195,-0.732308349609375,7.739489288330077,1.8916922454833984,-0.3224261016845703,-0.07268576049804687,-0.00092597705078125,0.0031660303955077795,-0.0031115812988281033,-0.034418312561035155,0.03498842095947265,-0.0020567775878906347,
28,332702.455396674,-0.002306000000000019,0.597821,0.265274,0.002347000000000014,0.026028999999999983,0.278305,-0.5381999999999993,-0.06714999999999906,-0.376799999999999,0.3856499999999996,-0.49019999999999975,0.09049999999999882,-0.00171661376953125,0.6017780303955078,0.2615013122558594,-0.035286903381347656,0.06275272369384766,0.2759971618652344,-0.5406589508056641,0.03076934814453125,-1.0329666137695312,0.2967033386230469,-1.0439567565917969,0.25274658203125,1.048203430175781,-1.134358673095703,7.768207702636717,1.9438770599365234,-0.33360902404785153,-0.07268576049804687,0.000589386230468769,0.003957030395507766,-0.003772687744140635,-0.03763390338134767,0.036723723693847674,-0.0023078381347656496,
29,332702.465350653,-0.006976999999999985,0.597269,0.262036,0.00569999999999999,0.021775000000000013,0.279101,-0.40295000000000036,-0.04264999999999973,-0.2741500000000011,0.2903500000000003,-0.36695000000000044,0.07044999999999974,-0.00858306884765625,0.6021595001220703,0.2512016296386719,-0.034905433654785156,0.055504798889160156,0.2771415710449219,-0.5582408905029297,0.013187408447265625,-0.5670337677001953,0.03296661376953125,-0.9560432434082031,0.14285659790039062,1.3928206634521483,-0.933333511352539,8.34256103515625,2.1339778442382813,-0.30751661682128906,-0.05032072448730469,-0.001606068847656265,0.004890500122070263,-0.010834370361328116,-0.040605433654785146,0.03372979888916014,-0.001959428955078113,
30,332702.475345596,-0.010365,0.596968,0.259791,0.008154,0.01869,0.279714,-0.28150000000000003,-0.01815000000000011,-0.179399999999999,0.20540000000000003,-0.25634999999999997,0.05340000000000067,-0.01316070556640625,0.6029224395751953,0.24471664428710938,-0.035286903381347656,0.046349525451660156,0.2775230407714844,-0.25054931640625,0.08351707458496094,-0.4879112243652344,-0.03296661376953125,-0.9780235290527344,0.03296661376953125,0.933333511352539,-1.2779470062255858,8.055384368896483,2.2308919219970704,-0.22923939514160155,-0.024228317260742187,-0.002795705566406251,0.005954439575195258,-0.01507435571289062,-0.04344090338134766,0.027659525451660158,-0.002190959228515643,
31,332702.485345052,-0.012607,0.596906,0.258448,0.009808,0.016648,0.280169,-0.17365000000000003,-0.00035000000000451337,-0.09939999999999949,0.12905,-0.15814999999999996,0.03684999999999938,-0.01544952392578125,0.6040668487548828,0.23975753784179688,-0.036049842834472656,0.041771888732910156,0.2794303894042969,-0.127471923828125,0.10109901428222656,-0.4263744354248047,-0.09889984130859375,-0.7142868041992188,0.20878982543945312,1.3641022491455077,-1.2205139160156249,8.428716278076172,2.301714401245117,-0.19941961669921873,-0.03913861083984375,-0.00284252392578125,0.007160848754882765,-0.018690462158203136,-0.045857842834472654,0.025123888732910157,-0.0007386105957031264,
32,332702.495323095,-0.013838,0.596961,0.257803,0.010735,0.015527,0.280451,-0.07924999999999997,0.004049999999999887,-0.04099999999999937,0.05979999999999996,-0.07219999999999996,0.018299999999998873,-0.01583099365234375,0.6052112579345703,0.23517990112304688,-0.035668373107910156,0.037575721740722656,0.2798118591308594,0.0043964385986328125,0.1362628936767578,-0.3296699523925781,0.010990142822265625,-0.6043968200683594,0.07692337036132812,0.10051445007324217,-1.5938458251953123,8.39999786376953,2.301714401245117,-0.16587246704101563,-0.05032072448730469,-0.0019929936523437504,0.008250257934570349,-0.02262309887695313,-0.04640337310791016,0.022048721740722657,-0.0006391408691406308,
33,332702.505348987,-0.014192,0.596987,0.257628,0.011004,0.015204,0.280535,0.0017999999999999787,-0.006299999999997974,-0.005550000000001387,-0.0026499999999999614,0.0016000000000000389,-0.0026500000000012625,-0.01583099365234375,0.6059741973876953,0.23212814331054688,-0.036049842834472656,0.032616615295410156,0.2801933288574219,0.03956031799316406,0.03956031799316406,-0.22417640686035156,-0.09889984130859375,-0.7142868041992188,0.010990142822265625,1.1630770874023435,-1.737434158325195,8.658463592529296,2.290531478881836,-0.06523101806640624,-0.04286598205566406,-0.0016389936523437502,0.008987197387695267,-0.02549985668945315,-0.047053842834472656,0.017412615295410154,-0.0003416711425781038,
34,332702.515349792,-0.013802,0.596835,0.257692,0.010682,0.015559,0.280398,0.06940000000000002,-0.031449999999999534,0.006799999999998474,-0.05840000000000003,0.06325000000000003,-0.025999999999998247,-0.01506805419921875,0.6063556671142578,0.23022079467773438,-0.036049842834472656,0.02841949462890625,0.2794303894042969,0.07472610473632812,0.0043964385986328125,-0.1362628936767578,-0.010990142822265625,-0.5824165344238281,-0.0549468994140625,0.5600016021728514,-1.737434158325195,8.170258026123046,2.2718946228027344,-0.005591461181640625,-0.0279556884765625,-0.00126605419921875,0.009520667114257808,-0.0274712053222656,-0.04673184283447265,0.01286049462890625,-0.0009676105957031056,
35,332702.525350538,-0.012804,0.596358,0.257764,0.009836,0.016469,0.280015,0.12705,-0.07145000000000068,-0.0019999999999992246,-0.11000000000000003,0.11584999999999998,-0.05264999999999853,-0.01430511474609375,0.6063556671142578,0.22983932495117188,-0.036431312561035156,0.02536773681640625,0.2798118591308594,0.08351707458496094,-0.013187408447265625,-0.021978378295898438,-0.09889984130859375,-0.5604400634765625,0.010990142822265625,0.3876911163330078,-1.9384630584716793,8.285131683349608,2.256984329223633,0.06895838928222656,-0.035411239624023434,-0.0015011147460937506,0.009997667114257758,-0.027924675048828118,-0.046267312561035154,0.008898736816406249,-0.0002031408691406389,
36,332702.535347249,-0.011261,0.595406,0.257652,0.008482,0.017876,0.279345,0.1922,-0.1271000000000022,-0.022800000000000598,-0.17044999999999993,0.1752,-0.0864500000000018,-0.01316070556640625,0.6063556671142578,0.22983932495117188,-0.036431312561035156,0.02422332763671875,0.2798118591308594,0.1362628936767578,-0.0043964385986328125,-0.0043964385986328125,0.03296661376953125,-0.120880126953125,-0.010990142822265625,0.8758966827392577,-2.1107698059082027,7.969229125976562,2.2010721435546876,0.10996028137207031,-0.046593353271484374,-0.0018997055664062498,0.010949667114257822,-0.027812675048828117,-0.04491331256103516,0.0063473276367187505,0.00046685913085936503,
37,332702.545345848,-0.00896,0.593816,0.257308,0.006427,0.019973,0.278286,0.2821,-0.19905000000000062,-0.04645000000000066,-0.25284999999999996,0.25710000000000005,-0.13130000000000086,-0.01163482666015625,0.6059741973876953,0.23022079467773438,-0.035668373107910156,0.02460479736328125,0.2794303894042969,0.2593402862548828,-0.05714225769042969,0.048351287841796875,0.09889984130859375,0.03296661376953125,-0.0549468994140625,0.6174346923828123,-2.48410171508789,7.796926116943359,2.0594288024902343,0.08386787414550781,-0.06150364685058594,-0.002674826660156251,0.012158197387695302,-0.027087205322265606,-0.04209537310791016,0.004631797363281249,0.0011443894042968972,
38,332702.555352297,-0.005619,0.591425,0.256723,0.003425,0.023018,0.276719,0.40025,-0.2873500000000029,-0.07109999999999894,-0.35985,0.3648,-0.18814999999999804,-0.00820159912109375,0.6048297882080078,0.23098373413085938,-0.034523963928222656,0.02574920654296875,0.2790489196777344,0.41758155822753906,-0.17142868041992188,0.05714225769042969,0.120880126953125,0.16483688354492188,-0.0549468994140625,0.5887162780761718,-2.168206634521484,7.452305145263671,1.9103299102783202,0.09505079650878906,-0.08759524536132812,-0.00258259912109375,0.013404788208007834,-0.025739265869140604,-0.037948963928222654,0.0027312065429687497,0.0023299196777343822,
39,332702.567027505,-0.000955,0.588069,0.255886,-0.00077,0.027269,0.274523,0.5466,-0.39214999999999667,-0.09674999999999823,-0.49145000000000005,0.4982499999999999,-0.25685000000000013,-0.00362396240234375,0.6021595001220703,0.23174667358398438,-0.033761024475097656,0.02765655517578125,0.2782859802246094,0.33846092224121094,-0.33846092224121094,0.10109901428222656,0.120880126953125,0.3186798095703125,-0.120880126953125,0.646153106689453,-2.48410171508789,7.423586730957029,1.7425933532714843,0.14723480224609375,-0.12487057495117188,-0.00266896240234375,0.01409050012207036,-0.024139326416015627,-0.032991024475097656,0.00038755517578124843,0.003762980224609358,
40,332702.575353311,0.005313,0.583582,0.254788,-0.006404,0.032983,0.271582,0.7176999999999999,-0.5112999999999979,-0.12320000000000109,-0.64455,0.6541999999999999,-0.3359000000000001,-0.00019073486328125,0.5983448028564453,0.23289108276367188,-0.034142494201660156,0.031853675842285156,0.2763786315917969,0.40879058837890625,-0.39999961853027344,0.10109901428222656,-0.09889984130859375,0.6043968200683594,-0.2967033386230469,1.737434158325195,-2.1107698059082027,6.90667022705078,1.6195868682861327,0.13605268859863281,-0.13978005981445313,-0.00550373486328125,0.014762802856445267,-0.02189691723632814,-0.027738494201660156,-0.0011293241577148422,0.004796631591796885,
41,332702.585350105,0.013399,0.577843,0.253422,-0.013661,0.040353,0.267805,0.89615,-0.6342500000000029,-0.14959999999999973,-0.8038500000000001,0.8168500000000002,-0.41795000000000027,0.00667572021484375,0.5922403335571289,0.23403549194335938,-0.036431312561035156,0.040627479553222656,0.2740898132324219,0.6021976470947266,-0.628570556640625,0.09230804443359375,-0.27472686767578125,1.2637367248535156,-0.40659332275390625,1.6800010681152342,-2.254358139038086,7.078973236083983,1.5226727905273436,0.03913861083984375,-0.1323253173828125,-0.0067232797851562495,0.01439733355712891,-0.019386508056640606,-0.022770312561035157,0.00027447955322265627,0.00628481323242186,
42,332702.595347572,0.023236,0.570897,0.251796,-0.022481,0.04932,0.263223,1.0644,-0.7506499999999972,-0.17484999999999862,-0.9541500000000002,0.97025,-0.49545000000000006,0.01239776611328125,0.5872812271118164,0.23441696166992188,-0.037194252014160156,0.048256874084472656,0.2714195251464844,0.6373634338378906,-0.5758247375488281,0.03076934814453125,-0.20878982543945312,1.3296699523925781,-0.4945068359375,2.0533329772949216,-2.2256397247314452,6.935381164550781,1.3735738983154298,-0.020500946044921874,-0.13605268859863281,-0.01083823388671875,0.01638422711181642,-0.017379038330078145,-0.014713252014160155,-0.0010631259155273465,0.00819652514648439,
43,332702.605347949,0.034687,0.56283,0.249925,-0.032744,0.059758,0.257896,1.2189999999999999,-0.8583000000000007,-0.19885000000000042,-1.0924,1.1111499999999996,-0.566899999999998,0.02155303955078125,0.5796518325805664,0.23479843139648438,-0.041390419006347656,0.057030677795410156,0.2687492370605469,0.6989002227783203,-0.9186820983886719,0.03956031799316406,-0.626373291015625,1.3296699523925781,-0.4505500793457031,2.254358139038086,-2.1107698059082027,6.303591003417968,1.2356571197509765,-0.05032072448730469,-0.17705458068847657,-0.013133960449218753,0.016821832580566354,-0.015126568603515633,-0.008646419006347654,-0.0027273222045898424,0.010853237060546861,
44,332702.615346311,0.047616,0.553731,0.247819,-0.044329,0.071543,0.251885,1.3599999999999997,-0.9572000000000025,-0.22160000000000096,-1.21865,1.2397000000000002,-0.632350000000001,0.032235145568847656,0.5708780288696289,0.23517990112304688,-0.046730995178222656,0.06847476959228516,0.2641716003417969,1.2615375518798828,-0.9186820983886719,-0.021978378295898438,-0.7802200317382812,1.5934066772460938,-0.626373291015625,2.3405133819580075,-2.024614562988281,6.217435760498046,1.1834723052978515,-0.08759524536132812,-0.1845101318359375,-0.015380854431152342,0.017147028869628933,-0.012639098876953136,-0.002401995178222656,-0.0030682304077148392,0.01228660034179685,
45,332702.625350148,0.061887,0.543686,0.245493,-0.057117,0.084552,0.245249,1.4865,-1.0467499999999963,-0.2427499999999999,-1.3320500000000002,1.355,-0.6913500000000017,0.044442176818847656,0.5605783462524414,0.23517990112304688,-0.050545692443847656,0.07457828521728516,0.2595939636230469,1.2351646423339844,-1.1120872497558594,0.03956031799316406,-0.8461532592773438,1.5274734497070312,-0.8241767883300781,2.1107698059082027,-1.5651274108886717,6.0164068603515615,1.1163780059814452,-0.07641313171386718,-0.16587246704101563,-0.01744482318115234,0.016892346252441404,-0.010313098876953114,0.006571307556152345,-0.009973714782714846,0.01434496362304688,
46,332702.636036099,0.077346,0.532796,0.242964,-0.07097,0.098643,0.238058,1.5941000000000003,-1.1233500000000007,-0.261249999999999,-1.4285999999999999,1.4531000000000003,-0.7416999999999992,0.055123329162597656,0.5510416030883789,0.23517990112304688,-0.060463905334472656,0.08831119537353516,0.2546348571777344,1.709890365600586,-1.2791213989257812,-0.0043964385986328125,-1.3296699523925781,1.8131866455078125,-0.8021965026855469,1.909744644165039,-1.766152572631836,5.757948608398437,1.0902855987548827,-0.035411239624023434,-0.16587246704101563,-0.022222670837402342,0.01824560308837886,-0.007784098876953138,0.010506094665527349,-0.010331804626464838,0.016576857177734383,
47,332702.645354479,0.093769,0.521219,0.240268,-0.085689,0.113614,0.230415,1.6785,-1.183500000000004,-0.275750000000001,-1.5044499999999994,1.53,-0.78125,0.07419681549072266,0.5357828140258789,0.23479843139648438,-0.07343387603759766,0.10433387756347656,0.24662399291992188,1.4373626708984375,-1.1560440063476562,-0.0043964385986328125,-1.5494499206542969,1.7692298889160156,-0.9120864868164062,2.512820129394531,-1.191795501708984,5.499490356445311,1.1051958923339844,-0.06150364685058594,-0.158417724609375,-0.01957218450927735,0.014563814025878918,-0.005469568603515634,0.012255123962402345,-0.009280122436523444,0.016208992919921866,
48,332702.655346713,0.110916,0.509126,0.237449,-0.101059,0.129243,0.222433,1.7387499999999994,-1.2265499999999985,-0.2860500000000002,-1.5586999999999995,1.5848999999999995,-0.8094500000000004,0.09174442291259766,0.522430419921875,0.23479843139648438,-0.08640384674072266,0.11806678771972656,0.24013900756835938,1.9208793640136719,-1.287912368774414,-0.021978378295898438,-1.9011001586914062,2.076923370361328,-1.0,1.47897590637207,-1.6800010681152342,5.0112847900390625,1.1275601196289062,-0.0279556884765625,-0.16214509582519532,-0.019171577087402344,0.013304419921875033,-0.0026505686035156184,0.01465515325927734,-0.011176212280273434,0.017706007568359383,
49,332702.665345778,0.128544,0.496688,0.234547,-0.116863,0.145312,0.214226,1.7748999999999993,-1.2524499999999994,-0.29214999999999935,-1.5914000000000004,1.6179,-0.8263499999999993,0.11005592346191406,0.5083160400390625,0.23441696166992188,-0.10013771057128906,0.12874794006347656,0.23136520385742188,1.5076923370361328,-1.2967033386230469,-0.05714225769042969,-1.9890098571777344,1.8351631164550781,-1.2417564392089844,1.2492323303222654,-0.8184598541259764,4.838974304199218,1.1685628204345704,-0.009318832397460937,-0.11741502380371094,-0.01848807653808593,0.011628040039062482,-0.00013003833007813048,0.016725289428710932,-0.016564059936523434,0.017139203857421875,
50,332702.675353543,0.146414,0.484077,0.231606,-0.132887,0.161601,0.205906,1.787000000000001,-1.2611499999999998,-0.2939999999999998,-1.6025499999999997,1.6288499999999997,-0.8319999999999994,0.12493324279785156,0.4968719482421875,0.23403549194335938,-0.11120033264160156,0.13828468322753906,0.22564315795898438,1.8065929412841797,-1.287912368774414,-0.0659332275390625,-2.0329666137695312,1.7912101745605469,-1.0659332275390625,1.4215390777587888,-0.5600016021728514,5.040003204345703,1.1685628204345704,0.07641313171386718,-0.12114320373535156,-0.021480757202148426,0.01279494824218752,0.0024294919433593687,0.021686667358398443,-0.023316316772460932,0.01973715795898437,
51,332702.685349394,0.164284,0.471465,0.228667,-0.148914,0.177889,0.197586,1.77495,-1.2526499999999996,-0.29185000000000044,-1.5918500000000002,1.6178499999999998,-0.8264000000000007,0.14438819885253906,0.4823760986328125,0.23327255249023438,-0.12569618225097656,0.15430641174316406,0.21763134002685547,2.087911605834961,-1.6131858825683594,-0.08351707458496094,-2.1428565979003906,1.8571434020996094,-1.1978034973144531,0.6174346923828123,-0.6174346923828123,4.867692718505859,1.1909278564453125,0.1546903533935547,-0.12114320373535156,-0.01989580114746095,0.010911098632812477,0.004605552490234366,0.02321781774902343,-0.02358258825683593,0.020045340026855457,
52,332702.69535513,0.181913,0.459024,0.225769,-0.164724,0.193958,0.189378,1.7387999999999986,-1.2268000000000001,-0.2857499999999999,-1.5592000000000008,1.5849500000000003,-0.8095000000000004,0.16422557830810547,0.4678792953491211,0.23212814331054688,-0.14019203186035156,0.16765880584716797,0.21000194549560547,2.2725276947021484,-1.3670330047607422,-0.1362628936767578,-2.164836883544922,1.9670333862304688,-1.0439567565917969,1.2492323303222654,-0.3015396118164062,4.666663818359375,1.1909278564453125,0.2404223175048828,-0.1323253173828125,-0.017687421691894523,0.008855295349121106,0.0063591433105468775,0.024531968139648447,-0.026299194152832023,0.020623945495605478,
53,332702.705352062,0.19906,0.446929,0.222952,-0.180098,0.209588,0.181396,1.6785000000000008,-1.1835499999999999,-0.2756499999999995,-1.504599999999999,1.5300000000000007,-0.78125,0.18368053436279297,0.4545278549194336,0.23060226440429688,-0.15392494201660156,0.18062877655029297,0.20160961151123047,1.7714290618896484,-1.3142852783203125,-0.16263771057128906,-1.9670333862304688,1.9011001586914062,-1.2417564392089844,0.24410278320312498,0.1866659545898437,4.724100646972656,1.1685628204345704,0.24787705993652343,-0.10996028137207031,-0.015379465637207018,0.007598854919433573,0.007650264404296864,0.026173057983398446,-0.028959223449707028,0.020213611511230467,
54,332702.715350878,0.215483,0.435353,0.220256,-0.194816,0.224558,0.173753,1.594100000000001,-1.1230000000000018,-0.26165000000000077,-1.4280000000000002,1.4531500000000002,-0.7417000000000007,0.20237255096435547,0.4415578842163086,0.22869491577148438,-0.16804027557373047,0.19436168670654297,0.19359874725341797,2.3428573608398438,-1.3230762481689453,-0.22417640686035156,-2.0988998413085938,1.9890098571777344,-1.2197799682617188,0.24410278320312498,0.3015396118164062,4.925129547119139,1.1611080780029297,0.2441496887207031,-0.0801405029296875,-0.013110449035644539,0.006204884216308604,0.008438915771484368,0.02677572442626952,-0.03019631329345704,0.019845747253417978,
55,332702.725351409,0.23094200000000012,0.42446899999999993,0.21771899999999997,-0.2086580000000001,0.23865100000000009,0.16656199999999993,1.4864999999999982,-1.0458499999999977,-0.24390000000000095,-1.3303500000000004,1.3551500000000003,-0.6913499999999986,0.22106552124023438,0.4293508529663086,0.22640609741210938,-0.17948436737060547,0.20656871795654297,0.18444347381591797,1.4813194274902344,-1.2175827026367188,-0.21538543701171875,-1.6813201904296875,1.7032966613769531,-1.3516502380371094,-0.07179603576660155,0.7610267639160155,4.724100646972656,1.0977403411865234,0.27769683837890624,-0.035411239624023434,-0.009876478759765744,0.004881852966308664,0.008687097412109407,0.029173632629394625,-0.03208228204345712,0.017881473815918036,
56,332702.735349472,0.24521300000000007,0.41443599999999997,0.21537799999999996,-0.2214230000000001,0.25166100000000013,0.15992599999999996,1.3599999999999979,-0.9559999999999979,-0.22309999999999958,-1.2162999999999984,1.2398999999999984,-0.6323499999999991,0.23823165893554688,0.4171438217163086,0.22411727905273438,-0.19207286834716797,0.21686840057373047,0.17795848846435547,1.789011001586914,-1.287912368774414,-0.23296737670898438,-1.879119873046875,1.5494499206542969,-0.9340667724609375,-0.6748715209960936,1.191795501708984,4.695382232666015,1.0679205627441406,0.4081580657958984,-0.054048095703125,-0.006981341064453195,0.0027078217163086227,0.008739279052734417,0.029350131652832123,-0.034792599426269666,0.01803248846435551,
57,332702.745348972,0.25814199999999987,0.40534900000000007,0.21325700000000003,-0.2329839999999999,0.26344899999999993,0.15391500000000002,1.2190000000000032,-0.857350000000002,-0.20004999999999903,-1.0905500000000008,1.111350000000001,-0.5668500000000012,0.2538719177246094,0.4056987762451172,0.22182846069335938,-0.20466136932373047,0.22945785522460938,0.17147350311279297,1.4549446105957031,-1.1736259460449219,-0.23296737670898438,-1.8351631164550781,1.7252731323242188,-1.0219764709472656,-1.1630770874023435,1.0769218444824218,4.896411132812499,1.1722901916503905,0.3261534729003906,-0.06150364685058594,-0.0042700822753904966,0.00034977624511711713,0.008571460693359345,0.028322630676269445,-0.03399114477539056,0.017558503112792945,
58,332702.755348935,0.26959299999999997,0.39728900000000006,0.211377,-0.24323399999999995,0.27388799999999996,0.14858900000000003,1.0643500000000012,-0.7506000000000022,-0.17490000000000025,-0.9541000000000018,0.9702000000000028,-0.49540000000000056,0.2660789489746094,0.3961620330810547,0.21992111206054688,-0.21496105194091797,0.23632431030273438,0.16613292694091797,1.4725265502929688,-0.8571434020996094,-0.22417640686035156,-1.6813201904296875,1.4395599365234375,-0.8021965026855469,-1.4215390777587888,1.1056402587890624,4.95384796142578,1.2132920837402343,0.3224261016845703,-0.05777546691894531,-0.0035140510253905965,-0.0011269669189453713,0.008544112060546866,0.02827294805908198,-0.03756368969726559,0.017543926940917942,
59,332702.765347358,0.279429,0.390337,0.209759,-0.252066,0.282853,0.144007,0.8960999999999997,-0.6358000000000003,-0.14765000000000056,-0.8067999999999992,0.8165999999999979,-0.4180000000000003,0.2775230407714844,0.3873882293701172,0.21724987030029297,-0.22564315795898438,0.24738693237304688,0.16079235076904297,0.9538459777832031,-0.6725273132324219,-0.20659255981445312,-1.5274734497070312,1.3516502380371094,-0.8021965026855469,-2.024614562988281,1.5076905822753903,5.355898284912109,1.2319297485351561,0.3559732513427734,-0.06895838928222656,-0.001905959228515608,-0.002948770629882802,0.007490870300292968,0.026422842041015637,-0.035466067626953146,0.016785350769042973,
60,332702.775346884,0.287515,0.384573,0.208424,-0.25937,0.29022,0.140229,0.7177000000000017,-0.5147999999999986,-0.11879999999999946,-0.6512500000000004,0.6536999999999987,-0.33605000000000024,0.2862977981567383,0.3801403045654297,0.21496105194091797,-0.23517990112304688,0.2557792663574219,0.15583229064941406,0.7340660095214844,-0.6725273132324219,-0.23296737670898438,-1.373626708984375,1.2197799682617188,-0.7802200317382812,-1.3641022491455077,1.5938458251953123,4.896411132812499,1.261749526977539,0.3447911376953125,-0.04286598205566406,-0.0012172018432617393,-0.004432695434570311,0.006537051940917971,0.024190098876953114,-0.0344407336425781,0.01560329064941407,
61,332702.785346264,0.293783,0.380041,0.207383,-0.265091,0.295927,0.137286,0.5465999999999999,-0.39679999999999993,-0.09089999999999931,-0.5003499999999994,0.4975000000000007,-0.2570000000000003,0.2924013137817383,0.3759441375732422,0.21343517303466797,-0.24204635620117188,0.2611198425292969,0.15201759338378906,0.7340660095214844,-0.4527473449707031,-0.22417640686035156,-1.2857131958007812,1.0,-0.6483497619628906,-1.5938458251953123,2.1107698059082027,5.470771942138671,1.2878419342041014,0.36342880249023435,-0.035411239624023434,-0.001381686218261735,-0.00409686242675783,0.006052173034667957,0.023044643798828146,-0.03480715747070312,0.014731593383789071,
62,332702.795351224,0.298447,0.376637,0.206606,-0.269377,0.30017,0.135089,0.4002499999999992,-0.29095000000000093,-0.06659999999999999,-0.366749999999999,0.3642499999999993,-0.18824999999999953,0.2977418899536133,0.3721294403076172,0.21076488494873047,-0.24967575073242188,0.2679862976074219,0.14820289611816406,0.4263744354248047,-0.3120880126953125,-0.1890106201171875,-1.0879135131835938,1.0219764709472656,-0.5824165344238281,-0.732308349609375,0.8184598541259764,5.355898284912109,1.325116455078125,0.34106376647949216,-0.03168386840820312,-0.0007051100463867366,-0.004507559692382812,0.004158884948730457,0.019701249267578103,-0.03218370239257812,0.013113896118164076,
63,332702.805348888,0.301788,0.374222,0.206051,-0.272426,0.303212,0.133521,0.282099999999999,-0.19905000000000062,-0.04635000000000056,-0.2530500000000019,0.25715000000000043,-0.13129999999999947,0.3015565872192383,0.3690776824951172,0.20885753631591797,-0.2565422058105469,0.2744712829589844,0.14515113830566406,0.27692222595214844,-0.1802196502685547,-0.1978015899658203,-1.0219764709472656,0.9340667724609375,-0.4285697937011719,-0.9620519256591795,1.1056402587890624,5.671793365478515,1.3735738983154298,0.2627865447998047,-0.03168386840820312,-0.00023141278076171945,-0.005144317504882812,0.002806536315917957,0.015883794189453126,-0.028740717041015607,0.011630138305664062,
64,332702.815345585,0.304089,0.372656,0.205679,-0.274438,0.305313,0.132463,0.1922000000000007,-0.12125000000000052,-0.03015000000000101,-0.15924999999999967,0.17610000000000126,-0.08620000000000017,0.3030824661254883,0.3675518035888672,0.20733165740966797,-0.2630271911621094,0.2801933288574219,0.14286231994628906,0.17142868041992188,-0.08351707458496094,-0.11868095397949219,-0.9780235290527344,0.7362632751464844,-0.2967033386230469,-0.646153106689453,0.7610267639160155,5.556919708251952,1.4481229400634765,0.22178465270996092,-0.03913861083984375,-0.001006533874511717,-0.0051041964111328,0.001652657409667968,0.01141080883789064,-0.025119671142578126,0.010399319946289065,
65,332702.82535198,0.305632,0.371797,0.205448,-0.275611,0.306734,0.131797,0.12705000000000077,-0.05894999999999928,-0.01784999999999981,-0.08579999999999977,0.1177499999999998,-0.05214999999999942,0.3042268753051758,0.3679332733154297,0.20580577850341797,-0.2679862976074219,0.2832460403442383,0.14171791076660156,0.05714225769042969,0.03956031799316406,-0.16263771057128906,-0.7802200317382812,0.5384597778320312,-0.20878982543945312,-0.1579475402832031,0.646153106689453,6.131280517578125,1.4928530120849608,0.25533180236816405,-0.06150364685058594,-0.0014051246948242335,-0.003863726684570301,0.000357778503417977,0.00762470239257812,-0.023487959655761725,0.009920910766601565,
66,332702.835348024,0.30663,0.371477,0.205322,-0.276154,0.307668,0.13142,0.06940000000000002,-0.019349999999998535,-0.008500000000000174,-0.03509999999999902,0.06509999999999849,-0.025549999999999184,0.3042268753051758,0.3683147430419922,0.20466136932373047,-0.2725639343261719,0.2874422073364258,0.14019203186035156,-0.03076934814453125,0.0659332275390625,-0.1362628936767578,-0.6483497619628906,0.6043968200683594,-0.20878982543945312,-0.1866659545898437,0.3015396118164062,6.0164068603515615,1.5189454193115235,0.19569224548339842,-0.06895838928222656,-0.0024031246948242324,-0.003162256958007814,-0.0006606306762695358,0.0035900656738281356,-0.020225792663574216,0.008772031860351553,
67,332702.845348805,0.30702,0.37141,0.205278,-0.276313,0.308036,0.131286,0.0017999999999990246,-0.009799999999998699,-0.0011499999999997623,-0.009449999999999736,0.0010499999999996623,-0.0028000000000000247,0.3042268753051758,0.3690776824951172,0.20313549041748047,-0.2759971618652344,0.2904939651489258,0.13981056213378906,-0.013187408447265625,0.0659332275390625,-0.09230804443359375,-0.5384597778320312,0.3626365661621094,-0.07692337036132812,-0.10051445007324217,0.5312831878662109,5.786667022705077,1.526400161743164,0.158417724609375,-0.08386787414550781,-0.002793124694824234,-0.0023323175048828304,-0.0021425095825195195,0.0003158381347656003,-0.017542034851074195,0.008524562133789049,
68,332702.855350621,0.306666,0.371281,0.205299,-0.276343,0.307689,0.131364,-0.07925000000000015,-0.031849999999999934,0.004350000000000187,-0.009350000000002412,-0.07780000000000009,0.01689999999999886,0.3042268753051758,0.3698406219482422,0.20237255096435547,-0.2786674499511719,0.2924013137817383,0.13981056213378906,-0.021978378295898438,0.09230804443359375,-0.127471923828125,-0.40659332275390625,0.3626365661621094,-0.0549468994140625,-0.33025802612304683,0.1579475402832031,5.958977508544922,1.5152172393798828,0.1323253173828125,-0.10250553894042969,-0.002439124694824213,-0.0014403780517578402,-0.0029264490356445405,-0.0023244499511718697,-0.015287686218261709,0.008446562133789054,
69,332702.865348254,0.305435,0.370773,0.205365,-0.2765,0.30648,0.131624,-0.1736500000000002,-0.08550000000000224,0.007999999999999674,-0.03485000000000016,-0.17135000000000067,0.033550000000000246,0.3038454055786133,0.3706035614013672,0.20122814178466797,-0.2809562683105469,0.2927827835083008,0.13981056213378906,-0.03956031799316406,-0.013187408447265625,-0.09230804443359375,-0.3186798095703125,0.03296661376953125,0.010990142822265625,-0.8471782684326171,0.3015396118164062,6.0738436889648435,1.474215347290039,0.11741502380371094,-0.11368765258789063,-0.0015895944213867308,-0.00016943859863283173,-0.004136858215332023,-0.0044562683105468515,-0.013697216491699193,0.008186562133789071,
70,332702.875348926,0.303193,0.369571,0.205459,-0.27704,0.304262,0.132035,-0.28144999999999976,-0.16840000000000188,0.010050000000000336,-0.0838499999999992,-0.2795999999999993,0.04760000000000042,0.3030824661254883,0.3702220916748047,0.19970226287841797,-0.2821016311645508,0.2927827835083008,0.13981056213378906,-0.10109901428222656,-0.07472610473632812,-0.10988998413085938,-0.1868133544921875,-0.03296661376953125,-0.03296661376953125,-0.9620519256591795,-0.5025647735595702,6.361027832031249,1.410848419189453,0.10623291015625,-0.10996028137207031,-0.00011053387451170904,0.0006510916748047046,-0.005756737121582034,-0.005061631164550773,-0.011479216491699196,0.007775562133789049,
71,332702.88535887,0.299806,0.367405,0.205566,-0.278177,0.300888,0.132576,-0.4029000000000005,-0.26924999999999866,0.011650000000000549,-0.14585000000000015,-0.40204999999999824,0.061749999999999305,0.3011751174926758,0.3698406219482422,0.19893932342529297,-0.2847719192504883,0.2912569046020508,0.13981056213378906,-0.373626708984375,-0.08351707458496094,-0.08351707458496094,-0.4285697937011719,-0.1868133544921875,0.010990142822265625,-1.1056402587890624,-0.732308349609375,6.159998931884765,1.4406681976318358,0.06523101806640624,-0.09877816772460937,0.0013691174926757643,0.002435621948242206,-0.00662667657470703,-0.006594919250488274,-0.009631095397949208,0.007234562133789063,
72,332702.895349447,0.295135,0.364186,0.205692,-0.279957,0.296221,0.13327,-0.5381500000000011,-0.3767499999999979,0.013849999999999973,-0.21054999999999824,-0.5381499999999984,0.07864999999999955,0.2977418899536133,0.3690776824951172,0.19855785369873047,-0.2866792678833008,0.2893495559692383,0.13981056213378906,-0.4527473449707031,-0.11868095397949219,-0.05714225769042969,-0.3626365661621094,-0.3846168518066406,0.010990142822265625,-1.134358673095703,-0.8471782684326171,6.475894012451171,1.4593058624267579,0.04286598205566406,-0.08759524536132812,0.0026068899536133006,0.004891682495117178,-0.007134146301269545,-0.00672226788330077,-0.006871444030761731,0.006540562133789063,
73,332702.905345127,0.289043,0.35987,0.205843,-0.282388,0.290125,0.134149,-0.687299999999999,-0.4887500000000017,0.01689999999999886,-0.27589999999999837,-0.6877999999999995,0.09870000000000018,0.2935457229614258,0.3675518035888672,0.19779491424560547,-0.2901124954223633,0.2862977981567383,0.13942909240722656,-0.5054950714111328,-0.1802196502685547,-0.048351287841796875,-0.4945068359375,-0.6043968200683594,-0.03296661376953125,-1.4502574920654296,-1.6800010681152342,6.447183074951171,1.4704879760742187,0.035411239624023434,-0.07268576049804687,0.004502722961425787,0.007681803588867164,-0.00804808575439453,-0.007724495422363309,-0.0038272018432617405,0.005280092407226572,
74,332702.915351305,0.281389,0.354411,0.20603,-0.285475,0.282465,0.135244,-0.8503999999999984,-0.6052500000000016,0.020900000000000085,-0.34180000000000044,-0.8509500000000003,0.12194999999999984,0.2882051467895508,0.3656444549560547,0.19779491424560547,-0.2943086624145508,0.2752342224121094,0.13981056213378906,-0.5494499206542969,-0.2681312561035156,-0.021978378295898438,-0.6043968200683594,-1.373626708984375,0.0549468994140625,-2.914870452880859,-1.6225642395019528,6.303591003417968,1.5226727905273436,0.18823750305175782,-0.05777546691894531,0.006816146789550781,0.011233454956054711,-0.008235085754394522,-0.008833662414550802,-0.007230777587890647,0.004566562133789059,
75,332702.925348415,0.272035,0.347765,0.206261,-0.289224,0.273106,0.136588,-1.024549999999999,-0.724749999999999,0.025600000000000622,-0.40769999999999973,-1.0249500000000022,0.14794999999999947,0.2809562683105469,0.3618297576904297,0.19741344451904297,-0.2996492385864258,0.2672233581542969,0.13981056213378906,-1.0241756439208984,-0.4263744354248047,0.013187408447265625,-0.7802200317382812,-1.1978034973144531,-0.0549468994140625,-1.7948709869384762,-1.9384630584716793,6.303591003417968,1.5785849761962891,0.2441496887207031,-0.03913861083984375,0.008921268310546848,0.014064757690429697,-0.008847555480957031,-0.0104252385864258,-0.00588264184570314,0.0032225621337890753,
76,332702.93535198,0.260898,0.339916,0.206542,-0.293629,0.261966,0.138203,-1.1959500000000012,-0.8403500000000008,0.03039999999999987,-0.4708000000000018,-1.1961000000000013,0.17400000000000054,0.2721824645996094,0.3561077117919922,0.19741344451904297,-0.3038454055786133,0.2569236755371094,0.14019203186035156,-0.9010982513427734,-0.6197795867919922,-0.013187408447265625,-0.626373291015625,-1.5714302062988281,0.03296661376953125,-2.6851268768310543,-1.909744644165039,6.562049255371092,1.5711294250488281,0.22551202392578124,-0.020500946044921874,0.011284464599609356,0.01619171179199219,-0.009128555480957035,-0.010216405578613308,-0.005042324462890602,0.00198903186035157,
77,332702.945347387,0.248116,0.330958,0.206869,-0.29864,0.249184,0.140068,-1.3507500000000006,-0.9452500000000003,0.03475000000000006,-0.5282000000000009,-1.350649999999999,0.19740000000000035,0.2615013122558594,0.3488597869873047,0.19741344451904297,-0.3095674514770508,0.24776840209960938,0.14019203186035156,-1.0945053100585938,-0.7604389190673828,-0.03076934814453125,-0.8241767883300781,-1.5714302062988281,-0.010990142822265625,-1.9958961486816404,-2.024614562988281,6.475894012451171,1.5972218322753906,0.22551202392578124,0.005591461181640625,0.013385312255859372,0.017901786987304713,-0.009455555480957029,-0.010927451477050765,-0.0014155979003906138,0.00012403186035156444,
78,332702.955348041,0.233883,0.321011,0.207237,-0.304193,0.234953,0.142151,-1.4861499999999999,-1.038,0.038449999999999596,-0.5792499999999978,-1.4858999999999998,0.21759999999999974,0.24853134155273438,0.3397035598754883,0.19741344451904297,-0.3149080276489258,0.23289108276367188,0.14057350158691406,-1.164834976196289,-0.9450550079345703,-0.0043964385986328125,-0.8021965026855469,-1.9011001586914062,0.0549468994140625,-2.0533329772949216,-1.5651274108886717,6.619486083984374,1.5860397186279296,0.2143299102783203,0.03168386840820312,0.014648341552734367,0.01869255987548829,-0.009823555480957036,-0.01071502764892579,-0.00206191723632812,-0.001577498413085937,
79,332702.965385423,0.218393,0.310198,0.207638,-0.310225,0.219466,0.14442,-1.6022000000000007,-1.1185499999999986,0.04149999999999987,-0.6239999999999996,-1.6018999999999992,0.2347000000000002,0.23441696166992188,0.3294038772583008,0.19741344451904297,-0.3202486038208008,0.22030258178710938,0.14095497131347656,-1.2615375518798828,-1.164834976196289,-0.0043964385986328125,-0.7802200317382812,-1.8351631164550781,0.03296661376953125,-2.5415385437011713,-1.5076905822753903,6.6482044982910145,1.5636746826171875,0.17705458068847657,0.06150364685058594,0.01602396166992187,0.019205877258300807,-0.01022455548095702,-0.010023603820800808,0.0008365817871093806,-0.0034650286865234303,
80,332702.975350013,0.201839,0.29864,0.208067,-0.316673,0.202915,0.146845,-1.6982499999999998,-1.1863999999999986,0.04395000000000093,-0.6621500000000002,-1.6979999999999995,0.2486000000000002,0.22144699096679688,0.3202486038208008,0.19779491424560547,-0.3244447708129883,0.21190929412841797,0.14171791076660156,-1.5692310333251953,-1.3318672180175781,-0.0043964385986328125,-0.8021965026855469,-2.0109901428222656,0.120880126953125,-2.48410171508789,-1.0769218444824218,6.447183074951171,1.5562199401855468,0.14723480224609375,0.07641313171386718,0.019607990966796884,0.021608603820800765,-0.010272085754394533,-0.007771770812988299,0.008994294128417957,-0.005127089233398441,
81,332702.985347977,0.184428,0.28647,0.208517,-0.323468,0.185506,0.149392,-1.7713999999999994,-1.238800000000001,0.04574999999999996,-0.6918000000000007,-1.7712500000000007,0.25904999999999956,0.20389842987060547,0.3076601028442383,0.19779491424560547,-0.3297853469848633,0.19741344451904297,0.14362525939941406,-1.6131858825683594,-1.4725265502929688,0.03076934814453125,-0.8241767883300781,-2.0329666137695312,0.27472686767578125,-1.5651274108886717,-0.9620519256591795,6.763078155517578,1.526400161743164,0.12114320373535156,0.06895838928222656,0.01947042987060546,0.02119010284423828,-0.01072208575439454,-0.0063173469848633035,0.011907444519042965,-0.0057667406005859345,
82,332702.995349919,0.166411,0.273864,0.208982,-0.330509,0.16749,0.152026,-1.8187000000000009,-1.2727999999999988,0.04684999999999967,-0.7111500000000021,-1.8186000000000007,0.2657500000000007,0.18520641326904297,0.2939271926879883,0.19779491424560547,-0.3355073928833008,0.17986583709716797,0.14553260803222656,-1.709890365600586,-1.3670330047607422,-0.013187408447265625,-0.8461532592773438,-2.2307701110839844,0.23077011108398438,-1.1056402587890624,-0.9620519256591795,6.504612426757811,1.4891256408691407,0.054048095703125,0.06523101806640624,0.018795413269042965,0.020063192687988285,-0.011187085754394532,-0.004998392883300784,0.012375837097167969,-0.006493391967773432,
83,332703.005348617,0.148054,0.261014,0.209454,-0.337691,0.149134,0.154707,-1.8395000000000008,-1.2879,0.04725000000000007,-0.7198499999999997,-1.8393999999999993,0.26865000000000083,0.16536998748779297,0.2794303894042969,0.19779491424560547,-0.3408479690551758,0.16460704803466797,0.14858436584472656,-2.123077392578125,-1.4373626708984375,-0.03076934814453125,-0.8021965026855469,-2.1868133544921875,0.4285697937011719,-1.3066654205322263,-0.7897451782226562,6.90667022705078,1.4667606048583983,0.03913861083984375,0.046593353271484374,0.017315987487792978,0.01841638940429685,-0.011659085754394533,-0.0031569690551757623,0.01547304803466798,-0.006122634155273449,
84,332703.015349753,0.129621,0.248106,0.209927,-0.344906,0.130702,0.157399,-1.8338499999999993,-1.2841500000000006,0.04704999999999987,-0.7178500000000004,-1.8337499999999993,0.2678,0.14591407775878906,0.2641716003417969,0.19779491424560547,-0.3465709686279297,0.15011024475097656,0.15049171447753906,-1.5340652465820312,-1.5604400634765625,0.013187408447265625,-0.8021965026855469,-2.164836883544922,0.34066009521484375,-0.933333511352539,0.1866659545898437,6.791796569824218,1.4406681976318358,-0.0018640899658203124,0.03913861083984375,0.016293077758789076,0.016065600341796882,-0.012132085754394534,-0.0016649686279296971,0.01940824475097655,-0.006907285522460949,
85,332703.025347043,0.111377,0.235331,0.210395,-0.352048,0.112459,0.160063,-1.8020999999999996,-1.2617000000000003,0.04615000000000036,-0.7053500000000018,-1.8019500000000008,0.26319999999999955,0.12493324279785156,0.24967575073242188,0.19779491424560547,-0.3522930145263672,0.13523292541503906,0.15354347229003906,-2.4043960571289062,-1.2967033386230469,-0.0043964385986328125,-0.8241767883300781,-2.164836883544922,0.3626365661621094,-0.646153106689453,0.2728211975097656,6.6482044982910145,1.429486083984375,-0.10250553894042969,0.024228317260742187,0.013556242797851559,0.014344750732421863,-0.01260008575439453,-0.0002450145263671599,0.02277392541503906,-0.006519527709960948,
86,332703.035347384,0.093579,0.222872,0.21085,-0.359013,0.094663,0.162663,-1.7460000000000002,-1.222150000000001,0.044700000000000295,-0.683149999999999,-1.7458500000000001,0.2550499999999997,0.10585975646972656,0.23556137084960938,0.19817638397216797,-0.3572521209716797,0.11921119689941406,0.15659618377685547,-2.114285469055176,-1.3142852783203125,0.0043964385986328125,-0.7582435607910156,-2.3406600952148438,0.3846168518066406,-0.5312831878662109,0.1292291259765625,6.475894012451171,1.3661183471679688,-0.11741502380371094,0.01304620361328125,0.012280756469726567,0.012689370849609388,-0.012673616027832041,0.001760879028320339,0.024548196899414065,-0.006066816223144533,
87,332703.045349138,0.076457,0.210888,0.211289,-0.365711,0.077542,0.165164,-1.6671999999999998,-1.1667499999999997,0.04274999999999973,-0.6520999999999999,-1.6670499999999997,0.24359999999999937,0.09060001373291016,0.22373580932617188,0.19817638397216797,-0.3614482879638672,0.10700416564941406,0.15850353240966797,-2.1758241653442383,-1.4461536407470703,0.0043964385986328125,-0.7582435607910156,-2.25274658203125,0.34066009521484375,0.043077621459960934,0.8184598541259764,6.791796569824218,1.3512088623046874,-0.11741502380371094,0.009318832397460937,0.014143013732910159,0.012847809326171883,-0.013112616027832036,0.004262712036132821,0.029462165649414063,-0.0066604675903320365,
88,332703.055347765,0.060235,0.199537,0.211705,-0.372055,0.061322,0.167535,-1.5660999999999998,-1.0958499999999995,0.04030000000000006,-0.6122500000000003,-1.566,0.22889999999999994,0.07228946685791016,0.21000194549560547,0.19817638397216797,-0.3660259246826172,0.09136295318603516,0.16079235076904297,-1.7186813354492188,-1.25274658203125,0.03956031799316406,-0.7362632751464844,-2.3186798095703125,0.3626365661621094,0.24410278320312498,0.7610267639160155,6.6482044982910145,1.3027514190673828,-0.0801405029296875,0.005591461181640625,0.01205446685791016,0.010464945495605477,-0.013528616027832036,0.006029075317382837,0.030040953186035155,-0.006742649230957021,
89,332703.065356442,0.045135,0.188971,0.212095,-0.377956,0.046222,0.169742,-1.44275,-1.0094999999999992,0.03744999999999998,-0.5636999999999975,-1.4427,0.21084999999999993,0.054360389709472656,0.19626903533935547,0.19855785369873047,-0.3709850311279297,0.07953739166259766,0.16498851776123047,-1.8241748809814453,-1.3494510650634766,0.021978378295898438,-0.7362632751464844,-1.7252731323242188,0.5384597778320312,0.7610267639160155,1.47897590637207,6.475894012451171,1.3213890838623046,-0.20314698791503905,-0.024228317260742187,0.009225389709472655,0.007298035339355469,-0.013537146301269537,0.006970968872070327,0.03331539166259766,-0.004753482238769535,
90,332703.075354141,0.03138,0.179347,0.212454,-0.383329,0.032468,0.171752,-1.29865,-0.9086999999999997,0.03409999999999941,-0.5070999999999992,-1.2986499999999999,0.18974999999999964,0.037575721740722656,0.18368053436279297,0.19932079315185547,-0.3755626678466797,0.06733036041259766,0.16689586639404297,-1.876922607421875,-1.3318672180175781,0.09230804443359375,-0.626373291015625,-1.7912101745605469,0.40659332275390625,1.5364089965820311,1.2492323303222654,6.303591003417968,1.3139343414306641,-0.2963336944580078,-0.035411239624023434,0.006195721740722658,0.004333534362792962,-0.013133206848144535,0.007766332153320288,0.03486236041259766,-0.004856133605957019,
91,332703.085346297,0.019162,0.170797,0.212777,-0.388098,0.020249,0.173537,-1.1418,-0.7990499999999997,0.03024999999999972,-0.44570000000000165,-1.1419,0.16685000000000033,0.02346038818359375,0.17223644256591797,0.20008373260498047,-0.3789958953857422,0.057793617248535156,0.17032909393310547,-1.2000007629394531,-0.9274730682373047,0.05714225769042969,-0.5164833068847656,-1.74725341796875,0.40659332275390625,1.5938458251953123,1.3641022491455077,6.217435760498046,1.2580221557617186,-0.2814242095947266,-0.05777546691894531,0.0042983881835937515,0.0014394425659179644,-0.012693267395019525,0.009102104614257811,0.03754461724853515,-0.003207906066894528,
92,332703.09534576,0.008544,0.163366,0.213059,-0.392243,0.00963,0.175089,-0.9802499999999998,-0.6860500000000005,0.025900000000000922,-0.3827999999999998,-0.9803499999999999,0.14325000000000032,0.01087188720703125,0.16231822967529297,0.20046520233154297,-0.3820476531982422,0.044442176818847656,0.17185497283935547,-1.1120872497558594,-0.8835163116455078,0.03956031799316406,-0.40659332275390625,-1.5714302062988281,0.23077011108398438,1.1630770874023435,1.2779470062255858,6.791796569824218,1.2207476348876953,-0.2702420959472656,-0.05777546691894531,0.0023278872070312505,-0.0010477703247070425,-0.01259379766845703,0.01019534680175782,0.03481217681884766,-0.003234027160644526,
93,332703.105350574,-0.000443,0.157076,0.213295,-0.395754,0.000642,0.176402,-0.8156,-0.5708500000000005,0.021000000000000185,-0.3189499999999984,-0.8156,0.11914999999999981,0.00019073486328125,0.15430641174316406,0.20122814178466797,-0.3843364715576172,0.035286903381347656,0.17376232147216797,-1.2703304290771484,-0.6549453735351562,0.03956031799316406,-0.4285697937011719,-1.3956031799316406,0.25274658203125,1.8810262298583982,2.0533329772949216,6.274872589111328,1.16483544921875,-0.27769683837890624,-0.046593353271484374,0.00063373486328125,-0.002769588256835931,-0.012066858215332044,0.011417528442382807,0.03464490338134766,-0.0026396785278320345,
94,332703.115350019,-0.007768,0.151949,0.213479,-0.398622,-0.006682,0.177472,-0.6478499999999999,-0.45339999999999964,0.015549999999998898,-0.25429999999999897,-0.6475500000000001,0.09465000000000029,-0.00743865966796875,0.14820289611816406,0.20160961151123047,-0.3873882293701172,0.02651214599609375,0.17528820037841797,-0.7780227661132812,-0.46153831481933594,0.0659332275390625,-0.40659332275390625,-1.2417564392089844,0.20878982543945312,1.134358673095703,1.737434158325195,6.188717346191405,1.1871996765136719,-0.266513916015625,-0.05032072448730469,0.00032934033203124973,-0.0037461038818359382,-0.011869388488769533,0.011233770629882789,0.03319414599609375,-0.002183799621582022,
95,332703.125348246,-0.0134,0.148008,0.213606,-0.40084,-0.012309,0.178295,-0.4798,-0.3356999999999999,0.009850000000000136,-0.18975000000000242,-0.4791500000000001,0.07010000000000072,-0.01277923583984375,0.14400672912597656,0.20237255096435547,-0.3896770477294922,0.02079010009765625,0.17643260955810547,-0.5318679809570312,-0.5054950714111328,0.0659332275390625,-0.47252655029296875,-1.0439567565917969,0.1868133544921875,0.9620519256591795,1.5364089965820311,6.303591003417968,1.2132920837402343,-0.2627865447998047,-0.046593353271484374,0.0006207641601562505,-0.004001270874023438,-0.011233449035644522,0.011162952270507787,0.03309910009765625,-0.0018623904418945403,
96,332703.135345876,-0.017364,0.145235,0.213676,-0.402417,-0.016265,0.178874,-0.32555000000000006,-0.22770000000000012,0.005150000000000987,-0.130050000000001,-0.3247999999999999,0.04754999999999898,-0.01697540283203125,0.14057350158691406,0.20313549041748047,-0.3923473358154297,0.01544952392578125,0.17757701873779297,-0.33846092224121094,-0.25054931640625,0.08351707458496094,-0.4505500793457031,-0.9780235290527344,0.16483688354492188,0.1292291259765625,1.47897590637207,6.0738436889648435,1.2505674133300781,-0.24787705993652343,-0.054048095703125,0.00038859716796875096,-0.0046614984130859405,-0.010540509582519536,0.010069664184570337,0.03171452392578125,-0.0012969812622070365,
97,332703.145352302,-0.019911,0.143454,0.213709,-0.403441,-0.018805,0.179246,-0.1993,-0.13935000000000058,0.0026499999999998747,-0.08004999999999818,-0.1986999999999999,0.02909999999999996,-0.01964569091796875,0.13866615295410156,0.20389842987060547,-0.3953990936279297,0.00820159912109375,0.17872142791748047,-0.25054931640625,-0.0659332275390625,0.03956031799316406,-0.3626365661621094,-0.868133544921875,0.120880126953125,0.6174346923828123,1.5364089965820311,6.274872589111328,1.3139343414306641,-0.20687435913085936,-0.05777546691894531,0.0002653090820312516,-0.004787847045898436,-0.009810570129394541,0.008041906372070307,0.02700659912109375,-0.0005245720825195199,
98,332703.155386109,-0.02135,0.142448,0.213729,-0.404018,-0.020239,0.179456,-0.10379999999999989,-0.07265000000000049,0.0025999999999998247,-0.04065000000000041,-0.10380000000000007,0.015199999999999936,-0.02117156982421875,0.13866615295410156,0.20427989959716797,-0.3961620330810547,0.00362396240234375,0.17872142791748047,-0.07472610473632812,0.021978378295898438,0.048351287841796875,-0.14285659790039062,-0.6703300476074219,-0.010990142822265625,0.1579475402832031,0.8184598541259764,6.217435760498046,1.272931640625,-0.1807827606201172,-0.03913861083984375,0.00017843017578125092,-0.003781847045898429,-0.009449100402832034,0.0078559669189453,0.02386296240234375,-0.0007345720825195357,
99,332703.165352188,-0.021987,0.142001,0.213761,-0.404254,-0.020881,0.17955,-0.0390999999999999,-0.027549999999999797,0.005099999999999549,-0.011849999999999361,-0.04010000000000003,0.005750000000000199,-0.02117156982421875,0.13904762268066406,0.20466136932373047,-0.3976879119873047,-0.00057220458984375,0.17872142791748047,0.013187408447265625,0.03956031799316406,0.05714225769042969,-0.23077011108398438,-0.6703300476074219,0.03296661376953125,-0.5025647735595702,1.5364089965820311,6.332309417724608,1.2692042694091796,-0.14350743103027344,-0.020500946044921874,0.0008154301757812496,-0.002953377319335926,-0.009099630676269538,0.006566088012695315,0.02030879541015625,-0.0008285720825195186,
100,332703.175351514,-0.022132,0.141897,0.213831,-0.404255,-0.021041,0.179571,-0.00010000000000010001,-0.0005999999999992123,0.011799999999999311,0.009899999999998799,-0.0028499999999999012,5.0000000000050004e-05,-0.02117156982421875,0.13904762268066406,0.20504283905029297,-0.3984508514404297,-0.00400543212890625,0.17872142791748047,0.021978378295898438,0.05714225769042969,0.021978378295898438,-0.120880126953125,-0.4945068359375,-0.03296661376953125,-0.1866659545898437,0.8758966827392577,6.6482044982910145,1.272931640625,-0.09877816772460937,-0.01304620361328125,0.0009604301757812489,-0.002849377319335933,-0.008788160949707025,0.005804148559570288,0.01703556787109375,-0.0008495720825195396,
101,332703.185348057,-0.021989,0.141989,0.213997,-0.404056,-0.020938,0.179551,0.038799999999999946,0.025600000000000622,0.03130000000000077,0.042299999999997895,0.031349999999999954,-0.005600000000000049,-0.02079010009765625,0.14057350158691406,0.20504283905029297,-0.3988323211669922,-0.00743865966796875,0.17872142791748047,0.021978378295898438,0.127471923828125,-0.0043964385986328125,-0.07692337036132812,-0.4505500793457031,-0.03296661376953125,0.33025802612304683,0.7035899353027343,6.6482044982910145,1.2766590118408203,-0.06150364685058594,-0.009318832397460937,0.0011988999023437516,-0.0014154984130859416,-0.008954160949707024,0.005223678833007839,0.013499340332031248,-0.0008295720825195196,
102,332703.195347524,-0.021356,0.142409,0.214457,-0.403409,-0.020414,0.179459,0.10320000000000017,0.06864999999999927,0.07220000000000004,0.10320000000000051,0.08584999999999998,-0.014899999999999636,-0.02002716064453125,0.14248085021972656,0.20504283905029297,-0.3992137908935547,-0.01010894775390625,0.17872142791748047,0.10109901428222656,0.17142868041992188,0.03076934814453125,-0.07692337036132812,-0.3846168518066406,-0.03296661376953125,0.10051445007324217,0.732308349609375,6.992817993164062,1.3325711975097656,-0.01304620361328125,-0.009318832397460937,0.00132883935546875,7.18502197265547e-05,-0.00941416094970704,0.00419520910644533,0.010305052246093752,-0.0007375720825195387,
103,332703.205351535,-0.019925,0.143362,0.215441,-0.401992,-0.019221,0.179253,0.19819999999999993,0.13195000000000012,0.13624999999999887,0.19620000000000193,0.1654000000000001,-0.028550000000000797,-0.01888275146484375,0.14438819885253906,0.20504283905029297,-0.3995952606201172,-0.01125335693359375,0.17833995819091797,0.10988998413085938,0.17142868041992188,0.013187408447265625,-0.09889984130859375,-0.20878982543945312,-0.03296661376953125,0.1579475402832031,0.933333511352539,6.6482044982910145,1.4332134552001952,0.020500946044921874,-0.01304620361328125,0.0010422485351562483,0.001026198852539073,-0.010398160949707025,0.0023967393798828285,0.007967643066406249,-0.0009130418090820269,
104,332703.215353758,-0.017392,0.145048,0.217182,-0.399485,-0.017106,0.178888,0.3237499999999999,0.21545000000000036,0.22345000000000004,0.32120000000000204,0.2700499999999999,-0.04664999999999947,-0.01735687255859375,0.14553260803222656,0.20542430877685547,-0.3999767303466797,-0.01201629638671875,0.17872142791748047,0.2417583465576172,0.17142868041992188,0.03956031799316406,-0.09889984130859375,-0.27472686767578125,0.010990142822265625,0.933333511352539,1.3641022491455077,7.222565307617186,1.5301275329589843,0.05777546691894531,-0.020500946044921874,3.512744140625121e-05,0.00048460803222655224,-0.011757691223144517,-0.0004917303466797085,0.00508970361328125,-0.0001665720825195227,
105,332703.225353078,-0.01345,0.147671,0.21991,-0.395568,-0.01382,0.17832,0.4771000000000001,0.3173999999999996,0.33160000000000134,0.4752499999999993,0.3974,-0.06874999999999937,-0.01506805419921875,0.14743995666503906,0.20580577850341797,-0.4003582000732422,-0.01010894775390625,0.17833995819091797,0.3120880126953125,0.1890106201171875,0.013187408447265625,-0.03296661376953125,0.23077011108398438,-0.07692337036132812,1.1630770874023435,1.0769218444824218,7.854355468749999,1.686681167602539,0.10623291015625,-0.0279556884765625,-0.0016180541992187499,-0.0002310433349609342,-0.014104221496582026,-0.004790200073242212,0.0037110522460937507,1.995819091796247e-05,
106,332703.235348109,-0.00785,0.151396,0.223814,-0.38998,-0.009158,0.177513,0.6442,0.42844999999999966,0.4500000000000004,0.6435999999999997,0.536,-0.09284999999999988,-0.01010894775390625,0.15011024475097656,0.20656871795654297,-0.3999767303466797,-0.00743865966796875,0.17833995819091797,0.47032928466796875,0.373626708984375,0.05714225769042969,0.0549468994140625,0.3626365661621094,0.010990142822265625,1.2779470062255858,1.4215390777587888,9.031795501708984,1.8245979461669921,0.09505079650878906,-0.03913861083984375,-0.0022589477539062507,-0.0012857552490234403,-0.017245282043457044,-0.009996730346679694,0.0017193403320312495,0.0008269581909179646,
107,332703.245350179,-0.000566,0.15624,0.22891,-0.382696,-0.0031,0.176463,0.8109999999999999,0.5392999999999994,0.567899999999999,0.8113499999999996,0.67445,-0.11685000000000029,-0.00629425048828125,0.15392494201660156,0.20733165740966797,-0.3980693817138672,-0.00514984130859375,0.17833995819091797,0.46153831481933594,0.47912025451660156,0.11868095397949219,0.27472686767578125,0.5164833068847656,-0.03296661376953125,1.737434158325195,1.3928206634521483,9.146669158935545,1.932694137573242,0.11741502380371094,-0.05777546691894531,-0.00572825048828125,-0.0023150579833984275,-0.021578342590332034,-0.015373381713867207,-0.00204984130859375,0.00187695819091796,
108,332703.255351472,0.00837,0.162182,0.235172,-0.373753,0.004331,0.175176,0.9747,0.6481,0.6832000000000005,0.9755999999999987,0.8104999999999999,-0.1403500000000002,-0.00095367431640625,0.15926647186279297,0.20923900604248047,-0.3961620330810547,0.00362396240234375,0.17833995819091797,0.5758247375488281,0.41758155822753906,0.28571510314941406,0.27472686767578125,1.0879135131835938,-0.07692337036132812,2.426664886474609,1.4215390777587888,9.146669158935545,2.0929759521484375,0.035411239624023434,-0.0801405029296875,-0.00932367431640625,-0.002915528137207024,-0.025932993957519523,-0.022409033081054686,-0.0007070375976562498,0.0031639581909179704,
109,332703.265346831,0.018928000000000163,0.1692020000000001,0.24257400000000012,-0.36318399999999984,0.013110000000000134,0.17365599999999998,1.135300000000002,0.7548500000000015,0.795800000000001,1.1364000000000036,0.944050000000002,-0.16345000000000004,0.00743865966796875,0.16384410858154297,0.21305370330810547,-0.3942546844482422,0.01316070556640625,0.17833995819091797,0.9450550079345703,0.4967041015625,0.4263744354248047,0.25274658203125,1.373626708984375,-0.010990142822265625,2.311794967651367,0.9907703399658202,9.40512741088867,2.3352615509033203,-0.06895838928222656,-0.10996028137207031,-0.011489340332031413,-0.005357891418457134,-0.029520296691894654,-0.031070684448242347,5.07055664061163e-05,0.004683958190917992,
110,332703.277181258,0.031076000000000183,0.1772790000000001,0.2510880000000001,-0.3510249999999998,0.023212000000000153,0.17190699999999998,1.2912000000000021,0.8584500000000024,0.9046500000000002,1.2921000000000038,1.0737500000000018,-0.18585000000000026,0.01773834228515625,0.17185497283935547,0.21724987030029297,-0.3896770477294922,0.02040863037109375,0.17833995819091797,1.4373626708984375,0.8483524322509766,0.39999961853027344,0.7362632751464844,1.3076934814453125,-0.010990142822265625,2.1107698059082027,1.4215390777587888,10.266664886474608,2.4955425567626954,-0.11741502380371094,-0.15096298217773438,-0.013337657714843933,-0.005424027160644634,-0.03383812969970712,-0.03865204772949238,-0.0028033696289064026,0.006432958190917992,
111,332703.285347894,0.0447520000000002,0.18637100000000015,0.26066700000000015,-0.33734199999999975,0.034585000000000164,0.16993899999999998,1.4345000000000023,0.9537000000000019,1.0046000000000013,1.4350500000000013,1.1930500000000017,-0.20645,0.02880096435546875,0.18062877655029297,0.22182846069335938,-0.3828105926513672,0.032998085021972656,0.17757701873779297,1.2263736724853516,0.9538459777832031,0.5406589508056641,0.9780235290527344,1.6153831481933594,-0.09889984130859375,1.7087194824218748,1.5938458251953123,10.008206634521482,2.510452850341797,-0.13978005981445313,-0.158417724609375,-0.01595103564453145,-0.005742223449707179,-0.038838539306640774,-0.045468592651367434,-0.001586914978027508,0.00763801873779299,
112,332703.295345681,0.05976600000000022,0.19635300000000014,0.27118000000000014,-0.3223239999999998,0.047073000000000184,0.16777799999999998,1.557200000000002,1.0354000000000014,1.090300000000001,1.557650000000001,1.2952000000000017,-0.22415000000000102,0.042153358459472656,0.19092845916748047,0.22793197631835938,-0.3740367889404297,0.044442176818847656,0.17757701873779297,1.6131858825683594,1.2351646423339844,0.6197795867919922,1.2197799682617188,1.5934066772460938,-0.010990142822265625,2.196921310424804,0.6748715209960936,10.668715209960936,2.5700924072265625,-0.1546903533935547,-0.1919648742675781,-0.017612641540527565,-0.00542454083251967,-0.04324802368164077,-0.05171278894042991,-0.002630823181152528,0.009799018737792986,
113,332703.305347471,0.07589599999999977,0.20707899999999985,0.2824729999999998,-0.3061890000000002,0.06048899999999981,0.16545600000000002,1.6577499999999992,1.1023999999999998,1.1605999999999999,1.658249999999999,1.378799999999999,-0.23874999999999993,0.057412147521972656,0.20160961151123047,0.23556137084960938,-0.3622112274169922,0.055123329162597656,0.17719554901123047,1.6571426391601562,0.9714279174804688,0.8131866455078125,1.6813201904296875,1.5714302062988281,-0.010990142822265625,1.766152572631836,0.4738463592529296,10.467693786621092,2.562637664794922,-0.08386787414550781,-0.23296676635742186,-0.018483852478027113,-0.005469388488769378,-0.04691162915039043,-0.056022227416991977,-0.0053656708374021506,0.011739549011230449,
114,332703.315344843,0.09292099999999975,0.21840099999999985,0.2943919999999998,-0.2891590000000002,0.07464899999999978,0.16300300000000004,1.7360999999999989,1.1546999999999983,1.215650000000001,1.7368999999999988,1.4439499999999994,-0.25024999999999903,0.07381534576416016,0.21419811248779297,0.24433517456054688,-0.3500041961669922,0.06694889068603516,0.17605113983154297,1.6571426391601562,0.997802734375,1.0329666137695312,1.8571434020996094,1.74725341796875,-0.20878982543945312,2.082051391601562,-0.3589727020263671,10.496412200927734,2.585001892089844,-0.046593353271484374,-0.23669413757324217,-0.019105654235839598,-0.0042028875122068765,-0.050056825439452945,-0.060845196166991966,-0.007700109313964629,0.013048139831542932,
115,332703.325348979,0.11061799999999974,0.23017299999999982,0.30678599999999984,-0.2714510000000003,0.0893679999999998,0.16045100000000004,1.7919,1.1921,1.2551000000000003,1.7932499999999987,1.4903499999999996,-0.2585500000000004,0.08831119537353516,0.22449874877929688,0.2523460388183594,-0.3393220901489258,0.07686710357666016,0.17452526092529297,1.7802200317382812,1.208791732788086,0.9186820983886719,1.9230766296386719,1.74725341796875,-0.2967033386230469,1.823589401245117,-0.043077621459960934,10.898462524414061,2.6110942993164064,-0.020500946044921874,-0.2143299102783203,-0.022306804626464588,-0.005674251220702947,-0.05443996118164046,-0.0678710901489255,-0.012500896423339639,0.01407426092529293,
116,332703.33534857,0.12875899999999976,0.24224299999999985,0.31949399999999983,-0.2532940000000003,0.10445599999999977,0.15783200000000003,1.8235000000000001,1.2132500000000004,1.2774499999999993,1.8251500000000005,1.5166000000000002,-0.26320000000000093,0.10395240783691406,0.23823165893554688,0.2645530700683594,-0.3233003616333008,0.08869266510009766,0.17261791229248047,1.912088394165039,1.25274658203125,0.9098892211914062,2.164836883544922,1.7032966613769531,-0.34066009521484375,1.134358673095703,-0.8184598541259764,10.553849029541015,2.532817886352539,0.009318832397460937,-0.19569224548339842,-0.0248065921630857,-0.004011341064452972,-0.05494092993164046,-0.07000636163330048,-0.015763334899902115,0.014785912292480441,
117,332703.345345362,0.147088,0.254438,0.332335,-0.234948,0.1197,0.155187,1.8290999999999988,1.2168499999999984,1.281299999999999,1.8305500000000017,1.5212500000000004,-0.2638500000000002,0.12722206115722656,0.2504386901855469,0.2759971618652344,-0.3068971633911133,0.10090065002441406,0.16918468475341797,2.290109634399414,1.1824169158935547,1.1384620666503906,2.5604400634765625,1.879119873046875,-0.4285697937011719,1.4215390777587888,-1.1630770874023435,9.86461456298828,2.4843604431152344,0.06523101806640624,-0.1546903533935547,-0.019865938842773434,-0.0039993098144531225,-0.056337838134765617,-0.07194916339111329,-0.01879934997558594,0.013997684753417977,
118,332703.355348146,0.165341,0.26658,0.34512,-0.216683,0.134881,0.152555,1.8083500000000001,1.2025499999999993,1.2663000000000006,1.8090999999999995,1.5039999999999998,-0.2604999999999996,0.14705848693847656,0.2634086608886719,0.2893495559692383,-0.2889680862426758,0.11310768127441406,0.16689586639404297,1.6131858825683594,1.2351646423339844,1.1296710968017578,2.5384597778320312,1.8131866455078125,-0.3846168518066406,0.07179603576660155,-0.6174346923828123,10.38153854370117,2.406083221435547,0.13978005981445313,-0.158417724609375,-0.018282513061523425,-0.0031713391113281086,-0.0557704440307617,-0.0722850862426758,-0.02177331872558594,0.014340866394042973,
119,332703.365353077,0.183255,0.278489,0.357661,-0.198766,0.14978,0.149977,1.7613000000000003,1.1703500000000004,1.2325000000000002,1.7608,1.4648499999999995,-0.2529500000000004,0.16727733612060547,0.2771415710449219,0.3034639358520508,-0.2698936462402344,0.12645912170410156,0.16384410858154297,2.0615386962890625,1.287912368774414,1.4021968841552734,2.868133544921875,1.9230766296386719,-0.4505500793457031,0.3876911163330078,-1.0194887542724609,9.491282653808593,2.3240794372558593,0.14350743103027344,-0.14350743103027344,-0.015977663879394532,-0.0013474289550781116,-0.054197064147949225,-0.07112764624023438,-0.023320878295898434,0.01386710858154297,
120,332703.375352389,0.200567,0.289987,0.36977,-0.181467,0.164178,0.147496,1.6885499999999998,1.120850000000001,1.1804000000000008,1.6864000000000003,1.4042999999999999,-0.24150000000000005,0.18635082244873047,0.2901124954223633,0.3175783157348633,-0.2500572204589844,0.13866615295410156,0.16079235076904297,1.789011001586914,1.3934059143066406,1.2967033386230469,2.956043243408203,1.8351631164550781,-0.4285697937011719,0.1579475402832031,-0.933333511352539,9.462564239501951,2.152615509033203,0.16587246704101563,-0.1323253173828125,-0.014216177551269527,0.00012549542236328648,-0.052191684265136706,-0.06859022045898439,-0.025511847045898428,0.01329635076904298,
121,332703.386772206,0.217026,0.300906,0.381269,-0.165038,0.177866,0.145147,1.593,1.0567500000000007,1.1128500000000012,1.5898999999999996,1.324850000000001,-0.22719999999999962,0.20504283905029297,0.3030824661254883,0.3305482864379883,-0.23212814331054688,0.15087318420410156,0.15697765350341797,1.6835155487060547,1.3318672180175781,1.2615375518798828,3.0,1.9450531005859375,-0.5164833068847656,-0.6748715209960936,-1.1630770874023435,9.232816925048827,1.9699694671630859,0.10623291015625,-0.08759524536132812,-0.011983160949707028,0.0021764661254882745,-0.05072071356201174,-0.06709014331054688,-0.026992815795898434,0.01183065350341797,
122,332703.39538616,0.232427,0.311122,0.392027,-0.149669,0.190675,0.142952,1.4776499999999997,0.9806499999999996,1.0326499999999987,1.4753499999999988,1.2289000000000008,-0.21110000000000018,0.22259140014648438,0.3152894973754883,0.3473339080810547,-0.20885753631591797,0.16231822967529297,0.15354347229003906,1.5780220031738281,1.3318672180175781,1.3494510650634766,2.9340667724609375,1.4395599365234375,-0.47252655029296875,-0.1866659545898437,-1.47897590637207,7.796926116943359,1.7947781677246093,0.20314698791503905,-0.06523101806640624,-0.00983559985351562,0.004167497375488272,-0.04469309191894533,-0.05918853631591797,-0.028356770324707042,0.010591472290039067,
123,332703.405350133,0.246579,0.320519,0.401922,-0.135531,0.202444,0.140925,1.3430500000000012,0.8930500000000008,0.9403999999999996,1.3435499999999996,1.117,-0.19339999999999913,0.23632431030273438,0.3244447708129883,0.3595409393310547,-0.19245433807373047,0.17032909393310547,0.15163612365722656,1.3406600952148438,0.997802734375,1.7010993957519531,2.9340667724609375,1.4175834655761719,-0.40659332275390625,-0.646153106689453,-1.4502574920654296,7.394868316650389,1.6568613891601562,0.30751661682128906,-0.06895838928222656,-0.010254689697265618,0.003925770812988283,-0.042381060668945314,-0.056923338073730456,-0.032114906066894544,0.010711123657226568,
124,332703.415353634,0.259288,0.328983,0.410835,-0.122798,0.213015,0.139084,1.18925,0.7940499999999989,0.8360499999999993,1.1944500000000005,0.9891999999999997,-0.1740499999999992,0.2515830993652344,0.3343629837036133,0.3747997283935547,-0.17414379119873047,0.17795848846435547,0.14820289611816406,1.7978019714355469,0.8395595550537109,1.6923084259033203,2.7582435607910156,1.4395599365234375,-0.4945068359375,-0.646153106689453,-0.5887162780761718,6.504612426757811,1.5189454193115235,0.3149713592529297,-0.05032072448730469,-0.0077049006347656435,0.005379983703613256,-0.03603527160644532,-0.051345791198730464,-0.03505651153564454,0.00911889611816405,
125,332703.425353691,0.270364,0.3364,0.418643,-0.111642,0.222228,0.137444,1.0190000000000003,0.6848999999999994,0.7209500000000008,1.0301000000000005,0.8476499999999998,-0.1530500000000004,0.2645530700683594,0.3423738479614258,0.3885326385498047,-0.15621376037597656,0.18902111053466797,0.14591407775878906,1.1736259460449219,0.7780227661132812,1.2351646423339844,2.5164833068847656,1.2637367248535156,-0.3846168518066406,-0.9046150970458983,-0.646153106689453,5.671793365478515,1.3847560119628906,0.30006187438964843,-0.035411239624023434,-0.005810929931640618,0.005973847961425804,-0.0301103614501953,-0.04457176037597656,-0.03320688946533204,0.008470077758789052,
126,332703.435351925,0.279668,0.342681,0.425254,-0.102196,0.229968,0.136023,0.8458999999999994,0.5720000000000003,0.6020999999999999,0.8602500000000006,0.7037500000000002,-0.130050000000001,0.2737083435058594,0.3480968475341797,0.3992137908935547,-0.14248085021972656,0.19626903533935547,0.14324378967285156,1.0329666137695312,0.5054950714111328,1.3934059143066406,2.582416534423828,1.1098899841308594,-0.4945068359375,-0.9046150970458983,-1.1630770874023435,5.298461456298828,1.2542947845458985,0.32988165283203125,-0.024228317260742187,-0.005959656494140653,0.005415847534179674,-0.026040209106445333,-0.04028485021972657,-0.03369896466064454,0.0072207896728515575,
127,332703.445350069,0.287282,0.34784,0.430685,-0.094437,0.236303,0.134843,0.6836999999999982,0.46194999999999986,0.48629999999999785,0.6947499999999995,0.5687999999999999,-0.10480000000000073,0.2847719192504883,0.3542003631591797,0.4140920639038086,-0.12340736389160156,0.20160961151123047,0.14095497131347656,0.8043956756591797,0.4439563751220703,0.9714279174804688,2.4065933227539062,0.9780235290527344,-0.2967033386230469,-0.9907703399658202,-0.7610267639160155,4.006155242919921,0.9970988922119141,0.3447911376953125,-0.020500946044921874,-0.0025100807495117006,0.006360363159179705,-0.01659293609619139,-0.02897036389160157,-0.034693388488769544,0.006111971313476572,
128,332703.455344978,0.293342,0.35192,0.43498,-0.088301,0.241344,0.133927,0.5351500000000009,0.35600000000000076,0.37485000000000157,0.5355499999999999,0.4450499999999996,-0.07719999999999949,0.2920198440551758,0.3587779998779297,0.4243917465209961,-0.10929298400878906,0.20809459686279297,0.13942909240722656,0.7428569793701172,0.33846092224121094,1.2351646423339844,2.0109901428222656,0.8021965026855469,-0.25274658203125,-1.6800010681152342,-0.33025802612304683,4.092310485839843,0.8666376647949219,0.38206565856933594,-0.024228317260742187,-0.0013221559448242104,0.006857999877929677,-0.010588253479003884,-0.020991984008789058,-0.033249403137207034,0.005502092407226572,
129,332703.465345106,0.297985,0.35496,0.438182,-0.083726,0.245204,0.133299,0.40020000000000056,0.25409999999999877,0.26785000000000003,0.3826500000000003,0.3325499999999995,-0.04725000000000007,0.2973604202270508,0.3603038787841797,0.4343099594116211,-0.09594154357910156,0.21305370330810547,0.13904762268066406,0.47032928466796875,0.08351707458496094,0.9714279174804688,1.9230766296386719,0.6923065185546875,-0.120880126953125,-0.8471782684326171,-0.445127944946289,3.288206100463867,0.7249935150146484,0.3746109161376953,-0.035411239624023434,-0.0006245797729492186,0.00534387878417969,-0.003872040588378922,-0.012215543579101568,-0.03215029669189454,0.005748622680664062,
130,332703.475346064,0.301346,0.357002,0.440337,-0.080648,0.247995,0.132982,0.27890000000000137,0.1585000000000003,0.16754999999999964,0.23929999999999993,0.2313499999999996,-0.016850000000000198,0.3015565872192383,0.3610668182373047,0.4427022933959961,-0.08449649810791016,0.21839427947998047,0.13828468322753906,0.28571510314941406,0.021978378295898438,0.8131866455078125,1.6373634338378906,0.7362632751464844,-0.07692337036132812,-1.2779470062255858,-0.10051445007324217,3.2020508575439446,0.5908041076660157,0.3149713592529297,-0.046593353271484374,0.0002105872192382785,0.0040648182373047015,0.0023652933959961153,-0.0038484981079101588,-0.029600720520019524,0.005302683227539073,
131,332703.485375497,0.303563,0.35813,0.441533,-0.07894,0.249831,0.132962,0.17145000000000077,0.08005000000000095,0.08510000000000184,0.12150000000000008,0.1418500000000003,0.004650000000000487,0.3030824661254883,0.3610668182373047,0.4484243392944336,-0.07724857330322266,0.22220993041992188,0.13790321350097656,0.1978015899658203,-0.013187408447265625,0.6021976470947266,1.373626708984375,0.6923065185546875,-0.120880126953125,-0.646153106689453,0.1579475402832031,2.9723072814941403,0.5460748443603516,0.27396946716308596,-0.05032072448730469,-0.000480533874511746,0.0029368182373046836,0.006891339294433585,0.00169142669677734,-0.027621069580078123,0.004941213500976566,
132,332703.495349584,0.304775,0.358603,0.442039,-0.078218,0.250832,0.133075,0.07799999999999752,0.02969999999999917,0.031749999999999834,0.04534999999999956,0.06445000000000062,0.007949999999999624,0.3046083450317383,0.3610668182373047,0.4545278549194336,-0.06847476959228516,0.22716903686523438,0.13637733459472656,0.05714225769042969,0.0043964385986328125,0.5230770111083984,1.0219764709472656,0.5824165344238281,-0.20878982543945312,-0.24410278320312498,0.24410278320312498,2.742563705444336,0.519982437133789,0.19941961669921873,-0.03913861083984375,-0.00016665496826173687,0.0024638182373046824,0.012488854919433579,0.00974323040771484,-0.023662963134765624,0.0033023345947265637,
133,332703.505347683,0.305123,0.358724,0.442168,-0.078033,0.25112,0.133121,-0.0014000000000014001,0.009549999999999836,0.009750000000000036,0.014000000000000123,-0.0009000000000009001,-0.008850000000000524,0.3046083450317383,0.3599224090576172,0.4587240219116211,-0.06275272369384766,0.23136520385742188,0.13637733459472656,-0.021978378295898438,-0.127471923828125,0.2945060729980469,0.8461532592773438,0.5824165344238281,-0.010990142822265625,-0.3876911163330078,0.7897451782226562,2.8861520385742185,0.5125276947021484,0.13605268859863281,-0.04286598205566406,-0.0005146549682616963,0.0011984090576172002,0.01655602191162109,0.015280276306152349,-0.019754796142578135,0.003256334594726573,
134,332703.51534806,0.304747,0.358794,0.442234,-0.077938,0.250814,0.132898,-0.06680000000000019,0.019600000000000173,0.01915000000000111,0.02745000000000039,-0.05415000000000003,-0.04569999999999991,0.3046083450317383,0.3583965301513672,0.4606313705444336,-0.059319496154785156,0.23289108276367188,0.13599586486816406,0.021978378295898438,-0.27692222595214844,0.1978015899658203,0.6923065185546875,0.4505500793457031,-0.010990142822265625,-0.5887162780761718,1.4215390777587888,3.0297441101074214,0.5274371795654297,0.08759524536132812,-0.06523101806640624,-0.00013865496826170887,-0.0003974698486328143,0.018397370544433578,0.018618503845214837,-0.017922917236328106,0.003097864868164074,
135,332703.525351717,0.303787,0.359116,0.442551,-0.077484,0.250037,0.132207,-0.12159999999999949,0.05854999999999888,0.05840000000000012,0.08369999999999975,-0.09804999999999953,-0.10289999999999883,0.3042268753051758,0.3553447723388672,0.4625387191772461,-0.056267738342285156,0.23479843139648438,0.13637733459472656,-0.021978378295898438,-0.27692222595214844,0.09230804443359375,0.3846168518066406,0.25274658203125,-0.010990142822265625,-0.7035899353027343,1.8523078155517574,3.3456391906738276,0.5796219940185546,0.07268576049804687,-0.10623291015625,0.00043987530517580753,-0.0037712276611328033,0.019987719177246066,0.02121626165771484,-0.015238568603515634,0.004170334594726571,
136,332703.535347046,0.302315,0.359965,0.443402,-0.076264,0.248853,0.13084,-0.18289999999999973,0.11960000000000026,0.12029999999999819,0.17229999999999954,-0.14675000000000105,-0.18200000000000022,0.3038454055786133,0.3526744842529297,0.4633016586303711,-0.054741859436035156,0.23785018920898438,0.13561439514160156,-0.08351707458496094,-0.2681312561035156,0.03076934814453125,0.23077011108398438,0.27472686767578125,-0.14285659790039062,-1.0769218444824218,2.5702569580078123,3.805126342773437,0.74363037109375,0.024228317260742187,-0.13978005981445313,0.0015304055786132809,-0.007290515747070292,0.019899658630371075,0.021522140563964842,-0.011002810791015616,0.004774395141601551,
137,332703.545346743,0.300129,0.361508,0.444957,-0.074038,0.247102,0.128567,-0.26780000000000137,0.1958500000000002,0.19754999999999912,0.2828999999999998,-0.21434999999999926,-0.28445,0.3019380569458008,0.3503856658935547,0.4633016586303711,-0.052834510803222656,0.23975753784179688,0.13408851623535156,-0.1978015899658203,-0.09230804443359375,0.0043964385986328125,0.2967033386230469,0.2967033386230469,-0.25274658203125,-0.732308349609375,2.4553833007812496,4.551797637939453,0.8219075927734375,-0.05777546691894531,-0.16214509582519532,0.0018090569458008021,-0.011122334106445309,0.018344658630371102,0.02120348919677735,-0.007344462158203113,0.005521516235351576,
138,332703.555348465,0.296959,0.363882,0.447353,-0.070606,0.244566,0.125151,-0.3796999999999995,0.2860500000000016,0.2886500000000014,0.41340000000000054,-0.30374999999999985,-0.41049999999999903,0.2988862991333008,0.3496227264404297,0.4633016586303711,-0.051690101623535156,0.24013900756835938,0.13141822814941406,-0.25054931640625,-0.03076934814453125,0.0043964385986328125,0.120880126953125,-0.0549468994140625,-0.4285697937011719,-1.134358673095703,3.288206100463867,4.465642395019531,0.9486414489746093,-0.16959983825683594,-0.16214509582519532,0.0019272991333008083,-0.014259273559570296,0.015948658630371093,0.018915898376464846,-0.004426992431640631,0.00626722814941405,
139,332703.565353995,0.292535,0.367229,0.45073,-0.06577,0.241027,0.120357,-0.5185999999999996,0.3901500000000002,0.3936999999999996,0.56375,-0.4149,-0.5601500000000009,0.2954530715942383,0.3500041961669922,0.4633016586303711,-0.050545692443847656,0.23823165893554688,0.12836647033691406,-0.3296699523925781,0.08351707458496094,0.0043964385986328125,0.14285659790039062,-0.27472686767578125,-0.5164833068847656,-1.823589401245117,3.5466680908203116,5.269743041992187,1.1312882995605469,-0.13978005981445313,-0.1919648742675781,0.0029180715942382918,-0.01722480383300784,0.012571658630371074,0.015224307556152339,-0.0027953410644531163,0.008009470336914057,
140,332703.575357526,0.286587,0.371685,0.455227,-0.059331,0.236268,0.113948,-0.6811499999999998,0.5062499999999998,0.5108000000000001,0.7313999999999997,-0.5450999999999997,-0.7304500000000005,0.2897310256958008,0.3519115447998047,0.4636831283569336,-0.049019813537597656,0.23365402221679688,0.12340736389160156,-0.628570556640625,0.2945060729980469,0.05714225769042969,0.20878982543945312,-0.5604400634765625,-0.7362632751464844,-1.2779470062255858,3.661538009643554,6.332309417724608,1.2990240478515624,-0.0801405029296875,-0.19941961669921873,0.0031440256958008006,-0.0197734552001953,0.008456128356933601,0.010311186462402346,-0.002613977783203131,0.009459363891601569,
141,332703.585354128,0.278912,0.377354,0.460946,-0.051142,0.230125,0.105748,-0.8506999999999987,0.6254499999999996,0.6308499999999995,0.9032999999999999,-0.6809499999999996,-0.9062999999999994,0.2851533889770508,0.3545818328857422,0.4640645980834961,-0.047112464904785156,0.22983932495117188,0.11806678771972656,-0.7164840698242188,0.3648357391357422,0.03956031799316406,0.3186798095703125,-0.6703300476074219,-0.9340667724609375,-1.6800010681152342,3.4317944335937494,6.361027832031249,1.429486083984375,-0.06895838928222656,-0.19569224548339842,0.006241388977050788,-0.022772167114257835,0.0031185980834960714,0.004029535095214844,-0.0002856750488281212,0.012318787719726568,
142,332703.595350569,0.269573,0.384194,0.467844,-0.041265,0.222649,0.095822,-1.0106000000000004,0.7384499999999988,0.7447499999999996,1.0664,-0.8089999999999999,-1.0727,0.2775230407714844,0.3603038787841797,0.4648275375366211,-0.042916297912597656,0.22488021850585938,0.11005592346191406,-0.8219776153564453,0.5318679809570312,0.07472610473632812,0.5604400634765625,-0.8021965026855469,-1.1758232116699219,-1.6512826538085936,3.001025695800781,7.394868316650389,1.5301275329589843,-0.10250553894042969,-0.1845101318359375,0.007950040771484368,-0.023890121215820292,-0.0030164624633788883,-0.0016512979125976532,0.0022312185058593614,0.014233923461914058,
143,332703.605347334,0.2587,0.392123,0.475841,-0.029814,0.213945,0.084294,-1.1574,0.8434999999999998,0.85065,1.2181,-0.926550000000001,-1.22665,0.2683677673339844,0.3679332733154297,0.4667348861694336,-0.039864540100097656,0.21877670288085938,0.10051918029785156,-1.0153846740722656,0.9010982513427734,0.1802196502685547,0.5164833068847656,-1.0659332275390625,-1.4395599365234375,-2.426664886474609,2.8861520385742185,7.739489288330077,1.7314112396240233,-0.09877816772460937,-0.1807827606201172,0.00966776733398439,-0.024189726684570312,-0.00910611383056642,-0.010050540100097656,0.004831702880859379,0.01622518029785157,
144,332703.615387334,0.246425,0.401064,0.484857,-0.016903,0.204118,0.071289,-1.2911499999999991,0.9406999999999999,0.948549999999998,1.35835,-1.0336499999999997,-1.3681499999999995,0.2580680847167969,0.3778514862060547,0.469024658203125,-0.033379554748535156,0.20847606658935547,0.08945560455322266,-0.9010982513427734,1.1120872497558594,0.25054931640625,0.868133544921875,-1.2637367248535156,-1.6153831481933594,-3.0584625244140624,2.5702569580078123,8.31384262084961,1.8618724670410156,-0.05032072448730469,-0.17332720947265626,0.01164308471679687,-0.02321251379394529,-0.015832341796874982,-0.016476554748535155,0.004358066589355475,0.01816660455322265,
145,332703.625387059,0.232877,0.410937,0.494812,-0.002647,0.193272,0.056931,-1.4110999999999998,1.029150000000001,1.0377000000000025,1.4861,-1.12965,-1.4961500000000003,0.24509811401367188,0.3896770477294922,0.4732208251953125,-0.02803802490234375,0.19779491424560547,0.07724857330322266,-1.0329666137695312,1.3054943084716797,0.40879058837890625,0.8021965026855469,-1.5714302062988281,-1.7912101745605469,-2.426664886474609,1.823589401245117,8.88820343017578,2.0296090240478515,-0.009318832397460937,-0.16214509582519532,0.012221114013671874,-0.02125995227050781,-0.021591174804687474,-0.02539102490234375,0.004522914245605469,0.020317573303222654,
146,332703.635347778,0.218203,0.421647,0.505611,0.012819,0.181525,0.041366,-1.5131500000000007,1.105049999999999,1.1142500000000026,1.5957999999999999,-1.21135,-1.60565,0.23136520385742188,0.4026470184326172,0.4777984619140625,-0.01926422119140625,0.18596935272216797,0.06427860260009766,-1.621978759765625,1.5164833068847656,0.5846157073974609,1.3076934814453125,-1.74725341796875,-1.9450531005859375,-1.737434158325195,1.823589401245117,9.261535339355467,2.141432586669922,0.054048095703125,-0.16587246704101563,0.013162203857421867,-0.018999981567382807,-0.027812538085937533,-0.03208322119140625,0.004444352722167977,0.022912602600097656,
147,332703.645344796,0.202614,0.433038,0.517097,0.029269,0.169045,0.024818,-1.5933000000000002,1.1645500000000002,1.1743499999999962,1.6818,-1.2755000000000003,-1.6915499999999999,0.21610546112060547,0.4167623519897461,0.4835205078125,-0.00972747802734375,0.17414379119873047,0.049782752990722656,-1.7978019714355469,1.3318672180175781,0.6989002227783203,1.373626708984375,-1.7252731323242188,-2.164836883544922,-1.766152572631836,0.9620519256591795,9.606156311035155,2.1898900299072266,0.10996028137207031,-0.16587246704101563,0.01349146112060548,-0.016275648010253885,-0.03357649218750003,-0.03899647802734375,0.005098791198730468,0.024964752990722656,
148,332703.655346758,0.186337,0.444938,0.529098,0.046455,0.156015,0.007535,-1.6507499999999995,1.206950000000001,1.217199999999996,1.7430500000000002,-1.3214000000000004,-1.7529,0.19932079315185547,0.4320211410522461,0.4907684326171875,0.00171661376953125,0.16308116912841797,0.033761024475097656,-2.131868362426758,1.542856216430664,0.8395595550537109,1.6373634338378906,-1.6813201904296875,-2.296703338623047,-0.9620519256591795,-0.24410278320312498,9.83589614868164,2.2718946228027344,0.05777546691894531,-0.14723480224609375,0.012983793151855466,-0.012916858947753906,-0.03832956738281246,-0.04473838623046875,0.007066169128417982,0.026226024475097656,
149,332703.665346914,0.169599,0.457177,0.541441,0.06413,0.142617,-0.01024,-1.6854499999999994,1.2322499999999985,1.242850000000001,1.7795499999999995,-1.349199999999999,-1.7896999999999998,0.18635082244873047,0.4449911117553711,0.498016357421875,0.01087188720703125,0.15316200256347656,0.02117156982421875,-1.5076923370361328,1.6131858825683594,0.8483524322509766,1.6813201904296875,-1.8131866455078125,-2.3186798095703125,-1.1630770874023435,-0.21538436889648435,9.83589614868164,2.3166238861083985,0.054048095703125,-0.13605268859863281,0.01675182244873047,-0.012185888244628906,-0.04342464257812495,-0.053258112792968756,0.010545002563476569,0.03141156982421875,
150,332703.67534699,0.152628,0.469583,0.553955,0.082046,0.129031,-0.028259,-1.6973500000000001,1.2404500000000012,1.251350000000001,1.7913499999999998,-1.3587999999999996,-1.8019,0.16994762420654297,0.4602499008178711,0.5075531005859375,0.02422332763671875,0.14095497131347656,0.00476837158203125,-1.5252742767333984,1.3230762481689453,0.9626369476318359,1.9230766296386719,-1.7692298889160156,-2.428569793701172,-2.024614562988281,0.1866659545898437,10.065643463134764,2.3688087005615235,0.06523101806640624,-0.14723480224609375,0.017319624206542955,-0.009333099182128879,-0.046401899414062475,-0.057822672363281244,0.011923971313476556,0.03302737158203125,
151,332703.685348314,0.135652,0.481986,0.566468,0.099957,0.115441,-0.046278,-1.6862000000000008,1.2317500000000008,1.2427000000000021,1.7788000000000004,-1.3498500000000002,-1.7895999999999999,0.15163612365722656,0.4770355224609375,0.5189971923828125,0.038338661193847656,0.12989234924316406,-0.01201629638671875,-1.8945045471191406,1.6835155487060547,1.2439556121826172,2.0329666137695312,-1.6813201904296875,-2.4725265502929688,-1.134358673095703,-0.1292291259765625,10.094361877441404,2.3576265869140625,0.01677357482910156,-0.14350743103027344,0.015984123657226568,-0.0049504775390625255,-0.04747080761718747,-0.06161833880615235,0.01445134924316406,0.03426170361328125,
152,332703.695355689,0.118904,0.494218,0.578809,0.117622,0.102034,-0.064051,-1.6516499999999996,1.2063500000000005,1.21695,1.7421499999999999,-1.3221500000000004,-1.7528000000000001,0.13408851623535156,0.493438720703125,0.530059814453125,0.053597450256347656,0.11768531799316406,-0.02803802490234375,-1.5692310333251953,1.6571426391601562,1.3406600952148438,2.2307701110839844,-1.74725341796875,-2.3626365661621094,-0.9620519256591795,-1.5938458251953123,9.922051391601562,2.320351257324219,-0.01304620361328125,-0.14723480224609375,0.015184516235351567,-0.0007792792968749906,-0.04874918554687502,-0.06402454974365235,0.015651317993164063,0.03601297509765625,
153,332703.705346567,0.102619,0.506113,0.590807,0.1348,0.088998,-0.081334,-1.5935499999999998,1.16435,1.174249999999999,1.6815499999999997,-1.2756999999999998,-1.6915,0.11654090881347656,0.5098419189453125,0.5426492691040039,0.06961917877197266,0.10891151428222656,-0.044823646545410156,-1.789011001586914,1.4725265502929688,1.3670330047607422,2.3186798095703125,-1.6593399047851562,-2.428569793701172,-0.33025802612304683,-1.9384630584716793,9.950769805908202,2.245802215576172,-0.01677357482910156,-0.13605268859863281,0.01392190881347656,0.003728918945312465,-0.048157730895996065,-0.06518082122802735,0.01991351428222657,0.03651035345458985,
154,332703.715346368,0.087033,0.517505,0.602294,0.151253,0.07652,-0.097881,-1.512,1.1057999999999957,1.114599999999999,1.5969499999999996,-1.2103999999999997,-1.6057499999999996,0.09937477111816406,0.5258636474609375,0.5552377700805664,0.08602237701416016,0.09441566467285156,-0.060845375061035156,-1.789011001586914,1.3670330047607422,1.4373626708984375,2.4065933227539062,-1.7912101745605469,-2.3626365661621094,-0.33025802612304683,-2.5702569580078123,9.37640899658203,2.193617401123047,-0.01677357482910156,-0.1285979461669922,0.012341771118164063,0.008358647460937507,-0.04705622991943359,-0.06523062298583984,0.017895664672851558,0.03703562493896484,
155,332703.725348015,0.072379,0.528229,0.613099,0.166739,0.06479,-0.113449,-1.4080499999999998,1.0311999999999988,1.0385499999999992,1.4891500000000002,-1.1271000000000002,-1.4965000000000006,0.08373355865478516,0.5407419204711914,0.5678262710571289,0.10280799865722656,0.08678531646728516,-0.07648563385009766,-1.2703304290771484,1.4285717010498047,1.4197807312011719,2.450550079345703,-1.4835166931152344,-2.2747268676757812,-0.21538436889648435,-2.771282119750976,8.8307666015625,2.0817930297851563,-0.06150364685058594,-0.11741502380371094,0.011354558654785157,0.012512920471191458,-0.04527272894287104,-0.06393100134277344,0.021995316467285156,0.03696336614990234,
156,332703.735348679,0.058872,0.538129,0.623065,0.181036,0.053978,-0.127811,-1.287,0.9435000000000027,0.9497000000000033,1.36255,-1.0301999999999998,-1.3686500000000004,0.06771183013916016,0.5537118911743164,0.5800333023071289,0.11997413635253906,0.07457828521728516,-0.09136295318603516,-1.3846149444580078,1.1384620666503906,1.25274658203125,2.450550079345703,-1.4395599365234375,-2.1428565979003906,0.5025647735595702,-2.8861520385742185,8.601026763916014,1.9587865447998047,-0.09132342529296875,-0.11741502380371094,0.008839830139160156,0.015582891174316438,-0.043031697692871074,-0.06106186364746094,0.020600285217285158,0.03644804681396485,
157,332703.745349503,0.046639,0.547099,0.632093,0.19399,0.044186,-0.140822,-1.1541,0.8458000000000021,0.8515500000000009,1.2214000000000003,-0.92385,-1.2270499999999989,0.056267738342285156,0.5624856948852539,0.5895700454711914,0.13332557678222656,0.07038211822509766,-0.10242652893066406,-1.5076923370361328,0.9362640380859375,0.9626369476318359,2.450550079345703,-1.131866455078125,-2.076923370361328,0.1579475402832031,-2.713845291137695,8.227694854736328,1.8469629821777342,-0.1546903533935547,-0.10250553894042969,0.009628738342285156,0.015386694885253904,-0.04252295452880861,-0.06066442321777343,0.026196118225097653,0.03839547106933594,
158,332703.755350677,0.03579,0.555045,0.640096,0.205464,0.035501,-0.152352,-1.0104,0.7385499999999989,0.7447499999999996,1.0665500000000008,-0.8088500000000002,-1.0727,0.043297767639160156,0.5724039077758789,0.6010150909423828,0.14972877502441406,0.059319496154785156,-0.11539649963378906,-1.1384620666503906,0.7692298889160156,0.9538459777832031,2.3406600952148438,-1.3296699523925781,-1.8131866455078125,0.8184598541259764,-2.914870452880859,7.423586730957029,1.6792264251708984,-0.16587246704101563,-0.09505079650878906,0.007507767639160154,0.017358907775878896,-0.039080909057617186,-0.055735224975585945,0.02381849615478516,0.036955500366210925,
159,332703.765349458,0.026431,0.56187,0.646988,0.215321,0.028009,-0.162276,-0.85605,0.6218000000000001,0.6293500000000007,0.8980000000000001,-0.6853499999999998,-0.905700000000001,0.032235145568847656,0.5804147720336914,0.6120777130126953,0.16422557830810547,0.051690101623535156,-0.12684059143066406,-1.1912078857421875,0.7868137359619141,1.0505485534667969,2.120880126953125,-1.0879135131835938,-1.74725341796875,0.5600016021728514,-2.8287189483642576,6.332309417724608,1.5785849761962891,-0.13605268859863281,-0.10250553894042969,0.005804145568847657,0.018544772033691426,-0.034910286987304695,-0.051095421691894544,0.023681101623535157,0.03543540856933594,
160,332703.775350045,0.018669,0.567481,0.652683,0.223424,0.021794,-0.170466,-0.6933499999999999,0.4980499999999999,0.5074000000000023,0.7192499999999991,-0.55525,-0.7290000000000004,0.02269744873046875,0.5868997573852539,0.6223773956298828,0.17872142791748047,0.044823646545410156,-0.13714027404785156,-0.7428569793701172,0.6021976470947266,0.9890117645263672,2.0549468994140625,-0.9560432434082031,-1.4835166931152344,0.7897451782226562,-2.8287189483642576,6.217435760498046,1.4481229400634765,-0.14723480224609375,-0.09505079650878906,0.0040284487304687484,0.019418757385253893,-0.0303056043701172,-0.04470257208251954,0.023029646545410155,0.033325725952148444,
161,332703.785346582,0.012564,0.571831,0.657136,0.229706,0.016904,-0.176856,-0.5346000000000001,0.3792999999999991,0.38920000000000066,0.5477499999999996,-0.4282,-0.558249999999999,0.01506805419921875,0.5910959243774414,0.6315326690673828,0.19016551971435547,0.040627479553222656,-0.14591407775878906,-0.6989002227783203,0.28571510314941406,0.874725341796875,1.7252731323242188,-0.7802200317382812,-1.2857131958007812,1.191795501708984,-2.168206634521484,5.786667022705077,1.358663604736328,-0.1845101318359375,-0.09505079650878906,0.0025040541992187495,0.019264924377441428,-0.02560333093261724,-0.039540480285644525,0.023723479553222657,0.03094192224121095,
162,332703.795346984,0.007977,0.575067,0.660467,0.234379,0.01323,-0.181631,-0.39199999999999996,0.27770000000000294,0.28519999999999657,0.40099999999999997,-0.31399999999999995,-0.4090499999999997,0.00972747802734375,0.5937671661376953,0.6395435333251953,0.20160961151123047,0.036049842834472656,-0.15316200256347656,-0.47912025451660156,0.1802196502685547,0.6725273132324219,1.6153831481933594,-0.6043968200683594,-1.0439567565917969,1.191795501708984,-2.2256397247314452,5.757948608398437,1.261749526977539,-0.2441496887207031,-0.09505079650878906,0.0017504780273437503,0.018700166137695318,-0.020923466674804714,-0.032769388488769535,0.022819842834472658,0.028468997436523424,
163,332703.805350546,0.004724,0.577385,0.66284,0.237726,0.010624,-0.185037,-0.26804999999999995,0.19569999999999865,0.19750000000000045,0.2825999999999995,-0.21460000000000004,-0.2844000000000013,0.00591278076171875,0.5949115753173828,0.6464099884033203,0.21038341522216797,0.033379554748535156,-0.15812206268310547,-0.33846092224121094,0.10109901428222656,0.8043956756591797,1.373626708984375,-0.4285697937011719,-0.9340667724609375,0.7610267639160155,-2.6851268768310543,5.241024627685546,1.1722901916503905,-0.2814242095947266,-0.10250553894042969,0.00118878076171875,0.017526575317382775,-0.016430011596679672,-0.027342584777832024,0.022755554748535155,0.02691493731689454,
164,332703.815344437,0.002616,0.578981,0.664417,0.240031,0.008938,-0.187319,-0.16275,0.1332999999999973,0.12599999999999834,0.192500000000001,-0.12995000000000004,-0.18439999999999984,0.00324249267578125,0.5949115753173828,0.6521320343017578,0.21915817260742188,0.03032684326171875,-0.16422557830810547,-0.1978015899658203,-0.03076934814453125,0.5582408905029297,1.3076934814453125,-0.40659332275390625,-0.8241767883300781,0.1292291259765625,-1.766152572631836,4.810255889892577,1.0902855987548827,-0.28515158081054687,-0.09132342529296875,0.0006264926757812502,0.015930575317382845,-0.012284965698242223,-0.02087282739257812,0.02138884326171875,0.023093421691894545,
165,332703.825350495,0.001469,0.580051,0.66536,0.241576,0.008025,-0.188725,-0.07815,0.08810000000000207,0.07059999999999844,0.12715000000000087,-0.06184999999999997,-0.10809999999999986,0.00133514404296875,0.5941486358642578,0.6578550338745117,0.22640609741210938,0.02765655517578125,-0.16842174530029297,-0.1978015899658203,-0.11868095397949219,0.4967041015625,1.0219764709472656,-0.40659332275390625,-0.626373291015625,0.933333511352539,-1.4502574920654296,4.752819061279297,0.9896441497802734,-0.2627865447998047,-0.08386787414550781,-0.00013385595703125004,0.01409763586425783,-0.007504966125488233,-0.015169902587890638,0.019631555175781253,0.020303254699707035,
166,332703.835351102,0.001053,0.580743,0.665829,0.242574,0.007701,-0.189481,-0.02495,0.04804999999999948,0.03090000000000037,0.06934999999999997,-0.01929999999999996,-0.05064999999999931,0.00019073486328125,0.5922403335571289,0.6620512008666992,0.23212814331054688,0.02536773681640625,-0.17223644256591797,-0.0659332275390625,-0.2593402862548828,0.33846092224121094,0.8241767883300781,-0.3626365661621094,-0.5824165344238281,0.3015396118164062,-0.6748715209960936,4.838974304199218,0.9635517425537109,-0.2441496887207031,-0.07641313171386718,-0.0008622651367187499,0.011497333557128897,-0.0037777991333007854,-0.010445856689453137,0.01766673681640625,0.017244557434082042,
167,332703.846852281,0.00097,0.581012,0.665978,0.242963,0.007639,-0.189738,-0.013699999999999997,0.0010999999999983245,0.0064000000000008495,0.0016999999999989246,-0.011200000000000012,-0.007349999999999024,-0.00019073486328125,0.5888071060180664,0.6654844284057617,0.23746871948242188,0.02193450927734375,-0.17452526092529297,-0.013187408447265625,-0.3560447692871094,0.2417583465576172,0.6923065185546875,-0.4505500793457031,-0.34066009521484375,-0.1866659545898437,-0.1292291259765625,4.207176666259765,0.8815471496582031,-0.1807827606201172,-0.08759524536132812,-0.00116073486328125,0.007795106018066433,-0.0004935715942382402,-0.005494280517578137,0.01429550927734375,0.015212739074707021,
168,332703.855351774,0.000779,0.580765,0.665957,0.242608,0.007477,-0.189628,-0.0466,-0.054999999999999494,-0.003049999999998887,-0.0792000000000001,-0.03925000000000001,0.02274999999999916,-0.00019073486328125,0.5857553482055664,0.6677732467651367,0.23975753784179688,0.01964569091796875,-0.17605113983154297,0.03076934814453125,-0.373626708984375,0.22417640686035156,0.47252655029296875,-0.5384597778320312,-0.2967033386230469,-0.33025802612304683,0.043077621459960934,4.1497473144531245,0.8666376647949219,-0.14723480224609375,-0.10250553894042969,-0.00096973486328125,0.0049903482055664306,0.0018162467651366976,-0.0028504621582031153,0.012168690917968749,0.013576860168457022,
169,332703.865345792,3.8e-05,0.579912,0.665917,0.241379,0.006854,-0.189283,-0.12355000000000001,-0.12030000000000096,0.0025500000000011624,-0.1733499999999999,-0.10354999999999999,0.03964999999999941,-0.00019073486328125,0.5819406509399414,0.6696805953979492,0.24204635620117188,0.01583099365234375,-0.17757701873779297,-0.03956031799316406,-0.4263744354248047,0.17142868041992188,0.3186798095703125,-0.4285697937011719,-0.25274658203125,-0.7897451782226562,-1.3928206634521483,4.465642395019531,0.8256349639892578,-0.10623291015625,-0.09132342529296875,-0.00022873486328125,0.002028650939941423,0.0037635953979492376,0.0006673562011718648,0.008976993652343751,0.011705981262207038,
170,332703.875490959,-0.001692,0.578359,0.666008,0.239141,0.005406,-0.188835,-0.24145,-0.1949499999999993,0.021900000000002473,-0.2809000000000006,-0.20154999999999998,0.044850000000000445,-0.00095367431640625,0.5777444839477539,0.6704435348510742,0.24242782592773438,0.01277923583984375,-0.17872142791748047,-0.09230804443359375,-0.41758155822753906,0.08351707458496094,0.07692337036132812,-0.6043968200683594,-0.16483688354492188,-1.0769218444824218,0.2728211975097656,4.465642395019531,0.8144528503417968,-0.10623291015625,-0.08759524536132812,0.0007383256835937499,-0.0006145160522460502,0.004435534851074174,0.0032868259277343825,0.00737323583984375,0.010113572082519534,
171,332703.885351599,-0.004791,0.576013,0.666355,0.235761,0.002823,-0.188386,-0.38484999999999997,-0.2790999999999988,0.048199999999998244,-0.40204999999999963,-0.32055,0.04580000000000001,-0.00171661376953125,0.5735483169555664,0.6715879440307617,0.24204635620117188,0.00896453857421875,-0.17948436737060547,-0.10988998413085938,-0.5582408905029297,0.03076934814453125,-0.09889984130859375,-0.626373291015625,-0.09889984130859375,-1.4215390777587888,0.9907703399658202,4.666663818359375,0.7809057006835938,-0.07641313171386718,-0.08759524536132812,0.00307438623046875,-0.002464683044433591,0.005232944030761688,0.006285356201171877,0.00614153857421875,0.00890163262939453,
172,332703.895346312,-0.009389,0.572777,0.666972,0.2311,-0.001005,-0.187919,-0.53815,-0.37294999999999967,0.07464999999999833,-0.5373000000000002,-0.44784999999999997,0.050000000000000044,-0.00286102294921875,0.5674448013305664,0.6719694137573242,0.24052047729492188,0.00133514404296875,-0.17986583709716797,-0.17142868041992188,-0.6725273132324219,0.0043964385986328125,-0.23077011108398438,-1.1758232116699219,-0.0549468994140625,-2.1394882202148438,1.048203430175781,4.896411132812499,0.7212661437988281,-0.020500946044921874,-0.09505079650878906,0.00652797705078125,-0.005332198669433574,0.0049974137573242094,0.009420477294921875,0.00234014404296875,0.008053162902832034,
173,332703.90534844,-0.015554,0.568554,0.667848,0.225015,-0.006134,-0.187386,-0.6981999999999999,-0.47659999999999925,0.09994999999999865,-0.6866499999999998,-0.5809,0.05895000000000067,-0.00705718994140625,0.5601968765258789,0.6719694137573242,0.23746871948242188,-0.00858306884765625,-0.18062877655029297,-0.4439563751220703,-0.628570556640625,0.0043964385986328125,-0.4505500793457031,-1.1538467407226562,-0.09889984130859375,-2.2256397247314452,0.8758966827392577,5.097432556152343,0.646716293334961,0.1919648742675781,-0.0801405029296875,0.00849681005859375,-0.008357123474121098,0.0041214137573242215,0.012453719482421882,-0.0024490688476562503,0.006757223449707028,
174,332703.915344838,-0.023353,0.563245,0.668971,0.217367,-0.012623,-0.18674,-0.8650500000000002,-0.590099999999999,0.12404999999999777,-0.8500499999999994,-0.7197499999999999,0.07265000000000049,-0.01201629638671875,0.5548563003540039,0.6719694137573242,0.23289108276367188,-0.01430511474609375,-0.18215465545654297,-0.7956047058105469,-0.6373634338378906,0.021978378295898438,-0.8241767883300781,-1.0879135131835938,-0.27472686767578125,-1.823589401245117,0.3589727020263671,5.2123062133789055,0.646716293334961,0.16587246704101563,-0.046593353271484374,0.011336703613281249,-0.00838869964599609,0.0029984137573242364,0.01552408276367187,-0.0016821147460937495,0.004585344543457021,
175,332703.925354109,-0.032855,0.556752,0.670329,0.208014,-0.020529,-0.185933,-1.03665,-0.7113499999999995,0.14684999999999837,-1.0247500000000007,-0.8625999999999998,0.09049999999999891,-0.01850128173828125,0.5498971939086914,0.6719694137573242,0.22678756713867188,-0.02040863037109375,-0.18177318572998047,-0.8131866455078125,-0.5406589508056641,0.03076934814453125,-1.0439567565917969,-1.1098899841308594,0.03296661376953125,-2.742563705444336,0.9046150970458983,5.241024627685546,0.6765360717773438,0.13605268859863281,-0.0279556884765625,0.014353718261718752,-0.006854806091308618,0.001640413757324266,0.01877356713867187,0.00012036962890624864,0.004159814270019518,
176,332703.935343566,-0.044086,0.549018,0.671908,0.196872,-0.029875,-0.18493,-1.2024999999999997,-0.8304499999999992,0.16810000000000436,-1.1963500000000002,-1.0007000000000001,0.10929999999999968,-0.02765655517578125,0.5422677993774414,0.6719694137573242,0.21610546112060547,-0.03070831298828125,-0.18177318572998047,-0.8043956756591797,-0.6373634338378906,-0.0043964385986328125,-1.4175834655761719,-1.373626708984375,0.03296661376953125,-2.6851268768310543,0.043077621459960934,5.700511779785155,0.7249935150146484,0.10623291015625,-0.03168386840820312,0.01642944482421875,-0.0067502006225586,6.141375732426901e-05,0.019233461120605477,-0.0008333129882812512,0.0031568142700195423,
177,332703.945353577,-0.056905,0.540143,0.673691,0.184087,-0.040543,-0.183747,-1.3521499999999997,-0.9375499999999981,0.18750000000000155,-1.350599999999999,-1.1253,0.12595000000000106,-0.039864540100097656,0.5357828140258789,0.6719694137573242,0.20389842987060547,-0.040246009826660156,-0.18139171600341797,-1.1912078857421875,-0.6373634338378906,0.0043964385986328125,-1.7692298889160156,-1.3296699523925781,-0.03296661376953125,-2.2830765533447264,-0.1579475402832031,5.700511779785155,0.8069981079101562,0.11741502380371094,-0.03168386840820312,0.01704045989990234,-0.0043601859741211335,-0.001721586242675821,0.019811429870605468,0.0002969901733398464,0.002355283996582025,
178,332703.955349287,-0.071129,0.530267,0.675658,0.16986,-0.052381,-0.182411,-1.4835,-1.0306499999999996,0.20489999999999675,-1.4847,-1.2347,0.13979999999999965,-0.055123329162597656,0.52777099609375,0.6719694137573242,0.18902111053466797,-0.049782752990722656,-0.18139171600341797,-1.4813194274902344,-0.6725273132324219,0.048351287841796875,-1.9890098571777344,-1.5494499206542969,0.0549468994140625,-2.1107698059082027,0.07179603576660155,5.987695922851562,0.9262772216796875,0.09505079650878906,-0.009318832397460937,0.01600567083740234,-0.002496003906250044,-0.003688586242675762,0.019161110534667958,0.0025982470092773408,0.001019283996582021,
179,332703.965349004,-0.086575,0.51953,0.677789,0.154393,-0.065237,-0.180951,-1.5966500000000001,-1.1097000000000024,0.22030000000000105,-1.59855,-1.3289000000000002,0.15079999999999955,-0.06694889068603516,0.52166748046875,0.6719694137573242,0.17681407928466797,-0.060082435607910156,-0.18101024627685547,-1.542856216430664,-0.7252750396728516,-0.013187408447265625,-2.2307701110839844,-1.6153831481933594,0.0549468994140625,-2.024614562988281,-0.7035899353027343,6.159998931884765,0.9598243713378906,0.08386787414550781,-0.0018640899658203124,0.019626109313964843,0.0021374804687499527,-0.005819586242675756,0.022421079284667966,0.005154564392089847,-5.9246276855468016e-05,
180,332703.975352692,-0.103062,0.508073,0.680064,0.137889,-0.078959,-0.179395,-1.6911000000000003,-1.1745000000000032,0.2336500000000019,-1.6919500000000003,-1.4074499999999996,0.15909999999999952,-0.08449649810791016,0.51251220703125,0.6719694137573242,0.16346263885498047,-0.06885623931884766,-0.18101024627685547,-1.9912090301513672,-0.8483524322509766,-0.0043964385986328125,-2.4065933227539062,-1.5494499206542969,-0.010990142822265625,-1.3353838348388671,0.01435920715332031,6.159998931884765,1.0231912994384766,0.03913861083984375,0.01677357482910156,0.018565501892089845,0.004439207031250003,-0.008094586242675783,0.025573638854980457,0.010102760681152345,-0.0016152462768554698,
181,332703.985348372,-0.120397,0.49604,0.682462,0.120554,-0.093386,-0.177769,-1.7644,-1.224249999999999,0.2442999999999973,-1.7636500000000006,-1.4684499999999996,0.16504999999999992,-0.10395240783691406,0.5022125244140625,0.6719694137573242,0.14019203186035156,-0.08220767974853516,-0.18062877655029297,-1.5340652465820312,-0.9010982513427734,0.013187408447265625,-2.7362632751464844,-1.6593399047851562,0.0549468994140625,-2.6276937866210934,-0.732308349609375,6.475894012451171,1.157379898071289,-0.046593353271484374,0.04286598205566406,0.01644459216308594,0.006172524414062519,-0.010492586242675794,0.019638031860351568,0.01117832025146484,-0.0028597765502929584,
182,332703.995345189,-0.13835,0.483588,0.68495,0.102616,-0.108328,-0.176094,-1.8143499999999992,-1.2580499999999994,0.2516000000000018,-1.81225,-1.5100000000000002,0.1690000000000011,-0.12340736389160156,0.491912841796875,0.6723508834838867,0.12150001525878906,-0.09479713439941406,-0.17986583709716797,-1.8505496978759766,-0.9890117645263672,-0.021978378295898438,-2.7362632751464844,-1.8131866455078125,0.16483688354492188,-1.2779470062255858,-0.646153106689453,6.964099578857421,1.2505674133300781,-0.08759524536132812,0.046593353271484374,0.014942636108398438,0.008324841796874982,-0.012599116516113229,0.018884015258789064,0.013530865600585931,-0.0037718370971679682,
183,332704.005347232,-0.156684,0.470879,0.687494,0.084309,-0.123586,-0.174389,-1.8405000000000005,-1.2756000000000016,0.2554500000000015,-1.8375499999999996,-1.5317000000000003,0.17100000000000032,-0.13981056213378906,0.4839019775390625,0.6723508834838867,0.10853004455566406,-0.10280799865722656,-0.17795848846435547,-1.6307697296142578,-0.8395595550537109,-0.013187408447265625,-2.7582435607910156,-1.74725341796875,0.2967033386230469,-0.3015396118164062,-1.134358673095703,6.935381164550781,1.3064787902832031,-0.12114320373535156,0.0279556884765625,0.016873437866210927,0.013022977539062508,-0.01514311651611333,0.024221044555664067,0.02077800134277344,-0.0035694884643554803,
184,332704.015387078,-0.17516,0.458076,0.690059,0.065865,-0.138962,-0.172674,-1.8427499999999999,-1.2770000000000004,0.2557999999999949,-1.8396,-1.5336000000000003,0.17104999999999898,-0.16002941131591797,0.474365234375,0.6723508834838867,0.08525943756103516,-0.11692237854003906,-0.17643260955810547,-2.2725276947021484,-0.8307685852050781,-0.03076934814453125,-3.0,-1.7692298889160156,0.20878982543945312,-0.6748715209960936,-0.9046150970458983,7.595897216796875,1.4033936767578126,-0.1845101318359375,0.01304620361328125,0.015130588684082041,0.016289234375000017,-0.01770811651611326,0.01939443756103515,0.02203962145996094,-0.0037586095581054746,
185,332704.02534974,-0.193539,0.445339,0.69261,0.047517,-0.154258,-0.170968,-1.8202999999999996,-1.2616500000000002,0.2526000000000028,-1.8174500000000002,-1.5149499999999996,0.1690999999999998,-0.17986583709716797,0.4648275375366211,0.6723508834838867,0.06542301177978516,-0.12951087951660156,-0.17490673065185547,-2.026373863220215,-0.9538459777832031,-0.021978378295898438,-2.8901100158691406,-1.879119873046875,0.1868133544921875,-0.5887162780761718,-1.3641022491455077,7.423586730957029,1.5040351257324218,-0.23669413757324217,0.01304620361328125,0.01367316290283202,0.01948853753662111,-0.02025911651611323,0.01790601177978516,0.024747120483398444,-0.00393873065185546,
186,332704.035349697,-0.211566,0.432843,0.695111,0.029516,-0.169261,-0.169292,-1.7690500000000011,-1.2263499999999983,0.24540000000000117,-1.7666499999999998,-1.4723,0.1645500000000008,-0.20008373260498047,0.4545278549194336,0.6723508834838867,0.045968055725097656,-0.14248085021972656,-0.17299938201904297,-2.1494503021240234,-1.0065937042236328,0.0043964385986328125,-2.868133544921875,-1.879119873046875,0.27472686767578125,-0.043077621459960934,-1.2205139160156249,7.595897216796875,1.526400161743164,-0.21060253906249998,0.01304620361328125,0.011482267395019535,0.021684854919433616,-0.022760116516113316,0.016452055725097656,0.026780149780273432,-0.0037073820190429707,
187,332704.045349718,-0.22892,0.420812,0.697518,0.012184,-0.183704,-0.167677,-1.6847500000000002,-1.1681499999999982,0.23360000000000047,-1.6827500000000002,-1.4021500000000007,0.1569000000000001,-0.21877670288085938,0.4438467025756836,0.6723508834838867,0.02651214599609375,-0.15468788146972656,-0.17223644256591797,-1.8417587280273438,-1.0329666137695312,-0.0043964385986328125,-2.8461532592773438,-1.8131866455078125,0.14285659790039062,0.24410278320312498,-1.3641022491455077,7.452305145263671,1.6195868682861327,-0.24787705993652343,0.020500946044921874,0.010143297119140637,0.023034702575683574,-0.025167116516113253,0.01432814599609375,0.029016118530273444,-0.004559442565917976,
188,332704.055348191,-0.245261,0.40948,0.699783,-0.004139,-0.197304,-0.166154,-1.5664999999999984,-1.0863000000000012,0.2171499999999993,-1.5648500000000003,-1.3036999999999992,0.1460000000000003,-0.23556137084960938,0.4343099594116211,0.6723508834838867,0.01506805419921875,-0.16193675994873047,-0.17109203338623047,-1.6307697296142578,-0.9714279174804688,0.0043964385986328125,-2.7582435607910156,-1.74725341796875,0.23077011108398438,0.3589727020263671,-0.9046150970458983,7.825644531249999,1.6792264251708984,-0.266513916015625,0.024228317260742187,0.009699629150390632,0.024829959411621083,-0.027432116516113325,0.01920705419921875,0.03536724005126954,-0.004938033386230473,
189,332704.065389155,-0.26025,0.399086,0.701861,-0.019113,-0.209778,-0.164757,-1.4143500000000002,-0.9808499999999998,0.19604999999999762,-1.4129999999999998,-1.177099999999999,0.13185000000000002,-0.2523460388183594,0.4232473373413086,0.6727323532104492,-0.00667572021484375,-0.17643260955810547,-0.16956615447998047,-1.463735580444336,-0.9890117645263672,0.0043964385986328125,-2.3406600952148438,-1.6813201904296875,0.14285659790039062,1.3928206634521483,-0.5025647735595702,7.969229125976562,1.686681167602539,-0.2926063232421875,0.024228317260742187,0.007903961181640606,0.024161337341308597,-0.02912864678955074,0.012437279785156252,0.033345390441894524,-0.004809154479980482,
190,332704.075348478,-0.273548,0.389863,0.703704,-0.032399,-0.220846,-0.163517,-1.234550000000001,-0.8561999999999986,0.1711000000000018,-1.23335,-1.0275000000000005,0.11509999999999992,-0.2676048278808594,0.4121847152709961,0.6727323532104492,-0.02193450927734375,-0.18749523162841797,-0.16842174530029297,-1.7274723052978516,-0.9010982513427734,0.03076934814453125,-2.25274658203125,-1.5714302062988281,0.1868133544921875,0.24410278320312498,-0.10051445007324217,8.85948501586914,1.7090462036132812,-0.2627865447998047,0.0279556884765625,0.005943172119140638,0.02232171527099608,-0.030971646789550777,0.010464490722656247,0.03335076837158202,-0.004904745300292973,
191,332704.085348357,-0.284941,0.381962,0.705283,-0.04378,-0.230328,-0.162455,-1.0581000000000007,-0.7337499999999997,0.1466999999999996,-1.0570000000000004,-0.8806000000000008,0.09860000000000008,-0.2798118591308594,0.4026470184326172,0.6731138229370117,-0.034905433654785156,-0.19665050506591797,-0.16765880584716797,-1.287912368774414,-1.0065937042236328,0.08351707458496094,-2.0549468994140625,-1.4395599365234375,0.120880126953125,0.732308349609375,0.2728211975097656,7.825644531249999,1.727683868408203,-0.27396946716308596,0.0279556884765625,0.005129140869140625,0.020685018432617164,-0.032169177062988275,0.008874566345214843,0.033677494934082036,-0.0052038058471679804,
192,332704.09534481,-0.29471,0.375188,0.706638,-0.053539,-0.238458,-0.161545,-0.9160499999999988,-0.635150000000001,0.12699999999999934,-0.9150000000000001,-0.7623499999999991,0.08529999999999927,-0.2908754348754883,0.3927288055419922,0.6742582321166992,-0.047112464904785156,-0.20542430877685547,-0.16651439666748047,-0.8659343719482422,-0.9538459777832031,0.05714225769042969,-1.7912101745605469,-1.3076934814453125,0.1868133544921875,0.10051445007324217,0.1579475402832031,8.055384368896483,1.7015914611816405,-0.3037892456054687,0.0279556884765625,0.0038345651245117462,0.017540805541992166,-0.03237976788330077,0.006426535095214847,0.033033691223144535,-0.004969396667480475,
193,332704.107456023,-0.303262,0.369259,0.707823,-0.06208,-0.245575,-0.160749,-0.81455,-0.56475,0.11295000000000055,-0.8135499999999997,-0.6779499999999994,0.07584999999999953,-0.3007936477661133,0.3839550018310547,0.6746397018432617,-0.057412147521972656,-0.21419811248779297,-0.16422557830810547,-0.8835163116455078,-0.8395595550537109,0.048351287841796875,-1.4615402221679688,-1.2857131958007812,0.1868133544921875,0.33025802612304683,0.07179603576660155,8.227694854736328,1.6307689819335938,-0.2963336944580078,0.005591461181640625,0.0024683522338866948,0.014696001831054684,-0.03318329815673826,0.004667852478027347,0.03137688751220702,-0.0034765783081054658,
194,332704.115344386,-0.311001,0.363893,0.708897,-0.06981,-0.252017,-0.160028,-0.7536500000000002,-0.5225000000000007,0.10455000000000325,-0.7526999999999995,-0.6272500000000014,0.07015000000000077,-0.3091859817504883,0.3751811981201172,0.6757841110229492,-0.06542301177978516,-0.22220993041992188,-0.16384410858154297,-0.7868137359619141,-0.7956047058105469,0.1802196502685547,-1.2637367248535156,-1.1978034973144531,0.120880126953125,1.2205139160156249,1.7087194824218748,7.825644531249999,1.559947311401367,-0.25160443115234377,0.0018640899658203124,0.0018150182495117462,0.011288198120117166,-0.03311288897705078,0.004386988220214841,0.029807069580078116,-0.003816108581542965,
195,332704.125346887,-0.318335,0.358809,0.709914,-0.077134,-0.25812,-0.159346,-0.7333999999999952,-0.5084000000000033,0.10170000000000456,-0.7323999999999997,-0.6103000000000025,0.06820000000000159,-0.3156709671020508,0.3660259246826172,0.6780729293823242,-0.07343387603759766,-0.22831344604492188,-0.16346263885498047,-0.4879112243652344,-0.7956047058105469,0.1890106201171875,-1.1538467407226562,-1.131866455078125,0.03296661376953125,-0.043077621459960934,1.737434158325195,7.050254821777343,1.5711294250488281,-0.22178465270996092,0.01304620361328125,0.002664032897949198,0.0072169246826171984,-0.031841070617675826,0.003700123962402338,0.02980655395507814,-0.004116638854980481,
