sample_index,sent_monotonic_s,q_cmd_1,q_cmd_2,q_cmd_3,q_cmd_4,q_cmd_5,q_cmd_6,dq_cmd_1,dq_cmd_2,dq_cmd_3,dq_cmd_4,dq_cmd_5,dq_cmd_6,q_meas_1,q_meas_2,q_meas_3,q_meas_4,q_meas_5,q_meas_6,dq_meas_1,dq_meas_2,dq_meas_3,dq_meas_4,dq_meas_5,dq_meas_6,tau_meas_1,tau_meas_2,tau_meas_3,tau_meas_4,tau_meas_5,tau_meas_6,q_error_1,q_error_2,q_error_3,q_error_4,q_error_5,q_error_6,fault_flags
0,331374.591269702,0.07875,0.384375,0.346875,-0.05625,0.07875,0.05625,0.0,0.0,0.0,0.0,0.0,0.0,0.08030033111572266,0.3839550018310547,0.3355073928833008,-0.06313419342041016,0.07495975494384766,0.053215980529785156,-0.0043964385986328125,-0.0043964385986328125,0.0043964385986328125,-0.010990142822265625,-0.010990142822265625,-0.010990142822265625,-0.33025802612304683,0.1579475402832031,5.671793365478515,1.463033233642578,0.06150364685058594,0.0279556884765625,0.0015503311157226557,-0.0004199981689453347,-0.011367607116699208,-0.006884193420410155,-0.0037902450561523443,-0.003034019470214845,
1,331374.600971708,0.07875,0.384375,0.346875,-0.05625,0.07875,0.05625,0.0,0.0,0.0,0.0,0.0,0.0,0.08030033111572266,0.3839550018310547,0.3351259231567383,-0.06313419342041016,0.07495975494384766,0.053215980529785156,0.0043964385986328125,-0.03956031799316406,0.048351287841796875,-0.03296661376953125,-0.0549468994140625,-0.010990142822265625,-0.6174346923828123,0.24410278320312498,5.729230194091797,1.3735738983154298,0.035411239624023434,0.024228317260742187,0.0015503311157226557,-0.0004199981689453347,-0.011749076843261708,-0.006884193420410155,-0.0037902450561523443,-0.003034019470214845,
2,331374.610975827,0.07875,0.384375,0.346875,-0.05625,0.07875,0.05625,0.0,0.0,0.0,0.0,0.0,0.0,0.08030033111572266,0.3835735321044922,0.3351259231567383,-0.06313419342041016,0.07495975494384766,0.052834510803222656,0.013187408447265625,-0.03076934814453125,-0.021978378295898438,-0.010990142822265625,-0.0549468994140625,-0.03296661376953125,-0.3015396118164062,0.3589727020263671,5.8728222656249995,1.3549362335205077,0.024228317260742187,0.009318832397460937,0.0015503311157226557,-0.0008014678955078347,-0.011749076843261708,-0.006884193420410155,-0.0037902450561523443,-0.003415489196777345,
3,331374.620970161,0.07875,0.384375,0.346875,-0.05625,0.07875,0.05625,0.0,0.0,0.0,0.0,0.0,0.0,0.08030033111572266,0.3835735321044922,0.3351259231567383,-0.06351566314697266,0.07457828521728516,0.052834510803222656,0.021978378295898438,0.0043964385986328125,0.013187408447265625,-0.07692337036132812,-0.03296661376953125,-0.010990142822265625,-0.5600016021728514,-0.1866659545898437,5.958977508544922,1.4071210479736327,0.024228317260742187,0.009318832397460937,0.0015503311157226557,-0.0008014678955078347,-0.011749076843261708,-0.007265663146972655,-0.004171714782714844,-0.003415489196777345,
4,331374.630969467,0.07875,0.384375,0.346875,-0.05625,0.07875,0.05625,0.0,0.0,0.0,0.0,0.0,0.0,0.08030033111572266,0.3835735321044922,0.3351259231567383,-0.06427860260009766,0.07495975494384766,0.052834510803222656,0.013187408447265625,-0.013187408447265625,-0.013187408447265625,-0.120880126953125,-0.010990142822265625,-0.010990142822265625,-0.3015396118164062,0.1579475402832031,6.361027832031249,1.4518503112792969,0.03168386840820312,0.01304620361328125,0.0015503311157226557,-0.0008014678955078347,-0.011749076843261708,-0.008028602600097655,-0.0037902450561523443,-0.003415489196777345,
5,331374.640973779,0.07875,0.384375,0.346875,-0.05625,0.07875,0.05625,0.0,0.0,0.0,0.0,0.0,0.0,0.08030033111572266,0.3835735321044922,0.3351259231567383,-0.06427860260009766,0.07495975494384766,0.053215980529785156,-0.013187408447265625,-0.048351287841796875,0.013187408447265625,-0.03296661376953125,-0.010990142822265625,-0.010990142822265625,-0.21538436889648435,0.2728211975097656,6.217435760498046,1.4779427185058593,0.03913861083984375,0.01677357482910156,0.0015503311157226557,-0.0008014678955078347,-0.011749076843261708,-0.008028602600097655,-0.0037902450561523443,-0.003034019470214845,
6,331374.650976064,0.07875,0.384375,0.346875,-0.05625,0.07875,0.05625,0.0,0.0,0.0,0.0,0.0,0.0,0.08030033111572266,0.3835735321044922,0.3351259231567383,-0.06466007232666016,0.07495975494384766,0.052834510803222656,-0.0043964385986328125,-0.013187408447265625,-0.013187408447265625,-0.03296661376953125,-0.010990142822265625,-0.010990142822265625,-0.3015396118164062,0.3876911163330078,6.217435760498046,1.4779427185058593,0.04286598205566406,0.020500946044921874,0.0015503311157226557,-0.0008014678955078347,-0.011749076843261708,-0.008410072326660155,-0.0037902450561523443,-0.003415489196777345,
7,331374.660967837,0.07875,0.384375,0.346875,-0.05625,0.07875,0.05625,0.0,0.0,0.0,0.0,0.0,0.0,0.08030033111572266,0.3835735321044922,0.3351259231567383,-0.06466007232666016,0.07495975494384766,0.053215980529785156,-0.0043964385986328125,-0.0043964385986328125,-0.0043964385986328125,-0.010990142822265625,-0.010990142822265625,-0.010990142822265625,-0.5887162780761718,-0.1292291259765625,6.504612426757811,1.4779427185058593,0.05032072448730469,0.024228317260742187,0.0015503311157226557,-0.0008014678955078347,-0.011749076843261708,-0.008410072326660155,-0.0037902450561523443,-0.003034019470214845,
8,331374.670971222,0.07875,0.384375,0.346875,-0.05625,0.07875,0.05625,0.0,0.0,0.0,0.0,0.0,0.0,0.08030033111572266,0.3835735321044922,0.3351259231567383,-0.06466007232666016,0.07495975494384766,0.052834510803222656,0.013187408447265625,-0.03956031799316406,-0.0043964385986328125,-0.010990142822265625,-0.010990142822265625,-0.03296661376953125,-0.4738463592529296,1.1056402587890624,6.533330841064452,1.4853974609375,0.054048095703125,0.024228317260742187,0.0015503311157226557,-0.0008014678955078347,-0.011749076843261708,-0.008410072326660155,-0.0037902450561523443,-0.003415489196777345,
9,331374.680977416,0.07875,0.384375,0.346875,-0.05625,0.07875,0.05625,0.0,0.0,0.0,0.0,0.0,0.0,0.08030033111572266,0.3835735321044922,0.3351259231567383,-0.06427860260009766,0.07495975494384766,0.053215980529785156,-0.0043964385986328125,-0.048351287841796875,-0.03076934814453125,-0.010990142822265625,-0.010990142822265625,0.010990142822265625,-0.3015396118164062,0.3876911163330078,6.562049255371092,1.4891256408691407,0.05777546691894531,0.0279556884765625,0.0015503311157226557,-0.0008014678955078347,-0.011749076843261708,-0.008028602600097655,-0.0037902450561523443,-0.003034019470214845,
10,331374.690970503,0.07875,0.384375,0.346875,-0.05625,0.07875,0.05625,0.0,0.0,0.0,0.0,0.0,0.0,0.08030033111572266,0.3839550018310547,0.3351259231567383,-0.06466007232666016,0.07495975494384766,0.053215980529785156,-0.0043964385986328125,-0.013187408447265625,0.0043964385986328125,-0.010990142822265625,-0.010990142822265625,-0.010990142822265625,-0.07179603576660155,0.1579475402832031,6.533330841064452,1.4891256408691407,0.06150364685058594,0.03168386840820312,0.0015503311157226557,-0.0004199981689453347,-0.011749076843261708,-0.008410072326660155,-0.0037902450561523443,-0.003034019470214845,
11,331374.700967411,0.07875,0.384375,0.346875,-0.05625,0.07875,0.05625,0.0,0.0,0.0,0.0,0.0,0.0,0.08030033111572266,0.3835735321044922,0.3351259231567383,-0.06466007232666016,0.07495975494384766,0.052834510803222656,0.013187408447265625,-0.03076934814453125,-0.0043964385986328125,-0.03296661376953125,-0.010990142822265625,-0.03296661376953125,-0.4738463592529296,0.1579475402832031,6.820514984130859,1.4928530120849608,0.06523101806640624,0.03168386840820312,0.0015503311157226557,-0.0008014678955078347,-0.011749076843261708,-0.008410072326660155,-0.0037902450561523443,-0.003415489196777345,
12,331374.710973735,0.07875,0.384375,0.346875,-0.05625,0.07875,0.05625,0.0,0.0,0.0,0.0,0.0,0.0,0.08030033111572266,0.3835735321044922,0.3351259231567383,-0.06466007232666016,0.07495975494384766,0.053215980529785156,0.0043964385986328125,0.0043964385986328125,-0.013187408447265625,-0.03296661376953125,-0.010990142822265625,-0.010990142822265625,-0.01435920715332031,0.933333511352539,6.6769229125976555,1.5003077545166015,0.06523101806640624,0.03168386840820312,0.0015503311157226557,-0.0008014678955078347,-0.011749076843261708,-0.008410072326660155,-0.0037902450561523443,-0.003034019470214845,
13,331374.720968257,0.07875,0.384375,0.346875,-0.05625,0.07875,0.05625,0.0,0.0,0.0,0.0,0.0,0.0,0.08030033111572266,0.3835735321044922,0.3351259231567383,-0.06466007232666016,0.07495975494384766,0.053215980529785156,0.021978378295898438,-0.0043964385986328125,0.013187408447265625,-0.010990142822265625,-0.010990142822265625,-0.010990142822265625,-0.445127944946289,0.646153106689453,6.533330841064452,1.5003077545166015,0.06523101806640624,0.03168386840820312,0.0015503311157226557,-0.0008014678955078347,-0.011749076843261708,-0.008410072326660155,-0.0037902450561523443,-0.003034019470214845,
14,331374.730970936,0.07875,0.384375,0.346875,-0.05625,0.07875,0.05625,0.0,0.0,0.0,0.0,0.0,0.0,0.08030033111572266,0.3835735321044922,0.3351259231567383,-0.06427860260009766,0.07495975494384766,0.053215980529785156,0.0043964385986328125,-0.0043964385986328125,-0.013187408447265625,0.010990142822265625,-0.03296661376953125,-0.010990142822265625,-0.1866659545898437,0.3876911163330078,6.131280517578125,1.5003077545166015,0.06523101806640624,0.03168386840820312,0.0015503311157226557,-0.0008014678955078347,-0.011749076843261708,-0.008028602600097655,-0.0037902450561523443,-0.003034019470214845,
15,331374.740971664,0.07875,0.384375,0.346875,-0.05625,0.07875,0.05625,0.0,0.0,0.0,0.0,0.0,0.0,0.08030033111572266,0.3835735321044922,0.3351259231567383,-0.06427860260009766,0.07495975494384766,0.053215980529785156,-0.013187408447265625,-0.0043964385986328125,-0.03956031799316406,0.010990142822265625,-0.03296661376953125,-0.010990142822265625,-0.41640953063964836,0.5312831878662109,6.6769229125976555,1.4891256408691407,0.06895838928222656,0.03168386840820312,0.0015503311157226557,-0.0008014678955078347,-0.011749076843261708,-0.008028602600097655,-0.0037902450561523443,-0.003034019470214845,
16,331374.750967605,0.07875,0.384375,0.346875,-0.05625,0.07875,0.05625,0.0,0.0,0.0,0.0,0.0,0.0,0.08030033111572266,0.3835735321044922,0.3355073928833008,-0.06427860260009766,0.07495975494384766,0.053215980529785156,-0.021978378295898438,-0.03076934814453125,-0.021978378295898438,0.010990142822265625,-0.010990142822265625,0.010990142822265625,-0.33025802612304683,0.24410278320312498,6.217435760498046,1.4891256408691407,0.06523101806640624,0.03168386840820312,0.0015503311157226557,-0.0008014678955078347,-0.011367607116699208,-0.008028602600097655,-0.0037902450561523443,-0.003034019470214845,
17,331374.760969057,0.07875,0.384375,0.346875,-0.05625,0.07875,0.05625,0.0,0.0,0.0,0.0,0.0,0.0,0.08030033111572266,0.3835735321044922,0.3351259231567383,-0.06427860260009766,0.07495975494384766,0.053215980529785156,-0.013187408447265625,-0.0043964385986328125,-0.013187408447265625,0.010990142822265625,-0.010990142822265625,-0.010990142822265625,-0.3015396118164062,-0.24410278320312498,6.504612426757811,1.4853974609375,0.06523101806640624,0.03168386840820312,0.0015503311157226557,-0.0008014678955078347,-0.011749076843261708,-0.008028602600097655,-0.0037902450561523443,-0.003034019470214845,
18,331374.771029523,0.07875,0.384375,0.346875,-0.05625,0.07875,0.05625,0.0,0.0,0.0,0.0,0.0,0.0,0.08030033111572266,0.3835735321044922,0.3355073928833008,-0.06427860260009766,0.07495975494384766,0.053215980529785156,-0.013187408447265625,0.0043964385986328125,0.021978378295898438,-0.010990142822265625,0.010990142822265625,0.010990142822265625,-0.24410278320312498,0.10051445007324217,6.504612426757811,1.4965803833007811,0.06523101806640624,0.03168386840820312,0.0015503311157226557,-0.0008014678955078347,-0.011367607116699208,-0.008028602600097655,-0.0037902450561523443,-0.003034019470214845,
19,331374.78101968,0.07875,0.384375,0.346875,-0.05625,0.07875,0.05625,0.0,0.0,0.0,0.0,0.0,0.0,0.08030033111572266,0.3835735321044922,0.3351259231567383,-0.06427860260009766,0.07495975494384766,0.053215980529785156,0.021978378295898438,0.0043964385986328125,-0.05714225769042969,-0.010990142822265625,0.010990142822265625,-0.010990142822265625,-0.043077621459960934,-0.07179603576660155,6.6482044982910145,1.5003077545166015,0.06895838928222656,0.03168386840820312,0.0015503311157226557,-0.0008014678955078347,-0.011749076843261708,-0.008028602600097655,-0.0037902450561523443,-0.003034019470214845,
20,331374.791019219,0.07875,0.384375,0.346875,-0.05625,0.07875,0.05625,0.0,0.0,0.0,0.0,0.0,0.0,0.08030033111572266,0.3835735321044922,0.3351259231567383,-0.06427860260009766,0.07495975494384766,0.053215980529785156,0.0043964385986328125,0.013187408447265625,0.021978378295898438,0.010990142822265625,-0.03296661376953125,0.010990142822265625,-0.445127944946289,1.1056402587890624,6.6482044982910145,1.4965803833007811,0.06523101806640624,0.03168386840820312,0.0015503311157226557,-0.0008014678955078347,-0.011749076843261708,-0.008028602600097655,-0.0037902450561523443,-0.003034019470214845,
21,331374.803029084,0.07875,0.384375,0.346875,-0.05625,0.07875,0.05625,0.0,0.0,0.0,0.0,0.0,0.0,0.08030033111572266,0.3835735321044922,0.3351259231567383,-0.06427860260009766,0.07495975494384766,0.052834510803222656,0.0043964385986328125,-0.0043964385986328125,-0.013187408447265625,-0.010990142822265625,-0.010990142822265625,-0.03296661376953125,-0.043077621459960934,-0.1866659545898437,6.504612426757811,1.4965803833007811,0.06523101806640624,0.03168386840820312,0.0015503311157226557,-0.0008014678955078347,-0.011749076843261708,-0.008028602600097655,-0.0037902450561523443,-0.003415489196777345,
22,331374.81097711,0.07875,0.384375,0.346875,-0.05625,0.07875,0.05625,0.0,0.0,0.0,0.0,0.0,0.0,0.08030033111572266,0.3835735321044922,0.3351259231567383,-0.06427860260009766,0.07495975494384766,0.053215980529785156,0.013187408447265625,-0.021978378295898438,-0.021978378295898438,0.010990142822265625,-0.010990142822265625,-0.010990142822265625,-0.24410278320312498,0.4738463592529296,6.504612426757811,1.5003077545166015,0.06523101806640624,0.03168386840820312,0.0015503311157226557,-0.0008014678955078347,-0.011749076843261708,-0.008028602600097655,-0.0037902450561523443,-0.003034019470214845,
23,331374.820972671,0.07875,0.384375,0.346875,-0.05625,0.07875,0.05625,0.0,0.0,0.0,0.0,0.0,0.0,0.08030033111572266,0.3835735321044922,0.3351259231567383,-0.06427860260009766,0.07495975494384766,0.053215980529785156,-0.03076934814453125,-0.0043964385986328125,-0.013187408447265625,-0.03296661376953125,0.010990142822265625,-0.03296661376953125,-0.1579475402832031,0.21538436889648435,6.475894012451171,1.5077624969482422,0.06895838928222656,0.03168386840820312,0.0015503311157226557,-0.0008014678955078347,-0.011749076843261708,-0.008028602600097655,-0.0037902450561523443,-0.003034019470214845,
24,331374.831043809,0.07875,0.384375,0.346875,-0.05625,0.07875,0.05625,0.0,0.0,0.0,0.0,0.0,0.0,0.08030033111572266,0.3835735321044922,0.3351259231567383,-0.06427860260009766,0.07495975494384766,0.053215980529785156,-0.03076934814453125,0.013187408447265625,-0.0043964385986328125,-0.03296661376953125,-0.010990142822265625,-0.010990142822265625,-0.1866659545898437,0.933333511352539,6.504612426757811,1.5040351257324218,0.06895838928222656,0.03168386840820312,0.0015503311157226557,-0.0008014678955078347,-0.011749076843261708,-0.008028602600097655,-0.0037902450561523443,-0.003034019470214845,
25,331374.842099147,0.07875,0.384375,0.346875,-0.05625,0.07875,0.05625,0.0,0.0,0.0,0.0,0.0,0.0,0.08030033111572266,0.3835735321044922,0.3351259231567383,-0.06427860260009766,0.07495975494384766,0.053215980529785156,-0.013187408447265625,-0.013187408447265625,0.013187408447265625,0.010990142822265625,-0.010990142822265625,-0.010990142822265625,-0.3015396118164062,-0.8471782684326171,6.6769229125976555,1.5040351257324218,0.06523101806640624,0.03168386840820312,0.0015503311157226557,-0.0008014678955078347,-0.011749076843261708,-0.008028602600097655,-0.0037902450561523443,-0.003034019470214845,
26,331374.850971023,0.07875,0.384375,0.346875,-0.05625,0.07875,0.05625,0.0,0.0,0.0,0.0,0.0,0.0,0.08030033111572266,0.3835735321044922,0.3351259231567383,-0.06427860260009766,0.07495975494384766,0.053215980529785156,0.013187408447265625,-0.021978378295898438,-0.0043964385986328125,0.010990142822265625,0.010990142822265625,-0.010990142822265625,-0.07179603576660155,0.2728211975097656,6.389746246337889,1.5040351257324218,0.06895838928222656,0.03168386840820312,0.0015503311157226557,-0.0008014678955078347,-0.011749076843261708,-0.008028602600097655,-0.0037902450561523443,-0.003034019470214845,
27,331374.860971757,0.07875,0.384375,0.346875,-0.05625,0.07875,0.05625,0.0,0.0,0.0,0.0,0.0,0.0,0.08030033111572266,0.3835735321044922,0.3351259231567383,-0.06427860260009766,0.07495975494384766,0.053215980529785156,0.0043964385986328125,-0.021978378295898438,-0.0043964385986328125,-0.03296661376953125,-0.03296661376953125,-0.010990142822265625,-0.2728211975097656,0.33025802612304683,6.504612426757811,1.5077624969482422,0.06523101806640624,0.03168386840820312,0.0015503311157226557,-0.0008014678955078347,-0.011749076843261708,-0.008028602600097655,-0.0037902450561523443,-0.003034019470214845,
28,331374.870949705,0.07875,0.384375,0.346875,-0.05625,0.07875,0.05625,0.0,0.0,0.0,0.0,0.0,0.0,0.08030033111572266,0.3835735321044922,0.3351259231567383,-0.06427860260009766,0.07495975494384766,0.053215980529785156,0.013187408447265625,-0.013187408447265625,-0.021978378295898438,-0.010990142822265625,-0.03296661376953125,0.010990142822265625,-0.4738463592529296,0.8184598541259764,6.504612426757811,1.5077624969482422,0.06523101806640624,0.03168386840820312,0.0015503311157226557,-0.0008014678955078347,-0.011749076843261708,-0.008028602600097655,-0.0037902450561523443,-0.003034019470214845,
29,331374.880970702,0.07875,0.384375,0.346875,-0.05625,0.07875,0.05625,0.0,0.0,0.0,0.0,0.0,0.0,0.08030033111572266,0.3835735321044922,0.3351259231567383,-0.06427860260009766,0.07495975494384766,0.053215980529785156,0.0043964385986328125,-0.013187408447265625,0.0043964385986328125,-0.010990142822265625,0.010990142822265625,0.010990142822265625,-0.41640953063964836,1.47897590637207,6.361027832031249,1.5040351257324218,0.06523101806640624,0.03168386840820312,0.0015503311157226557,-0.0008014678955078347,-0.011749076843261708,-0.008028602600097655,-0.0037902450561523443,-0.003034019470214845,
30,331374.890972401,0.07875,0.384375,0.346875,-0.05625,0.07875,0.05625,0.0,0.0,0.0,0.0,0.0,0.0,0.08030033111572266,0.3835735321044922,0.3351259231567383,-0.06427860260009766,0.07495975494384766,0.053215980529785156,0.0043964385986328125,-0.013187408447265625,-0.0043964385986328125,-0.010990142822265625,-0.03296661376953125,-0.010990142822265625,-0.07179603576660155,0.33025802612304683,6.504612426757811,1.5040351257324218,0.06523101806640624,0.03168386840820312,0.0015503311157226557,-0.0008014678955078347,-0.011749076843261708,-0.008028602600097655,-0.0037902450561523443,-0.003034019470214845,
31,331374.90104206,0.07875,0.384375,0.346875,-0.05625,0.07875,0.05625,0.0,0.0,0.0,0.0,0.0,0.0,0.08030033111572266,0.3835735321044922,0.3355073928833008,-0.06427860260009766,0.07495975494384766,0.053215980529785156,0.013187408447265625,0.0043964385986328125,0.03956031799316406,-0.010990142822265625,-0.010990142822265625,-0.010990142822265625,-0.07179603576660155,0.5887162780761718,6.6482044982910145,1.5003077545166015,0.06523101806640624,0.03168386840820312,0.0015503311157226557,-0.0008014678955078347,-0.011367607116699208,-0.008028602600097655,-0.0037902450561523443,-0.003034019470214845,
32,331374.913022011,0.07875,0.384375,0.346875,-0.05625,0.07875,0.05625,0.0,0.0,0.0,0.0,0.0,0.0,0.08030033111572266,0.3835735321044922,0.3351259231567383,-0.06427860260009766,0.07495975494384766,0.053215980529785156,0.0043964385986328125,-0.021978378295898438,-0.0043964385986328125,-0.03296661376953125,-0.010990142822265625,-0.010990142822265625,-0.41640953063964836,0.1579475402832031,6.6769229125976555,1.5003077545166015,0.06523101806640624,0.03168386840820312,0.0015503311157226557,-0.0008014678955078347,-0.011749076843261708,-0.008028602600097655,-0.0037902450561523443,-0.003034019470214845,
33,331374.920971696,0.07875,0.384375,0.346875,-0.05625,0.07875,0.05625,0.0,0.0,0.0,0.0,0.0,0.0,0.08030033111572266,0.3835735321044922,0.3351259231567383,-0.06427860260009766,0.07495975494384766,0.053215980529785156,-0.0043964385986328125,-0.013187408447265625,-0.013187408447265625,-0.010990142822265625,-0.03296661376953125,-0.03296661376953125,-0.4738463592529296,0.7035899353027343,6.6769229125976555,1.5040351257324218,0.06523101806640624,0.03168386840820312,0.0015503311157226557,-0.0008014678955078347,-0.011749076843261708,-0.008028602600097655,-0.0037902450561523443,-0.003034019470214845,
34,331374.930971289,0.07875,0.384375,0.346875,-0.05625,0.07875,0.05625,0.0,0.0,0.0,0.0,0.0,0.0,0.08030033111572266,0.3835735321044922,0.3351259231567383,-0.06427860260009766,0.07495975494384766,0.053215980529785156,0.03076934814453125,-0.013187408447265625,-0.013187408447265625,-0.010990142822265625,0.010990142822265625,-0.010990142822265625,-0.21538436889648435,0.21538436889648435,6.504612426757811,1.5040351257324218,0.06895838928222656,0.03168386840820312,0.0015503311157226557,-0.0008014678955078347,-0.011749076843261708,-0.008028602600097655,-0.0037902450561523443,-0.003034019470214845,
35,331374.940968415,0.07875,0.384375,0.346875,-0.05625,0.07875,0.05625,0.0,0.0,0.0,0.0,0.0,0.0,0.08030033111572266,0.3835735321044922,0.3351259231567383,-0.06427860260009766,0.07495975494384766,0.053215980529785156,-0.013187408447265625,0.0043964385986328125,-0.0043964385986328125,-0.010990142822265625,0.010990142822265625,-0.010990142822265625,-0.445127944946289,0.1579475402832031,6.6482044982910145,1.5077624969482422,0.06523101806640624,0.03168386840820312,0.0015503311157226557,-0.0008014678955078347,-0.011749076843261708,-0.008028602600097655,-0.0037902450561523443,-0.003034019470214845,
36,331374.950976005,0.07875,0.384375,0.346875,-0.05625,0.07875,0.05625,0.0,0.0,0.0,0.0,0.0,0.0,0.08030033111572266,0.3835735321044922,0.3351259231567383,-0.06427860260009766,0.07495975494384766,0.053215980529785156,-0.0043964385986328125,-0.013187408447265625,-0.013187408447265625,-0.010990142822265625,-0.010990142822265625,-0.010990142822265625,0.01435920715332031,0.1579475402832031,6.389746246337889,1.5077624969482422,0.06523101806640624,0.03168386840820312,0.0015503311157226557,-0.0008014678955078347,-0.011749076843261708,-0.008028602600097655,-0.0037902450561523443,-0.003034019470214845,
37,331374.960972942,0.07875,0.384375,0.346875,-0.05625,0.07875,0.05625,0.0,0.0,0.0,0.0,0.0,0.0,0.08030033111572266,0.3835735321044922,0.3351259231567383,-0.06427860260009766,0.07495975494384766,0.053215980529785156,-0.021978378295898438,-0.0043964385986328125,-0.0043964385986328125,-0.010990142822265625,0.010990142822265625,-0.010990142822265625,-0.24410278320312498,0.1579475402832031,6.504612426757811,1.5040351257324218,0.06523101806640624,0.03168386840820312,0.0015503311157226557,-0.0008014678955078347,-0.011749076843261708,-0.008028602600097655,-0.0037902450561523443,-0.003034019470214845,
38,331374.970966789,0.07875,0.384375,0.346875,-0.05625,0.07875,0.05625,0.0,0.0,0.0,0.0,0.0,0.0,0.08030033111572266,0.3835735321044922,0.3351259231567383,-0.06427860260009766,0.07495975494384766,0.053215980529785156,0.0043964385986328125,-0.03076934814453125,0.0043964385986328125,-0.010990142822265625,-0.03296661376953125,-0.010990142822265625,-0.3015396118164062,0.9046150970458983,6.6769229125976555,1.5040351257324218,0.06523101806640624,0.03168386840820312,0.0015503311157226557,-0.0008014678955078347,-0.011749076843261708,-0.008028602600097655,-0.0037902450561523443,-0.003034019470214845,
39,331374.980968941,0.07875,0.384375,0.346875,-0.05625,0.07875,0.05625,0.0,0.0,0.0,0.0,0.0,0.0,0.08030033111572266,0.3835735321044922,0.3351259231567383,-0.06427860260009766,0.07495975494384766,0.053215980529785156,-0.021978378295898438,-0.013187408447265625,0.0043964385986328125,0.010990142822265625,-0.010990142822265625,-0.010990142822265625,-0.043077621459960934,0.21538436889648435,6.533330841064452,1.5077624969482422,0.06895838928222656,0.03168386840820312,0.0015503311157226557,-0.0008014678955078347,-0.011749076843261708,-0.008028602600097655,-0.0037902450561523443,-0.003034019470214845,
40,331374.990970084,0.07875,0.384375,0.346875,-0.05625,0.07875,0.05625,0.0,0.0,0.0,0.0,0.0,0.0,0.08030033111572266,0.3835735321044922,0.3351259231567383,-0.06427860260009766,0.07495975494384766,0.053215980529785156,-0.013187408447265625,-0.0043964385986328125,-0.03076934814453125,-0.010990142822265625,-0.010990142822265625,-0.03296661376953125,-0.445127944946289,0.21538436889648435,6.217435760498046,1.5040351257324218,0.06895838928222656,0.03168386840820312,0.0015503311157226557,-0.0008014678955078347,-0.011749076843261708,-0.008028602600097655,-0.0037902450561523443,-0.003034019470214845,
41,331375.000968067,0.07875,0.384375,0.346875,-0.05625,0.07875,0.05625,0.0,0.0,0.0,0.0,0.0,0.0,0.08030033111572266,0.3835735321044922,0.3351259231567383,-0.06427860260009766,0.07495975494384766,0.053215980529785156,0.0043964385986328125,-0.013187408447265625,-0.013187408447265625,-0.010990142822265625,-0.010990142822265625,-0.03296661376953125,-0.1866659545898437,-0.01435920715332031,6.504612426757811,1.5040351257324218,0.06523101806640624,0.03168386840820312,0.0015503311157226557,-0.0008014678955078347,-0.011749076843261708,-0.008028602600097655,-0.0037902450561523443,-0.003034019470214845,
42,331375.010976912,0.07875,0.384375,0.346875,-0.05625,0.07875,0.05625,0.0,0.0,0.0,0.0,0.0,0.0,0.08030033111572266,0.3835735321044922,0.3351259231567383,-0.06427860260009766,0.07495975494384766,0.052834510803222656,0.013187408447265625,-0.021978378295898438,0.021978378295898438,-0.03296661376953125,-0.010990142822265625,-0.010990142822265625,-0.3015396118164062,0.41640953063964836,6.791796569824218,1.5040351257324218,0.06523101806640624,0.03168386840820312,0.0015503311157226557,-0.0008014678955078347,-0.011749076843261708,-0.008028602600097655,-0.0037902450561523443,-0.003415489196777345,
43,331375.020972009,0.07875,0.384375,0.346875,-0.05625,0.07875,0.05625,0.0,0.0,0.0,0.0,0.0,0.0,0.08030033111572266,0.3835735321044922,0.3351259231567383,-0.06427860260009766,0.07495975494384766,0.052834510803222656,0.013187408447265625,-0.0043964385986328125,0.0043964385986328125,0.010990142822265625,-0.010990142822265625,-0.03296661376953125,-0.1579475402832031,0.8184598541259764,6.361027832031249,1.5077624969482422,0.06523101806640624,0.03168386840820312,0.0015503311157226557,-0.0008014678955078347,-0.011749076843261708,-0.008028602600097655,-0.0037902450561523443,-0.003415489196777345,
44,331375.030968576,0.07875,0.384375,0.346875,-0.05625,0.07875,0.05625,0.0,0.0,0.0,0.0,0.0,0.0,0.08030033111572266,0.3835735321044922,0.3351259231567383,-0.06427860260009766,0.07495975494384766,0.053215980529785156,-0.0043964385986328125,-0.013187408447265625,0.013187408447265625,0.010990142822265625,-0.010990142822265625,-0.010990142822265625,-0.33025802612304683,0.5887162780761718,6.619486083984374,1.5077624969482422,0.06523101806640624,0.03168386840820312,0.0015503311157226557,-0.0008014678955078347,-0.011749076843261708,-0.008028602600097655,-0.0037902450561523443,-0.003034019470214845,
45,331375.04097023,0.07875,0.384375,0.346875,-0.05625,0.07875,0.05625,0.0,0.0,0.0,0.0,0.0,0.0,0.08030033111572266,0.3835735321044922,0.3351259231567383,-0.06427860260009766,0.07495975494384766,0.053215980529785156,-0.0043964385986328125,-0.013187408447265625,-0.0043964385986328125,0.010990142822265625,-0.010990142822265625,-0.010990142822265625,-0.21538436889648435,0.1579475402832031,6.418464660644531,1.5077624969482422,0.06523101806640624,0.03168386840820312,0.0015503311157226557,-0.0008014678955078347,-0.011749076843261708,-0.008028602600097655,-0.0037902450561523443,-0.003034019470214845,
46,331375.050967075,0.07875,0.384375,0.346875,-0.05625,0.07875,0.05625,0.0,0.0,0.0,0.0,0.0,0.0,0.08030033111572266,0.3835735321044922,0.3351259231567383,-0.06427860260009766,0.07495975494384766,0.053215980529785156,-0.0043964385986328125,-0.0043964385986328125,-0.013187408447265625,0.010990142822265625,-0.010990142822265625,0.010990142822265625,-0.1866659545898437,0.1579475402832031,6.361027832031249,1.5077624969482422,0.06523101806640624,0.03168386840820312,0.0015503311157226557,-0.0008014678955078347,-0.011749076843261708,-0.008028602600097655,-0.0037902450561523443,-0.003034019470214845,
47,331375.060969491,0.07875,0.384375,0.346875,-0.05625,0.07875,0.05625,0.0,0.0,0.0,0.0,0.0,0.0,0.08030033111572266,0.3835735321044922,0.3351259231567383,-0.06427860260009766,0.07495975494384766,0.053215980529785156,0.0043964385986328125,-0.021978378295898438,-0.0043964385986328125,0.010990142822265625,-0.03296661376953125,-0.010990142822265625,-0.07179603576660155,0.33025802612304683,6.303591003417968,1.5040351257324218,0.06895838928222656,0.03168386840820312,0.0015503311157226557,-0.0008014678955078347,-0.011749076843261708,-0.008028602600097655,-0.0037902450561523443,-0.003034019470214845,
48,331375.07097062,0.07875,0.384375,0.346875,-0.05625,0.07875,0.05625,0.0,0.0,0.0,0.0,0.0,0.0,0.08030033111572266,0.3835735321044922,0.3351259231567383,-0.06427860260009766,0.07495975494384766,0.053215980529785156,0.0043964385986328125,-0.021978378295898438,0.0043964385986328125,-0.010990142822265625,-0.010990142822265625,-0.010990142822265625,-0.1866659545898437,-0.01435920715332031,6.6769229125976555,1.5040351257324218,0.06523101806640624,0.03168386840820312,0.0015503311157226557,-0.0008014678955078347,-0.011749076843261708,-0.008028602600097655,-0.0037902450561523443,-0.003034019470214845,
49,331375.08203664,0.07875,0.384375,0.346875,-0.05625,0.07875,0.05625,0.0,0.0,0.0,0.0,0.0,0.0,0.08030033111572266,0.3835735321044922,0.3351259231567383,-0.06427860260009766,0.07495975494384766,0.053215980529785156,-0.0043964385986328125,-0.0043964385986328125,-0.0043964385986328125,-0.010990142822265625,-0.03296661376953125,-0.010990142822265625,-0.3589727020263671,0.1292291259765625,6.504612426757811,1.5040351257324218,0.06895838928222656,0.03168386840820312,0.0015503311157226557,-0.0008014678955078347,-0.011749076843261708,-0.008028602600097655,-0.0037902450561523443,-0.003034019470214845,
50,331375.090972521,0.07875,0.384375,0.346875,-0.05625,0.07875,0.05625,0.0,0.0,0.0,0.0,0.0,0.0,0.08030033111572266,0.3835735321044922,0.3351259231567383,-0.06427860260009766,0.07495975494384766,0.053215980529785156,-0.0043964385986328125,-0.0043964385986328125,-0.021978378295898438,0.010990142822265625,-0.010990142822265625,-0.010990142822265625,-0.21538436889648435,0.4738463592529296,6.562049255371092,1.5040351257324218,0.06523101806640624,0.03168386840820312,0.0015503311157226557,-0.0008014678955078347,-0.011749076843261708,-0.008028602600097655,-0.0037902450561523443,-0.003034019470214845,
51,331375.100973667,0.07875,0.384375,0.346875,-0.05625,0.07875,0.05625,0.0,0.0,0.0,0.0,0.0,0.0,0.08030033111572266,0.3835735321044922,0.3351259231567383,-0.06427860260009766,0.07495975494384766,0.053215980529785156,-0.013187408447265625,-0.0043964385986328125,-0.03956031799316406,-0.010990142822265625,-0.010990142822265625,-0.03296661376953125,-0.1579475402832031,0.1579475402832031,6.389746246337889,1.5077624969482422,0.06523101806640624,0.03168386840820312,0.0015503311157226557,-0.0008014678955078347,-0.011749076843261708,-0.008028602600097655,-0.0037902450561523443,-0.003034019470214845,
52,331375.110985813,0.07875,0.384375,0.346875,-0.05625,0.07875,0.05625,0.0,0.0,0.0,0.0,0.0,0.0,0.08030033111572266,0.3835735321044922,0.3351259231567383,-0.06427860260009766,0.07495975494384766,0.053215980529785156,0.013187408447265625,-0.0043964385986328125,-0.021978378295898438,-0.010990142822265625,-0.010990142822265625,-0.010990142822265625,-0.3589727020263671,0.7610267639160155,6.389746246337889,1.5040351257324218,0.06523101806640624,0.03168386840820312,0.0015503311157226557,-0.0008014678955078347,-0.011749076843261708,-0.008028602600097655,-0.0037902450561523443,-0.003034019470214845,
53,331375.12099114,0.07875,0.384375,0.346875,-0.05625,0.07875,0.05625,0.0,0.0,0.0,0.0,0.0,0.0,0.08030033111572266,0.3835735321044922,0.3351259231567383,-0.06427860260009766,0.07495975494384766,0.053215980529785156,-0.0043964385986328125,-0.03956031799316406,-0.021978378295898438,0.010990142822265625,-0.010990142822265625,-0.010990142822265625,-0.3589727020263671,0.1579475402832031,6.188717346191405,1.5040351257324218,0.06523101806640624,0.03168386840820312,0.0015503311157226557,-0.0008014678955078347,-0.011749076843261708,-0.008028602600097655,-0.0037902450561523443,-0.003034019470214845,
54,331375.131169494,0.07875,0.384375,0.346875,-0.05625,0.07875,0.05625,0.0,0.0,0.0,0.0,0.0,0.0,0.08030033111572266,0.3835735321044922,0.3351259231567383,-0.06427860260009766,0.07495975494384766,0.052834510803222656,-0.0043964385986328125,-0.0043964385986328125,0.021978378295898438,0.010990142822265625,0.010990142822265625,-0.03296661376953125,-0.1579475402832031,0.41640953063964836,6.389746246337889,1.5040351257324218,0.06523101806640624,0.03168386840820312,0.0015503311157226557,-0.0008014678955078347,-0.011749076843261708,-0.008028602600097655,-0.0037902450561523443,-0.003415489196777345,
55,331375.141230832,0.07875,0.384375,0.346875,-0.05625,0.07875,0.05625,0.0,0.0,0.0,0.0,0.0,0.0,0.08030033111572266,0.3835735321044922,0.3351259231567383,-0.06427860260009766,0.07495975494384766,0.052834510803222656,0.0043964385986328125,-0.0043964385986328125,-0.0043964385986328125,-0.010990142822265625,-0.010990142822265625,-0.03296661376953125,-0.5025647735595702,0.1866659545898437,6.533330841064452,1.5040351257324218,0.06523101806640624,0.03168386840820312,0.0015503311157226557,-0.0008014678955078347,-0.011749076843261708,-0.008028602600097655,-0.0037902450561523443,-0.003415489196777345,
56,331375.15151923,0.07875,0.384375,0.346875,-0.05625,0.07875,0.05625,0.0,0.0,0.0,0.0,0.0,0.0,0.08030033111572266,0.3835735321044922,0.3351259231567383,-0.06427860260009766,0.07495975494384766,0.053215980529785156,-0.021978378295898438,-0.021978378295898438,0.013187408447265625,-0.010990142822265625,-0.010990142822265625,-0.03296661376953125,-0.6174346923828123,0.41640953063964836,6.533330841064452,1.5040351257324218,0.06523101806640624,0.03168386840820312,0.0015503311157226557,-0.0008014678955078347,-0.011749076843261708,-0.008028602600097655,-0.0037902450561523443,-0.003034019470214845,
57,331375.160993596,0.07875,0.384375,0.346875,-0.05625,0.07875,0.05625,0.0,0.0,0.0,0.0,0.0,0.0,0.08030033111572266,0.3835735321044922,0.3351259231567383,-0.06427860260009766,0.07495975494384766,0.053215980529785156,0.0043964385986328125,0.013187408447265625,-0.013187408447265625,-0.010990142822265625,-0.010990142822265625,0.010990142822265625,-0.445127944946289,0.1579475402832031,6.6482044982910145,1.5040351257324218,0.06523101806640624,0.03168386840820312,0.0015503311157226557,-0.0008014678955078347,-0.011749076843261708,-0.008028602600097655,-0.0037902450561523443,-0.003034019470214845,
58,331375.170973307,0.07875,0.384375,0.346875,-0.05625,0.07875,0.05625,0.0,0.0,0.0,0.0,0.0,0.0,0.08030033111572266,0.3835735321044922,0.3351259231567383,-0.06427860260009766,0.07495975494384766,0.053215980529785156,-0.021978378295898438,-0.013187408447265625,-0.0043964385986328125,-0.010990142822265625,-0.010990142822265625,0.010990142822265625,-0.5600016021728514,0.646153106689453,6.533330841064452,1.5040351257324218,0.06523101806640624,0.03168386840820312,0.0015503311157226557,-0.0008014678955078347,-0.011749076843261708,-0.008028602600097655,-0.0037902450561523443,-0.003034019470214845,
59,331375.181089573,0.07875,0.384375,0.346875,-0.05625,0.07875,0.05625,0.0,0.0,0.0,0.0,0.0,0.0,0.08030033111572266,0.3835735321044922,0.3351259231567383,-0.06427860260009766,0.07495975494384766,0.053215980529785156,-0.0043964385986328125,-0.013187408447265625,-0.013187408447265625,-0.03296661376953125,0.010990142822265625,0.03296661376953125,-0.646153106689453,0.33025802612304683,6.361027832031249,1.5040351257324218,0.06895838928222656,0.03168386840820312,0.0015503311157226557,-0.0008014678955078347,-0.011749076843261708,-0.008028602600097655,-0.0037902450561523443,-0.003034019470214845,
60,331375.190972224,0.07875,0.384375,0.346875,-0.05625,0.07875,0.05625,0.0,0.0,0.0,0.0,0.0,0.0,0.08030033111572266,0.3835735321044922,0.3351259231567383,-0.06427860260009766,0.07495975494384766,0.053215980529785156,0.013187408447265625,-0.013187408447265625,-0.0043964385986328125,-0.010990142822265625,-0.03296661376953125,-0.010990142822265625,-0.21538436889648435,0.5600016021728514,6.6769229125976555,1.5040351257324218,0.06523101806640624,0.03168386840820312,0.0015503311157226557,-0.0008014678955078347,-0.011749076843261708,-0.008028602600097655,-0.0037902450561523443,-0.003034019470214845,
61,331375.200974336,0.07875,0.384375,0.346875,-0.05625,0.07875,0.05625,0.0,0.0,0.0,0.0,0.0,0.0,0.08030033111572266,0.3835735321044922,0.3351259231567383,-0.06427860260009766,0.07495975494384766,0.052834510803222656,0.013187408447265625,-0.0043964385986328125,-0.0043964385986328125,-0.010990142822265625,-0.03296661376953125,-0.03296661376953125,-0.6174346923828123,-0.1579475402832031,6.6769229125976555,1.5040351257324218,0.06523101806640624,0.03168386840820312,0.0015503311157226557,-0.0008014678955078347,-0.011749076843261708,-0.008028602600097655,-0.0037902450561523443,-0.003415489196777345,
62,331375.21102433,0.07875,0.384375,0.346875,-0.05625,0.07875,0.05625,0.0,0.0,0.0,0.0,0.0,0.0,0.08030033111572266,0.3835735321044922,0.3351259231567383,-0.06427860260009766,0.07495975494384766,0.053215980529785156,0.0043964385986328125,0.0043964385986328125,0.013187408447265625,-0.010990142822265625,-0.03296661376953125,-0.010990142822265625,-0.07179603576660155,0.3015396118164062,6.6769229125976555,1.5040351257324218,0.06523101806640624,0.03168386840820312,0.0015503311157226557,-0.0008014678955078347,-0.011749076843261708,-0.008028602600097655,-0.0037902450561523443,-0.003034019470214845,
63,331375.225946264,0.07875,0.384375,0.346875,-0.05625,0.07875,0.05625,0.0,0.0,0.0,0.0,0.0,0.0,0.08030033111572266,0.3835735321044922,0.3351259231567383,-0.06427860260009766,0.07495975494384766,0.053215980529785156,-0.013187408447265625,0.0043964385986328125,-0.0043964385986328125,-0.010990142822265625,-0.03296661376953125,-0.010990142822265625,-0.043077621459960934,-0.10051445007324217,6.504612426757811,1.5040351257324218,0.06523101806640624,0.03168386840820312,0.0015503311157226557,-0.0008014678955078347,-0.011749076843261708,-0.008028602600097655,-0.0037902450561523443,-0.003034019470214845,
64,331375.234024999,0.07875,0.384375,0.346875,-0.05625,0.07875,0.05625,0.0,0.0,0.0,0.0,0.0,0.0,0.08030033111572266,0.3835735321044922,0.3351259231567383,-0.06427860260009766,0.07495975494384766,0.053215980529785156,0.013187408447265625,-0.013187408447265625,-0.013187408447265625,-0.010990142822265625,0.010990142822265625,-0.010990142822265625,-0.8184598541259764,0.4738463592529296,6.217435760498046,1.5040351257324218,0.06523101806640624,0.03168386840820312,0.0015503311157226557,-0.0008014678955078347,-0.011749076843261708,-0.008028602600097655,-0.0037902450561523443,-0.003034019470214845,
65,331375.240979422,0.07875,0.384375,0.346875,-0.05625,0.07875,0.05625,0.0,0.0,0.0,0.0,0.0,0.0,0.08030033111572266,0.3835735321044922,0.3351259231567383,-0.06427860260009766,0.07495975494384766,0.053215980529785156,0.013187408447265625,-0.013187408447265625,0.013187408447265625,-0.03296661376953125,-0.010990142822265625,-0.010990142822265625,-0.445127944946289,0.8184598541259764,6.246154174804686,1.5040351257324218,0.06523101806640624,0.03168386840820312,0.0015503311157226557,-0.0008014678955078347,-0.011749076843261708,-0.008028602600097655,-0.0037902450561523443,-0.003034019470214845,
66,331375.250973264,0.07875,0.384375,0.346875,-0.05625,0.07875,0.05625,0.0,0.0,0.0,0.0,0.0,0.0,0.08030033111572266,0.3835735321044922,0.3355073928833008,-0.06427860260009766,0.07495975494384766,0.053215980529785156,0.021978378295898438,-0.0043964385986328125,0.0043964385986328125,-0.010990142822265625,-0.010990142822265625,0.010990142822265625,-0.21538436889648435,1.3928206634521483,6.791796569824218,1.5040351257324218,0.06523101806640624,0.035411239624023434,0.0015503311157226557,-0.0008014678955078347,-0.011367607116699208,-0.008028602600097655,-0.0037902450561523443,-0.003034019470214845,
67,331375.261013977,0.07875,0.384375,0.346875,-0.05625,0.07875,0.05625,0.0,0.0,0.0,0.0,0.0,0.0,0.08030033111572266,0.3835735321044922,0.3351259231567383,-0.06427860260009766,0.07495975494384766,0.053215980529785156,0.013187408447265625,0.0043964385986328125,-0.021978378295898438,-0.010990142822265625,-0.010990142822265625,-0.010990142822265625,-0.3015396118164062,1.3353838348388671,6.6769229125976555,1.5040351257324218,0.06895838928222656,0.03168386840820312,0.0015503311157226557,-0.0008014678955078347,-0.011749076843261708,-0.008028602600097655,-0.0037902450561523443,-0.003034019470214845,
68,331375.270970627,0.07875,0.384375,0.346875,-0.05625,0.07875,0.05625,0.0,0.0,0.0,0.0,0.0,0.0,0.08030033111572266,0.3835735321044922,0.3351259231567383,-0.06427860260009766,0.07495975494384766,0.053215980529785156,0.013187408447265625,-0.013187408447265625,-0.0043964385986328125,0.010990142822265625,0.010990142822265625,-0.010990142822265625,-0.4738463592529296,0.1292291259765625,6.504612426757811,1.5040351257324218,0.06523101806640624,0.03168386840820312,0.0015503311157226557,-0.0008014678955078347,-0.011749076843261708,-0.008028602600097655,-0.0037902450561523443,-0.003034019470214845,
69,331375.280965141,0.07875,0.384375,0.346875,-0.05625,0.07875,0.05625,0.0,0.0,0.0,0.0,0.0,0.0,0.08030033111572266,0.3835735321044922,0.3351259231567383,-0.06427860260009766,0.07495975494384766,0.052834510803222656,-0.03076934814453125,-0.013187408447265625,-0.0043964385986328125,-0.010990142822265625,-0.010990142822265625,-0.03296661376953125,-0.3015396118164062,0.3015396118164062,6.533330841064452,1.5040351257324218,0.06523101806640624,0.03168386840820312,0.0015503311157226557,-0.0008014678955078347,-0.011749076843261708,-0.008028602600097655,-0.0037902450561523443,-0.003415489196777345,
70,331375.290969585,0.07875,0.384375,0.346875,-0.05625,0.07875,0.05625,0.0,0.0,0.0,0.0,0.0,0.0,0.08030033111572266,0.3835735321044922,0.3351259231567383,-0.06427860260009766,0.07495975494384766,0.053215980529785156,-0.0043964385986328125,0.0043964385986328125,-0.013187408447265625,-0.010990142822265625,-0.03296661376953125,0.010990142822265625,-0.445127944946289,0.5025647735595702,6.504612426757811,1.5040351257324218,0.06523101806640624,0.03168386840820312,0.0015503311157226557,-0.0008014678955078347,-0.011749076843261708,-0.008028602600097655,-0.0037902450561523443,-0.003034019470214845,
71,331375.301033936,0.07875,0.384375,0.346875,-0.05625,0.07875,0.05625,0.0,0.0,0.0,0.0,0.0,0.0,0.08030033111572266,0.3835735321044922,0.3351259231567383,-0.06427860260009766,0.07495975494384766,0.053215980529785156,0.0043964385986328125,0.021978378295898438,-0.021978378295898438,-0.010990142822265625,-0.010990142822265625,-0.010990142822265625,0.3015396118164062,0.1579475402832031,6.504612426757811,1.5040351257324218,0.06895838928222656,0.03168386840820312,0.0015503311157226557,-0.0008014678955078347,-0.011749076843261708,-0.008028602600097655,-0.0037902450561523443,-0.003034019470214845,
72,331375.310972069,0.07875,0.384375,0.346875,-0.05625,0.07875,0.05625,0.0,0.0,0.0,0.0,0.0,0.0,0.08030033111572266,0.3835735321044922,0.3351259231567383,-0.06427860260009766,0.07495975494384766,0.053215980529785156,-0.021978378295898438,-0.013187408447265625,0.0043964385986328125,-0.010990142822265625,0.010990142822265625,-0.03296661376953125,-0.5312831878662109,0.7897451782226562,6.619486083984374,1.5003077545166015,0.06523101806640624,0.03168386840820312,0.0015503311157226557,-0.0008014678955078347,-0.011749076843261708,-0.008028602600097655,-0.0037902450561523443,-0.003034019470214845,
73,331375.320970552,0.07875,0.384375,0.346875,-0.05625,0.07875,0.05625,0.0,0.0,0.0,0.0,0.0,0.0,0.08030033111572266,0.3831920623779297,0.3351259231567383,-0.06427860260009766,0.07495975494384766,0.053215980529785156,0.013187408447265625,-0.021978378295898438,0.013187408447265625,-0.03296661376953125,0.010990142822265625,-0.010990142822265625,-0.3015396118164062,0.3015396118164062,6.504612426757811,1.5077624969482422,0.06523101806640624,0.035411239624023434,0.0015503311157226557,-0.0011829376220703347,-0.011749076843261708,-0.008028602600097655,-0.0037902450561523443,-0.003034019470214845,
74,331375.330964185,0.07875,0.384375,0.346875,-0.05625,0.07875,0.05625,0.0,0.0,0.0,0.0,0.0,0.0,0.08030033111572266,0.3835735321044922,0.3355073928833008,-0.06427860260009766,0.07495975494384766,0.053215980529785156,0.0043964385986328125,-0.0043964385986328125,0.013187408447265625,-0.010990142822265625,-0.010990142822265625,-0.010990142822265625,-0.24410278320312498,-0.445127944946289,6.389746246337889,1.5040351257324218,0.06523101806640624,0.035411239624023434,0.0015503311157226557,-0.0008014678955078347,-0.011367607116699208,-0.008028602600097655,-0.0037902450561523443,-0.003034019470214845,
75,331375.341009932,0.07875,0.384375,0.346875,-0.05625,0.07875,0.05625,0.0,0.0,0.0,0.0,0.0,0.0,0.08030033111572266,0.3831920623779297,0.3351259231567383,-0.06427860260009766,0.07495975494384766,0.053215980529785156,-0.0043964385986328125,-0.021978378295898438,-0.0043964385986328125,-0.010990142822265625,-0.03296661376953125,-0.010990142822265625,0.1866659545898437,-0.1866659545898437,6.533330841064452,1.5077624969482422,0.06895838928222656,0.03168386840820312,0.0015503311157226557,-0.0011829376220703347,-0.011749076843261708,-0.008028602600097655,-0.0037902450561523443,-0.003034019470214845,
76,331375.351014385,0.07875,0.384375,0.346875,-0.05625,0.07875,0.05625,0.0,0.0,0.0,0.0,0.0,0.0,0.08030033111572266,0.3835735321044922,0.3351259231567383,-0.06427860260009766,0.07495975494384766,0.053215980529785156,0.013187408447265625,0.0043964385986328125,-0.013187408447265625,-0.010990142822265625,-0.010990142822265625,-0.03296661376953125,-0.3876911163330078,0.732308349609375,6.361027832031249,1.5040351257324218,0.06895838928222656,0.03168386840820312,0.0015503311157226557,-0.0008014678955078347,-0.011749076843261708,-0.008028602600097655,-0.0037902450561523443,-0.003034019470214845,
77,331375.36103247,0.07875,0.384375,0.346875,-0.05625,0.07875,0.05625,0.0,0.0,0.0,0.0,0.0,0.0,0.08030033111572266,0.3831920623779297,0.3351259231567383,-0.06427860260009766,0.07495975494384766,0.053215980529785156,-0.0043964385986328125,-0.0043964385986328125,0.021978378295898438,0.010990142822265625,-0.010990142822265625,-0.010990142822265625,-0.33025802612304683,0.41640953063964836,6.361027832031249,1.5040351257324218,0.06523101806640624,0.03168386840820312,0.0015503311157226557,-0.0011829376220703347,-0.011749076843261708,-0.008028602600097655,-0.0037902450561523443,-0.003034019470214845,
78,331375.370973097,0.07875,0.384375,0.346875,-0.05625,0.07875,0.05625,0.0,0.0,0.0,0.0,0.0,0.0,0.08030033111572266,0.3835735321044922,0.3351259231567383,-0.06427860260009766,0.07495975494384766,0.053215980529785156,-0.03076934814453125,-0.0043964385986328125,0.0043964385986328125,-0.03296661376953125,-0.010990142822265625,-0.010990142822265625,-0.6174346923828123,0.41640953063964836,6.504612426757811,1.5040351257324218,0.06895838928222656,0.03168386840820312,0.0015503311157226557,-0.0008014678955078347,-0.011749076843261708,-0.008028602600097655,-0.0037902450561523443,-0.003034019470214845,
79,331375.380972599,0.07875,0.384375,0.346875,-0.05625,0.07875,0.05625,0.0,0.0,0.0,0.0,0.0,0.0,0.08030033111572266,0.3831920623779297,0.3351259231567383,-0.06427860260009766,0.07495975494384766,0.053215980529785156,0.013187408447265625,-0.021978378295898438,-0.013187408447265625,-0.03296661376953125,-0.010990142822265625,-0.010990142822265625,-0.1866659545898437,0.4738463592529296,6.361027832031249,1.5040351257324218,0.06895838928222656,0.03168386840820312,0.0015503311157226557,-0.0011829376220703347,-0.011749076843261708,-0.008028602600097655,-0.0037902450561523443,-0.003034019470214845,
80,331375.390991341,0.07875,0.384375,0.346875,-0.05625,0.07875,0.05625,0.0,0.0,0.0,0.0,0.0,0.0,0.08030033111572266,0.3831920623779297,0.3351259231567383,-0.06427860260009766,0.07495975494384766,0.053215980529785156,-0.013187408447265625,-0.03076934814453125,-0.03956031799316406,0.010990142822265625,0.010990142822265625,-0.010990142822265625,-0.1579475402832031,-0.1579475402832031,6.389746246337889,1.5077624969482422,0.06523101806640624,0.03168386840820312,0.0015503311157226557,-0.0011829376220703347,-0.011749076843261708,-0.008028602600097655,-0.0037902450561523443,-0.003034019470214845,
81,331375.400965473,0.07875,0.384375,0.346875,-0.05625,0.07875,0.05625,0.0,0.0,0.0,0.0,0.0,0.0,0.08030033111572266,0.3835735321044922,0.3351259231567383,-0.06427860260009766,0.07495975494384766,0.053215980529785156,0.013187408447265625,-0.0043964385986328125,0.0043964385986328125,-0.03296661376953125,-0.010990142822265625,-0.010990142822265625,-0.3589727020263671,0.8184598541259764,6.217435760498046,1.5040351257324218,0.06523101806640624,0.03168386840820312,0.0015503311157226557,-0.0008014678955078347,-0.011749076843261708,-0.008028602600097655,-0.0037902450561523443,-0.003034019470214845,
82,331375.410980759,0.07875,0.384375,0.346875,-0.05625,0.07875,0.05625,0.0,0.0,0.0,0.0,0.0,0.0,0.08030033111572266,0.3831920623779297,0.3351259231567383,-0.06427860260009766,0.07495975494384766,0.053215980529785156,0.021978378295898438,-0.03076934814453125,0.021978378295898438,0.010990142822265625,-0.010990142822265625,-0.010990142822265625,-0.21538436889648435,-0.445127944946289,6.992817993164062,1.5040351257324218,0.06523101806640624,0.03168386840820312,0.0015503311157226557,-0.0011829376220703347,-0.011749076843261708,-0.008028602600097655,-0.0037902450561523443,-0.003034019470214845,
83,331375.420971109,0.07875,0.384375,0.346875,-0.05625,0.07875,0.05625,0.0,0.0,0.0,0.0,0.0,0.0,0.08030033111572266,0.3831920623779297,0.3351259231567383,-0.06427860260009766,0.07495975494384766,0.053215980529785156,0.0043964385986328125,-0.021978378295898438,-0.0043964385986328125,-0.03296661376953125,-0.010990142822265625,-0.010990142822265625,-0.1579475402832031,0.8184598541259764,6.217435760498046,1.5040351257324218,0.06895838928222656,0.035411239624023434,0.0015503311157226557,-0.0011829376220703347,-0.011749076843261708,-0.008028602600097655,-0.0037902450561523443,-0.003034019470214845,
84,331375.430970114,0.07875,0.384375,0.346875,-0.05625,0.07875,0.05625,0.0,0.0,0.0,0.0,0.0,0.0,0.08030033111572266,0.3831920623779297,0.3351259231567383,-0.06427860260009766,0.07495975494384766,0.053215980529785156,0.0043964385986328125,-0.048351287841796875,0.013187408447265625,-0.03296661376953125,-0.010990142822265625,0.010990142822265625,-0.24410278320312498,1.3641022491455077,6.504612426757811,1.5040351257324218,0.06523101806640624,0.03168386840820312,0.0015503311157226557,-0.0011829376220703347,-0.011749076843261708,-0.008028602600097655,-0.0037902450561523443,-0.003034019470214845,
85,331375.440939792,0.07875,0.384375,0.346875,-0.05625,0.07875,0.05625,0.0,0.0,0.0,0.0,0.0,0.0,0.08030033111572266,0.3831920623779297,0.3351259231567383,-0.06427860260009766,0.07495975494384766,0.053215980529785156,-0.021978378295898438,-0.03076934814453125,0.013187408447265625,-0.010990142822265625,0.010990142822265625,-0.010990142822265625,-0.445127944946289,1.9958961486816404,6.504612426757811,1.5040351257324218,0.06523101806640624,0.03168386840820312,0.0015503311157226557,-0.0011829376220703347,-0.011749076843261708,-0.008028602600097655,-0.0037902450561523443,-0.003034019470214845,
86,331375.450963341,0.07875,0.384375,0.346875,-0.05625,0.07875,0.05625,0.0,0.0,0.0,0.0,0.0,0.0,0.08030033111572266,0.3831920623779297,0.3351259231567383,-0.06427860260009766,0.07495975494384766,0.053215980529785156,0.013187408447265625,0.0043964385986328125,-0.013187408447265625,-0.010990142822265625,-0.03296661376953125,-0.03296661376953125,-0.33025802612304683,0.1292291259765625,6.705641326904296,1.5040351257324218,0.06523101806640624,0.03168386840820312,0.0015503311157226557,-0.0011829376220703347,-0.011749076843261708,-0.008028602600097655,-0.0037902450561523443,-0.003034019470214845,
87,331375.46096482,0.07875,0.384375,0.346875,-0.05625,0.07875,0.05625,0.0,0.0,0.0,0.0,0.0,0.0,0.08030033111572266,0.3831920623779297,0.3351259231567383,-0.06427860260009766,0.07495975494384766,0.053215980529785156,0.013187408447265625,0.013187408447265625,-0.0043964385986328125,-0.010990142822265625,-0.010990142822265625,-0.010990142822265625,0.07179603576660155,0.33025802612304683,6.504612426757811,1.5040351257324218,0.06895838928222656,0.03168386840820312,0.0015503311157226557,-0.0011829376220703347,-0.011749076843261708,-0.008028602600097655,-0.0037902450561523443,-0.003034019470214845,
88,331375.470965459,0.07875,0.384375,0.346875,-0.05625,0.07875,0.05625,0.0,0.0,0.0,0.0,0.0,0.0,0.08030033111572266,0.3831920623779297,0.3351259231567383,-0.06427860260009766,0.07495975494384766,0.052834510803222656,0.03076934814453125,-0.013187408447265625,0.0043964385986328125,-0.03296661376953125,-0.010990142822265625,-0.03296661376953125,-0.4738463592529296,-0.1866659545898437,6.504612426757811,1.5040351257324218,0.06895838928222656,0.035411239624023434,0.0015503311157226557,-0.0011829376220703347,-0.011749076843261708,-0.008028602600097655,-0.0037902450561523443,-0.003415489196777345,
89,331375.480971684,0.07875,0.384375,0.346875,-0.05625,0.07875,0.05625,0.0,0.0,0.0,0.0,0.0,0.0,0.08030033111572266,0.3831920623779297,0.3351259231567383,-0.06427860260009766,0.07495975494384766,0.053215980529785156,0.013187408447265625,-0.0043964385986328125,0.013187408447265625,-0.03296661376953125,-0.010990142822265625,0.010990142822265625,-0.445127944946289,0.6174346923828123,6.849233398437499,1.5040351257324218,0.06523101806640624,0.035411239624023434,0.0015503311157226557,-0.0011829376220703347,-0.011749076843261708,-0.008028602600097655,-0.0037902450561523443,-0.003034019470214845,
90,331375.491057087,0.07875,0.384375,0.346875,-0.05625,0.07875,0.05625,0.0,0.0,0.0,0.0,0.0,0.0,0.08030033111572266,0.3831920623779297,0.3351259231567383,-0.06427860260009766,0.07495975494384766,0.053215980529785156,-0.013187408447265625,-0.0043964385986328125,-0.0043964385986328125,-0.010990142822265625,-0.010990142822265625,-0.03296661376953125,-0.2728211975097656,0.4738463592529296,6.6769229125976555,1.5040351257324218,0.06523101806640624,0.035411239624023434,0.0015503311157226557,-0.0011829376220703347,-0.011749076843261708,-0.008028602600097655,-0.0037902450561523443,-0.003034019470214845,
91,331375.500968393,0.07875,0.384375,0.346875,-0.05625,0.07875,0.05625,0.0,0.0,0.0,0.0,0.0,0.0,0.08030033111572266,0.3831920623779297,0.3351259231567383,-0.06427860260009766,0.07495975494384766,0.053215980529785156,-0.013187408447265625,-0.013187408447265625,0.013187408447265625,-0.010990142822265625,-0.03296661376953125,-0.03296661376953125,-0.21538436889648435,0.9620519256591795,6.533330841064452,1.5040351257324218,0.06523101806640624,0.035411239624023434,0.0015503311157226557,-0.0011829376220703347,-0.011749076843261708,-0.008028602600097655,-0.0037902450561523443,-0.003034019470214845,
92,331375.511013332,0.07875,0.384375,0.346875,-0.05625,0.07875,0.05625,0.0,0.0,0.0,0.0,0.0,0.0,0.08030033111572266,0.3831920623779297,0.3351259231567383,-0.06427860260009766,0.07495975494384766,0.053215980529785156,0.013187408447265625,-0.021978378295898438,0.0043964385986328125,-0.010990142822265625,-0.03296661376953125,-0.010990142822265625,-0.1866659545898437,0.646153106689453,6.562049255371092,1.5077624969482422,0.06523101806640624,0.03168386840820312,0.0015503311157226557,-0.0011829376220703347,-0.011749076843261708,-0.008028602600097655,-0.0037902450561523443,-0.003034019470214845,
93,331375.52097064,0.07875,0.384375,0.346875,-0.05625,0.07875,0.05625,0.0,0.0,0.0,0.0,0.0,0.0,0.08030033111572266,0.3831920623779297,0.3351259231567383,-0.06427860260009766,0.07495975494384766,0.052834510803222656,0.021978378295898438,-0.0043964385986328125,-0.0043964385986328125,-0.03296661376953125,0.010990142822265625,-0.010990142822265625,-0.07179603576660155,0.4738463592529296,6.791796569824218,1.5003077545166015,0.06523101806640624,0.03168386840820312,0.0015503311157226557,-0.0011829376220703347,-0.011749076843261708,-0.008028602600097655,-0.0037902450561523443,-0.003415489196777345,
94,331375.53096779,0.07875,0.384375,0.346875,-0.05625,0.07875,0.05625,0.0,0.0,0.0,0.0,0.0,0.0,0.08030033111572266,0.3831920623779297,0.3351259231567383,-0.06427860260009766,0.07495975494384766,0.053215980529785156,-0.013187408447265625,-0.0043964385986328125,-0.013187408447265625,-0.010990142822265625,0.010990142822265625,0.010990142822265625,-0.6748715209960936,0.5025647735595702,6.475894012451171,1.5040351257324218,0.06523101806640624,0.03168386840820312,0.0015503311157226557,-0.0011829376220703347,-0.011749076843261708,-0.008028602600097655,-0.0037902450561523443,-0.003034019470214845,
95,331375.541017952,0.07875,0.384375,0.346875,-0.05625,0.07875,0.05625,0.0,0.0,0.0,0.0,0.0,0.0,0.08030033111572266,0.3831920623779297,0.3351259231567383,-0.06427860260009766,0.07495975494384766,0.052834510803222656,-0.0043964385986328125,-0.03956031799316406,-0.0659332275390625,-0.010990142822265625,0.010990142822265625,-0.010990142822265625,-0.3589727020263671,0.1292291259765625,6.418464660644531,1.5077624969482422,0.06523101806640624,0.035411239624023434,0.0015503311157226557,-0.0011829376220703347,-0.011749076843261708,-0.008028602600097655,-0.0037902450561523443,-0.003415489196777345,
96,331375.551010464,0.07875,0.384375,0.346875,-0.05625,0.07875,0.05625,0.0,0.0,0.0,0.0,0.0,0.0,0.08030033111572266,0.3831920623779297,0.3351259231567383,-0.06427860260009766,0.07495975494384766,0.052834510803222656,-0.021978378295898438,-0.013187408447265625,0.021978378295898438,-0.010990142822265625,-0.010990142822265625,-0.010990142822265625,-0.043077621459960934,0.6174346923828123,6.6769229125976555,1.5040351257324218,0.06523101806640624,0.03168386840820312,0.0015503311157226557,-0.0011829376220703347,-0.011749076843261708,-0.008028602600097655,-0.0037902450561523443,-0.003415489196777345,
97,331375.561013291,0.07875,0.384375,0.346875,-0.05625,0.07875,0.05625,0.0,0.0,0.0,0.0,0.0,0.0,0.08030033111572266,0.3831920623779297,0.3351259231567383,-0.06427860260009766,0.07495975494384766,0.053215980529785156,-0.021978378295898438,0.013187408447265625,0.013187408447265625,-0.010990142822265625,-0.010990142822265625,-0.010990142822265625,-0.445127944946289,-0.1579475402832031,6.504612426757811,1.5040351257324218,0.06523101806640624,0.03168386840820312,0.0015503311157226557,-0.0011829376220703347,-0.011749076843261708,-0.008028602600097655,-0.0037902450561523443,-0.003034019470214845,
98,331375.571015649,0.07875,0.384375,0.346875,-0.05625,0.07875,0.05625,0.0,0.0,0.0,0.0,0.0,0.0,0.08030033111572266,0.3831920623779297,0.3351259231567383,-0.06427860260009766,0.07495975494384766,0.053215980529785156,-0.0043964385986328125,-0.0043964385986328125,0.013187408447265625,-0.010990142822265625,-0.010990142822265625,-0.010990142822265625,-0.3015396118164062,0.9620519256591795,6.533330841064452,1.5040351257324218,0.06895838928222656,0.035411239624023434,0.0015503311157226557,-0.0011829376220703347,-0.011749076843261708,-0.008028602600097655,-0.0037902450561523443,-0.003034019470214845,
99,331375.580971607,0.07875,0.384375,0.346875,-0.05625,0.07875,0.05625,0.0,0.0,0.0,0.0,0.0,0.0,0.08030033111572266,0.3831920623779297,0.3355073928833008,-0.06427860260009766,0.07495975494384766,0.053215980529785156,0.03076934814453125,-0.0043964385986328125,0.013187408447265625,-0.010990142822265625,-0.03296661376953125,0.010990142822265625,-0.3015396118164062,-0.33025802612304683,6.361027832031249,1.5040351257324218,0.06523101806640624,0.03168386840820312,0.0015503311157226557,-0.0011829376220703347,-0.011367607116699208,-0.008028602600097655,-0.0037902450561523443,-0.003034019470214845,
100,331375.59097268,0.07875,0.384375,0.346875,-0.05625,0.07875,0.05625,-0.00044999999999975615,-5.000000000143778e-05,-0.0003000000000003,0.0002999999999999531,-0.00039999999999970615,5.0000000000050004e-05,0.08030033111572266,0.3831920623779297,0.3351259231567383,-0.06427860260009766,0.07495975494384766,0.053215980529785156,-0.013187408447265625,-0.03076934814453125,-0.0043964385986328125,-0.010990142822265625,0.010990142822265625,0.010990142822265625,-0.3015396118164062,0.33025802612304683,6.6769229125976555,1.5040351257324218,0.06523101806640624,0.035411239624023434,0.0015503311157226557,-0.0011829376220703347,-0.011749076843261708,-0.008028602600097655,-0.0037902450561523443,-0.003034019470214845,
101,331375.601018873,0.078741,0.384374,0.346869,-0.056244,0.078742,0.056251,-0.0013499999999999623,-0.0001500000000015378,-0.0009499999999995623,0.0009499999999999093,-0.0012499999999998623,0.0002499999999999031,0.08030033111572266,0.3831920623779297,0.3351259231567383,-0.06427860260009766,0.07495975494384766,0.053215980529785156,-0.021978378295898438,0.0043964385986328125,-0.013187408447265625,-0.010990142822265625,-0.010990142822265625,0.010990142822265625,-0.1866659545898437,0.1579475402832031,6.389746246337889,1.5040351257324218,0.06523101806640624,0.03168386840820312,0.0015593311157226508,-0.001181937622070306,-0.011743076843261702,-0.008034602600097654,-0.00378224505615235,-0.003035019470214846,
102,331375.610975527,0.078723,0.384372,0.346856,-0.056231,0.078725,0.056255,-0.0021500000000000685,-0.00024999999999886224,-0.0014999999999987246,0.0016000000000002124,-0.0020000000000006124,0.0004000000000000531,0.08030033111572266,0.3831920623779297,0.3351259231567383,-0.06427860260009766,0.07495975494384766,0.053215980529785156,-0.0043964385986328125,-0.013187408447265625,0.0043964385986328125,-0.03296661376953125,-0.010990142822265625,0.010990142822265625,-0.21538436889648435,0.1579475402832031,6.6769229125976555,1.5040351257324218,0.06523101806640624,0.035411239624023434,0.001577331115722655,-0.001179937622070304,-0.011730076843261716,-0.008047602600097653,-0.003765245056152347,-0.003039019470214843,
103,331375.620968486,0.078698,0.384369,0.346839,-0.056212,0.078702,0.056259,-0.0027499999999999747,-0.00034999999999896225,-0.0018999999999991246,0.0020000000000002655,-0.0025000000000004186,0.0004500000000001031,0.08030033111572266,0.3831920623779297,0.3351259231567383,-0.06427860260009766,0.07495975494384766,0.053215980529785156,0.03956031799316406,-0.013187408447265625,0.0043964385986328125,-0.010990142822265625,0.010990142822265625,-0.03296661376953125,-0.33025802612304683,0.9620519256591795,6.533330841064452,1.5077624969482422,0.06523101806640624,0.03168386840820312,0.0016023311157226522,-0.0011769376220703287,-0.011713076843261727,-0.008066602600097658,-0.003742245056152338,-0.003043019470214847,
104,331375.630965805,0.078668,0.384365,0.346818,-0.056191,0.078675,0.056264,-0.0031500000000003747,-0.00040000000000040004,-0.0021999999999994246,0.0022499999999998216,-0.002849999999999381,0.0005499999999998562,0.08030033111572266,0.3831920623779297,0.3351259231567383,-0.06427860260009766,0.07495975494384766,0.052834510803222656,-0.0043964385986328125,-0.0043964385986328125,-0.021978378295898438,-0.03296661376953125,-0.010990142822265625,-0.03296661376953125,-0.445127944946289,0.1292291259765625,6.361027832031249,1.5040351257324218,0.06523101806640624,0.03168386840820312,0.0016323311157226544,-0.0011729376220703247,-0.011692076843261734,-0.008087602600097658,-0.0037152450561523387,-0.0034294891967773453,
105,331375.640966267,0.078635,0.384361,0.346795,-0.056167,0.078645,0.05627,-0.003550000000000081,-0.0004500000000018378,-0.0024500000000010624,0.0025499999999997747,-0.003199999999999731,0.0005999999999999062,0.08030033111572266,0.3831920623779297,0.3351259231567383,-0.06427860260009766,0.07495975494384766,0.053215980529785156,0.0043964385986328125,0.013187408447265625,-0.0043964385986328125,-0.010990142822265625,-0.03296661376953125,0.010990142822265625,-0.33025802612304683,0.1579475402832031,6.361027832031249,1.5077624969482422,0.06523101806640624,0.035411239624023434,0.0016653311157226597,-0.0011689376220703207,-0.011669076843261739,-0.008111602600097655,-0.0036852450561523503,-0.0030540194702148443,
106,331375.650972699,0.078597,0.384356,0.346769,-0.05614,0.078611,0.056276,-0.004149999999999987,-0.0005000000000005,-0.0029000000000001247,0.0029500000000001747,-0.003750000000000281,0.0007000000000000062,0.08030033111572266,0.3831920623779297,0.3351259231567383,-0.06427860260009766,0.07495975494384766,0.052834510803222656,0.0043964385986328125,0.013187408447265625,0.0043964385986328125,0.010990142822265625,0.010990142822265625,-0.010990142822265625,-0.3015396118164062,0.5025647735595702,6.619486083984374,1.5040351257324218,0.06523101806640624,0.035411239624023434,0.001703331115722656,-0.001163937622070288,-0.011643076843261713,-0.008138602600097654,-0.003651245056152344,-0.0034414891967773434,
107,331375.660927088,0.078552,0.384351,0.346737,-0.056108,0.07857,0.056284,-0.004950000000000093,-0.0005999999999978245,-0.0035000000000007248,0.003550000000000081,-0.004549999999999693,0.0008500000000001562,0.08030033111572266,0.3831920623779297,0.3355073928833008,-0.06427860260009766,0.07495975494384766,0.053215980529785156,-0.021978378295898438,-0.021978378295898438,0.0043964385986328125,0.010990142822265625,-0.010990142822265625,-0.010990142822265625,-0.2728211975097656,0.1579475402832031,6.504612426757811,1.5040351257324218,0.06895838928222656,0.035411239624023434,0.0017483311157226594,-0.0011589376220703107,-0.011229607116699236,-0.008170602600097658,-0.0036102450561523447,-0.0030680194702148444,
108,331375.670969347,0.078498,0.384344,0.346699,-0.056069,0.07852,0.056293,-0.0059999999999997555,-0.0007499999999993623,-0.004200000000001425,0.00429999999999979,-0.005499999999999949,0.0009999999999999593,0.08030033111572266,0.3831920623779297,0.3351259231567383,-0.06427860260009766,0.07495975494384766,0.053215980529785156,-0.0043964385986328125,-0.021978378295898438,0.0043964385986328125,0.010990142822265625,-0.03296661376953125,-0.010990142822265625,-0.1866659545898437,-0.1866659545898437,6.504612426757811,1.5077624969482422,0.06523101806640624,0.03913861083984375,0.001802331115722658,-0.0011519376220703315,-0.011573076843261698,-0.008209602600097655,-0.00356024505615235,-0.0030770194702148465,
109,331375.681011307,0.078432,0.384336,0.346653,-0.056022,0.07846,0.056304,-0.0072999999999996895,-0.0009499999999995709,-0.005099999999999564,0.005200000000000011,-0.006650000000000425,0.0011999999999998138,0.08030033111572266,0.3831920623779297,0.3351259231567383,-0.06427860260009766,0.07495975494384766,0.052834510803222656,-0.0043964385986328125,-0.0043964385986328125,0.0043964385986328125,-0.010990142822265625,-0.03296661376953125,-0.010990142822265625,-0.3015396118164062,0.732308349609375,5.93025909423828,1.5040351257324218,0.06523101806640624,0.03913861083984375,0.0018683311157226545,-0.0011439376220703235,-0.011527076843261708,-0.008256602600097654,-0.0035002450561523457,-0.0034694891967773436,
110,331375.690970305,0.078352,0.384325,0.346597,-0.055965,0.078387,0.056317,-0.00865000000000034,-0.001100000000001096,-0.006100000000000563,0.006199999999999968,-0.007900000000000282,0.001450000000000068,0.08030033111572266,0.3831920623779297,0.3351259231567383,-0.06427860260009766,0.07495975494384766,0.053215980529785156,0.0043964385986328125,-0.021978378295898438,-0.021978378295898438,-0.03296661376953125,0.010990142822265625,0.010990142822265625,-0.4738463592529296,-0.3015396118164062,6.6769229125976555,1.5040351257324218,0.06523101806640624,0.03913861083984375,0.0019483311157226513,-0.0011329376220703402,-0.011471076843261707,-0.008313602600097655,-0.003427245056152342,-0.0031010194702148428,
111,331375.701017119,0.078259,0.384314,0.346531,-0.055898,0.078302,0.056333,-0.010100000000000409,-0.0012500000000026433,-0.007099999999998785,0.0072499999999999796,-0.009200000000000201,0.0016999999999999665,0.08030033111572266,0.3831920623779297,0.3351259231567383,-0.06427860260009766,0.07495975494384766,0.053215980529785156,0.021978378295898438,-0.013187408447265625,-0.0043964385986328125,-0.010990142822265625,-0.010990142822265625,-0.010990142822265625,-0.8471782684326171,0.33025802612304683,6.6482044982910145,1.5077624969482422,0.06150364685058594,0.03913861083984375,0.002041331115722661,-0.0011219376220703015,-0.011405076843261697,-0.008380602600097653,-0.0033422450561523404,-0.003117019470214845,
112,331375.711028707,0.07815,0.3843,0.346455,-0.05582,0.078203,0.056351,-0.011699999999999926,-0.001499999999998729,-0.008199999999999891,0.008400000000000091,-0.010649999999999568,0.0019499999999998728,0.08030033111572266,0.3831920623779297,0.3351259231567383,-0.06427860260009766,0.07495975494384766,0.053215980529785156,0.0043964385986328125,-0.03956031799316406,-0.0659332275390625,-0.03296661376953125,-0.010990142822265625,-0.010990142822265625,-0.4738463592529296,0.33025802612304683,6.6769229125976555,1.5114898681640625,0.06150364685058594,0.03913861083984375,0.002150331115722659,-0.0011079376220702875,-0.011329076843261732,-0.008458602600097655,-0.0032432450561523385,-0.003135019470214842,
113,331375.720977273,0.078025,0.384284,0.346367,-0.05573,0.078089,0.056372,-0.013399999999999496,-0.0016499999999974868,-0.009400000000001057,0.009600000000000216,-0.012199999999999687,0.002250000000000164,0.08030033111572266,0.3831920623779297,0.3351259231567383,-0.06427860260009766,0.07495975494384766,0.053215980529785156,0.0043964385986328125,-0.013187408447265625,-0.0043964385986328125,-0.010990142822265625,-0.010990142822265625,-0.010990142822265625,-0.5025647735595702,1.3641022491455077,6.6482044982910145,1.5114898681640625,0.054048095703125,0.03913861083984375,0.002275331115722659,-0.001091937622070327,-0.0112410768432617,-0.008548602600097654,-0.0031292450561523494,-0.0031560194702148422,
114,331375.731019183,0.077882,0.384267,0.346267,-0.055628,0.077959,0.056396,-0.015300000000000005,-0.0018500000000004552,-0.010699999999999576,0.01095000000000017,-0.013899999999999996,0.0025500000000001173,0.08030033111572266,0.3831920623779297,0.3351259231567383,-0.06427860260009766,0.07495975494384766,0.053215980529785156,0.013187408447265625,-0.03076934814453125,-0.013187408447265625,-0.010990142822265625,0.010990142822265625,-0.010990142822265625,-0.5025647735595702,0.445127944946289,6.504612426757811,1.5114898681640625,0.05032072448730469,0.03913861083984375,0.0024183311157226495,-0.0010749376220703377,-0.01114107684326171,-0.00865060260009766,-0.0029992450561523443,-0.0031800194702148454,
115,331375.741013772,0.077719,0.384247,0.346153,-0.055511,0.077811,0.056423,-0.01730000000000062,-0.002150000000000758,-0.012099999999998204,0.012399999999999894,-0.015749999999999764,0.002899999999999771,0.08030033111572266,0.3831920623779297,0.3351259231567383,-0.06427860260009766,0.07495975494384766,0.053215980529785156,-0.03076934814453125,-0.013187408447265625,0.03076934814453125,-0.03296661376953125,0.010990142822265625,-0.010990142822265625,-0.33025802612304683,0.3015396118164062,6.217435760498046,1.5226727905273436,0.04286598205566406,0.03913861083984375,0.00258133111572266,-0.0010549376220703177,-0.011027076843261707,-0.008767602600097658,-0.002851245056152349,-0.0032070194702148447,
116,331375.751014347,0.077536,0.384224,0.346025,-0.05538,0.077644,0.056454,-0.019399999999999938,-0.002450000000001058,-0.013599999999999697,0.0139,-0.017700000000000323,0.0032999999999998248,0.08030033111572266,0.3831920623779297,0.3351259231567383,-0.06427860260009766,0.07495975494384766,0.053215980529785156,0.013187408447265625,-0.03076934814453125,0.0043964385986328125,-0.010990142822265625,-0.010990142822265625,-0.010990142822265625,-0.5025647735595702,-0.5887162780761718,6.361027832031249,1.5301275329589843,0.04286598205566406,0.03913861083984375,0.0027643311157226624,-0.0010319376220703225,-0.010899076843261746,-0.008898602600097658,-0.0026842450561523484,-0.003238019470214841,
117,331375.760974724,0.077331,0.384198,0.345881,-0.055233,0.077457,0.056489,-0.021749999999999547,-0.0026999999999999247,-0.015200000000001324,0.015599999999999989,-0.019800000000000373,0.003650000000000181,0.08030033111572266,0.3831920623779297,0.3351259231567383,-0.06427860260009766,0.07495975494384766,0.053215980529785156,0.021978378295898438,-0.021978378295898438,-0.0043964385986328125,-0.010990142822265625,-0.03296661376953125,0.010990142822265625,-0.646153106689453,0.3015396118164062,6.475894012451171,1.5301275329589843,0.03913861083984375,0.03913861083984375,0.0029693311157226593,-0.0010059376220702965,-0.010755076843261713,-0.009045602600097659,-0.002497245056152342,-0.0032730194702148413,
118,331375.770976299,0.077101,0.38417,0.345721,-0.055068,0.077248,0.056527,-0.024199999999999916,-0.0030000000000002247,-0.016900000000000248,0.017350000000000004,-0.021999999999999797,0.004050000000000234,0.08030033111572266,0.3831920623779297,0.3351259231567383,-0.06427860260009766,0.07495975494384766,0.053215980529785156,-0.0043964385986328125,-0.021978378295898438,0.0043964385986328125,-0.010990142822265625,-0.010990142822265625,-0.010990142822265625,-0.5312831878662109,0.7897451782226562,6.6769229125976555,1.5338549041748046,0.035411239624023434,0.03913861083984375,0.0031993311157226534,-0.000977937622070324,-0.01059507684326172,-0.009210602600097657,-0.002288245056152341,-0.0033110194702148446,
119,331375.7809766,0.076847,0.384138,0.345543,-0.054886,0.077017,0.05657,-0.026700000000000335,-0.003349999999999187,-0.018699999999999273,0.01915000000000007,-0.024300000000000016,0.00449999999999999,0.08030033111572266,0.3831920623779297,0.3351259231567383,-0.06427860260009766,0.07495975494384766,0.053215980529785156,0.013187408447265625,0.021978378295898438,-0.0043964385986328125,0.010990142822265625,-0.03296661376953125,-0.03296661376953125,-0.445127944946289,-0.01435920715332031,6.504612426757811,1.5338549041748046,0.03168386840820312,0.03913861083984375,0.0034533311157226576,-0.000945937622070292,-0.010417076843261708,-0.009392602600097659,-0.002057245056152346,-0.003354019470214846,
120,331375.791013544,0.076567,0.384103,0.345347,-0.054685,0.076762,0.056617,-0.02940000000000026,-0.003649999999999487,-0.020549999999999735,0.021099999999999938,-0.026750000000000385,0.004949999999999746,0.08030033111572266,0.3831920623779297,0.3351259231567383,-0.06427860260009766,0.07495975494384766,0.053215980529785156,0.013187408447265625,0.0043964385986328125,0.0043964385986328125,-0.010990142822265625,0.010990142822265625,-0.010990142822265625,-0.646153106689453,0.1579475402832031,6.188717346191405,1.537582275390625,0.0279556884765625,0.03913861083984375,0.00373333111572266,-0.0009109376220703402,-0.010221076843261734,-0.009593602600097659,-0.0018022450561523407,-0.0034010194702148444,
121,331375.800972101,0.076259,0.384065,0.345132,-0.054464,0.076482,0.056669,-0.03214999999999954,-0.004000000000001225,-0.022500000000000298,0.023049999999999807,-0.02930000000000016,0.005399999999999849,0.08030033111572266,0.3835735321044922,0.3351259231567383,-0.06427860260009766,0.07457828521728516,0.053215980529785156,-0.013187408447265625,-0.013187408447265625,-0.0043964385986328125,-0.03296661376953125,-0.010990142822265625,0.010990142822265625,-0.5025647735595702,0.1579475402832031,6.504612426757811,1.5413096466064453,0.024228317260742187,0.03913861083984375,0.004041331115722663,-0.0004914678955078022,-0.010006076843261713,-0.009814602600097658,-0.0019037147827148382,-0.003453019470214841,
122,331375.811012635,0.075924,0.384023,0.344897,-0.054224,0.076176,0.056725,-0.034899999999999515,-0.004350000000000187,-0.02445000000000086,0.025000000000000022,-0.031799999999999884,0.005850000000000299,0.08030033111572266,0.3835735321044922,0.3351259231567383,-0.06389713287353516,0.07495975494384766,0.053215980529785156,-0.013187408447265625,-0.021978378295898438,0.0043964385986328125,0.010990142822265625,0.010990142822265625,-0.03296661376953125,-0.9620519256591795,0.33025802612304683,6.361027832031249,1.5450370178222657,0.020500946044921874,0.04286598205566406,0.004376331115722651,-0.00044946789550781574,-0.009771076843261728,-0.009673132873535155,-0.0012162450561523375,-0.0035090194702148414,
123,331375.820971316,0.075561,0.383978,0.344643,-0.053964,0.075846,0.056786,-0.03765000000000018,-0.004699999999999149,-0.026349999999999985,0.026950000000000238,-0.03424999999999956,0.0063500000000001056,0.08030033111572266,0.3835735321044922,0.3351259231567383,-0.06389713287353516,0.07457828521728516,0.053215980529785156,-0.013187408447265625,-0.0043964385986328125,0.013187408447265625,0.03296661376953125,-0.010990142822265625,-0.03296661376953125,-0.732308349609375,-0.10051445007324217,6.045125274658202,1.5487651977539063,0.01304620361328125,0.04286598205566406,0.004739331115722653,-0.0004044678955077985,-0.009517076843261696,-0.009933132873535158,-0.0012677147827148405,-0.003570019470214847,
124,331375.830966518,0.075171,0.383929,0.34437,-0.053685,0.075491,0.056852,-0.04035000000000011,-0.0050499999999981116,-0.02824999999999911,0.02889999999999976,-0.03674999999999998,0.006799999999999862,0.08030033111572266,0.3835735321044922,0.3351259231567383,-0.06389713287353516,0.07457828521728516,0.053215980529785156,-0.0043964385986328125,-0.03076934814453125,-0.021978378295898438,0.010990142822265625,-0.010990142822265625,-0.010990142822265625,-0.732308349609375,0.5600016021728514,6.217435760498046,1.5487651977539063,0.0018640899658203124,0.04286598205566406,0.0051293311157226545,-0.00035546789550783275,-0.009244076843261728,-0.01021213287353516,-0.0009127147827148463,-0.0036360194702148435,
125,331375.840968056,0.074754,0.383877,0.344078,-0.053386,0.075111,0.056922,-0.04305000000000003,-0.005350000000001187,-0.03015000000000101,0.030849999999999975,-0.039200000000000346,0.007249999999999965,0.08030033111572266,0.3835735321044922,0.3351259231567383,-0.06389713287353516,0.07457828521728516,0.053215980529785156,-0.021978378295898438,-0.021978378295898438,0.013187408447265625,-0.010990142822265625,-0.0549468994140625,0.010990142822265625,-0.6748715209960936,-0.1579475402832031,6.045125274658202,1.5524925689697264,-0.005591461181640625,0.04286598205566406,0.005546331115722655,-0.00030346789550783626,-0.008952076843261714,-0.010511132873535153,-0.000532714782714841,-0.003706019470214844,
126,331375.850966812,0.07431,0.383822,0.343767,-0.053068,0.074707,0.056997,-0.04574999999999996,-0.005700000000000149,-0.031999999999998696,0.03275000000000014,-0.04165000000000002,0.007700000000000068,0.07991886138916016,0.3831920623779297,0.3351259231567383,-0.06351566314697266,0.07419681549072266,0.053215980529785156,0.0043964385986328125,-0.0043964385986328125,-0.0043964385986328125,-0.010990142822265625,-0.03296661376953125,0.010990142822265625,-1.0194887542724609,0.1292291259765625,6.045125274658202,1.5487651977539063,-0.009318832397460937,0.04286598205566406,0.005608861389160155,-0.000629937622070309,-0.008641076843261708,-0.010447663146972659,-0.0005101845092773394,-0.003781019470214843,
127,331375.860963318,0.073839,0.383763,0.343438,-0.052731,0.074278,0.057076,-0.04839999999999983,-0.006049999999999112,-0.03384999999999916,0.03464999999999996,-0.044099999999999695,0.008150000000000171,0.07991886138916016,0.3835735321044922,0.3351259231567383,-0.06351566314697266,0.07419681549072266,0.053215980529785156,-0.0043964385986328125,-0.0043964385986328125,0.0043964385986328125,0.010990142822265625,-0.03296661376953125,-0.010990142822265625,-0.732308349609375,0.1579475402832031,6.0738436889648435,1.559947311401367,-0.009318832397460937,0.04286598205566406,0.006079861389160154,-0.00018946789550783327,-0.00831207684326174,-0.010784663146972656,-8.118450927734056e-05,-0.0038600194702148455,
128,331375.87097163,0.073342,0.383701,0.34309,-0.052375,0.073825,0.05716,-0.05100000000000035,-0.006350000000002187,-0.035700000000002396,0.036550000000000124,-0.046500000000000014,0.008599999999999927,0.07991886138916016,0.3835735321044922,0.3351259231567383,-0.06313419342041016,0.07381534576416016,0.053215980529785156,-0.03956031799316406,-0.013187408447265625,0.0043964385986328125,0.03296661376953125,-0.03296661376953125,0.010990142822265625,-1.134358673095703,0.1579475402832031,5.93025909423828,1.5674020538330078,-0.01677357482910156,0.046593353271484374,0.006576861389160152,-0.00012746789550782678,-0.007964076843261725,-0.010759193420410158,-9.654235839845482e-06,-0.003944019470214846,
129,331375.880968337,0.072819,0.383636,0.342724,-0.052,0.073348,0.057248,-0.053650000000000225,-0.006649999999999712,-0.03755000000000008,0.03844999999999994,-0.04885000000000028,0.00899999999999998,0.07953739166259766,0.3835735321044922,0.3351259231567383,-0.06275272369384766,0.07381534576416016,0.053215980529785156,-0.021978378295898438,-0.03076934814453125,0.021978378295898438,0.03296661376953125,-0.0549468994140625,-0.010990142822265625,-0.8184598541259764,-0.10051445007324217,5.815385437011718,1.5636746826171875,-0.020500946044921874,0.046593353271484374,0.006718391662597661,-6.246789550778953e-05,-0.007598076843261692,-0.010752723693847659,0.0004673457641601597,-0.004032019470214844,
130,331375.89097282,0.072269,0.383568,0.342339,-0.051606,0.072848,0.05734,-0.056299999999999406,-0.006999999999998674,-0.03939999999999777,0.04029999999999971,-0.05119999999999986,0.009450000000000083,0.07915592193603516,0.3831920623779297,0.3351259231567383,-0.06275272369384766,0.07343387603759766,0.053215980529785156,0.0043964385986328125,-0.013187408447265625,-0.0043964385986328125,0.03296661376953125,-0.0549468994140625,-0.010990142822265625,-0.8471782684326171,-0.33025802612304683,5.786667022705077,1.5674020538330078,-0.020500946044921874,0.05032072448730469,0.006886921936035156,-0.00037593762207033254,-0.007213076843261723,-0.011146723693847657,0.0005858760375976602,-0.004124019470214846,
131,331375.901010561,0.071693,0.383496,0.341936,-0.051194,0.072324,0.057437,-0.058849999999999875,-0.007350000000000412,-0.04119999999999957,0.042149999999999826,-0.05359999999999948,0.00989999999999984,0.07915592193603516,0.3831920623779297,0.3351259231567383,-0.062371253967285156,0.07267093658447266,0.053215980529785156,-0.0043964385986328125,-0.03076934814453125,-0.013187408447265625,0.03296661376953125,-0.09889984130859375,-0.03296661376953125,-0.6748715209960936,0.1579475402832031,6.102562103271484,1.5748567962646485,-0.01677357482910156,0.05032072448730469,0.0074629219360351495,-0.00030393762207031605,-0.0068100768432617365,-0.011177253967285153,0.00034693658447265685,-0.004221019470214846,
132,331375.911018862,0.071092,0.383421,0.341515,-0.050763,0.071776,0.057538,-0.06140000000000034,-0.007650000000000712,-0.04300000000000137,0.04400000000000029,-0.05594999999999975,0.010299999999999893,0.07877445220947266,0.3835735321044922,0.3351259231567383,-0.061989784240722656,0.07190799713134766,0.053215980529785156,-0.05714225769042969,-0.0043964385986328125,-0.03076934814453125,0.03296661376953125,-0.09889984130859375,0.010990142822265625,-0.9620519256591795,0.41640953063964836,6.0738436889648435,1.5785849761962891,-0.0018640899658203124,0.05032072448730469,0.007682452209472654,0.0001525321044921757,-0.006389076843261732,-0.011226784240722654,0.0001319971313476498,-0.004322019470214843,
133,331375.92097492,0.070465,0.383343,0.341076,-0.050314,0.071205,0.057643,-0.06400000000000017,-0.007999999999999674,-0.044800000000000395,0.04585000000000006,-0.05825000000000066,0.010749999999999996,0.07839298248291016,0.3831920623779297,0.3351259231567383,-0.061989784240722656,0.07114505767822266,0.053215980529785156,-0.05714225769042969,-0.03076934814453125,-0.013187408447265625,0.010990142822265625,-0.09889984130859375,0.010990142822265625,-0.9620519256591795,0.41640953063964836,5.786667022705077,1.5823123474121092,0.0018640899658203124,0.054048095703125,0.007927982482910156,-0.0001509376220703018,-0.005950076843261709,-0.011675784240722659,-5.994232177734815e-05,-0.0044270194702148435,
134,331375.930967616,0.069812,0.383261,0.340619,-0.049846,0.070611,0.057753,-0.06654999999999994,-0.008299999999999974,-0.04655000000000076,0.047699999999999826,-0.06060000000000024,0.011200000000000099,0.07763004302978516,0.3835735321044922,0.3351259231567383,-0.061608314514160156,0.07114505767822266,0.053215980529785156,-0.07472610473632812,0.013187408447265625,0.0043964385986328125,0.03296661376953125,-0.0549468994140625,-0.010990142822265625,-0.6748715209960936,-0.5025647735595702,5.93025909423828,1.58976708984375,-0.009318832397460937,0.054048095703125,0.007818043029785157,0.00031253210449216917,-0.005493076843261724,-0.011762314514160155,0.000534057678222663,-0.0045370194702148425,
135,331375.941015084,0.069134,0.383177,0.340145,-0.04936,0.069993,0.057867,-0.06904999999999967,-0.008600000000000274,-0.04830000000000112,0.04950000000000024,-0.06289999999999976,0.011600000000000152,0.07686710357666016,0.3831920623779297,0.3351259231567383,-0.061226844787597656,0.07076358795166016,0.053215980529785156,-0.11868095397949219,0.0043964385986328125,-0.021978378295898438,0.03296661376953125,-0.03296661376953125,-0.010990142822265625,-0.9620519256591795,-0.01435920715332031,5.93025909423828,1.58976708984375,-0.024228317260742187,0.05777546691894531,0.007733103576660155,1.5062377929697668e-05,-0.005019076843261694,-0.011866844787597655,0.0007705879516601566,-0.0046510194702148455,
136,331375.950973846,0.068431,0.383089,0.339653,-0.048856,0.069353,0.057985,-0.07155000000000009,-0.008949999999999236,-0.050100000000000144,0.05129999999999996,-0.06514999999999993,0.011999999999999858,0.07572269439697266,0.3831920623779297,0.3351259231567383,-0.061226844787597656,0.07038211822509766,0.053215980529785156,-0.1362628936767578,0.0043964385986328125,-0.013187408447265625,0.03296661376953125,-0.07692337036132812,0.010990142822265625,-1.0194887542724609,0.3015396118164062,5.8728222656249995,1.5972218322753906,-0.035411239624023434,0.06150364685058594,0.0072916943969726505,0.00010306237792967465,-0.0045270768432617015,-0.01237084478759766,0.0010291182250976583,-0.004769019470214846,
137,331375.961017082,0.067703,0.382998,0.339143,-0.048334,0.06869,0.058107,-0.0740500000000005,-0.009249999999999536,-0.05179999999999907,0.053099999999999675,-0.06745000000000015,0.012449999999999961,0.07457828521728516,0.3831920623779297,0.3351259231567383,-0.060845375061035156,0.06961917877197266,0.053597450256347656,-0.11868095397949219,-0.03076934814453125,-0.013187408447265625,0.03296661376953125,-0.14285659790039062,0.010990142822265625,-0.4738463592529296,0.1579475402832031,5.815385437011718,1.5934944610595703,-0.03168386840820312,0.06150364685058594,0.006875285217285157,0.0001940623779296824,-0.004017076843261691,-0.012511375061035154,0.0009291787719726552,-0.004509549743652343,
138,331375.970970107,0.06695,0.382904,0.338617,-0.047794,0.068004,0.058234,-0.07655000000000023,-0.009500000000001174,-0.05354999999999943,0.05485000000000004,-0.06970000000000032,0.012900000000000064,0.07343387603759766,0.3831920623779297,0.3347444534301758,-0.060463905334472656,0.06847476959228516,0.053597450256347656,-0.10109901428222656,-0.03076934814453125,-0.0043964385986328125,0.0549468994140625,-0.1868133544921875,0.010990142822265625,-0.8758966827392577,0.1292291259765625,5.8441038513183585,1.5934944610595703,-0.0018640899658203124,0.05777546691894531,0.006483876037597661,0.0002880623779296654,-0.00387254656982422,-0.012669905334472653,0.00047076959228516124,-0.004636549743652345,
139,331375.980971334,0.066172,0.382808,0.338072,-0.047237,0.067296,0.058365,-0.0789999999999999,-0.009800000000001474,-0.055299999999999794,0.05660000000000005,-0.07194999999999979,0.013300000000000117,0.07228946685791016,0.3831920623779297,0.3347444534301758,-0.060082435607910156,0.06809329986572266,0.053597450256347656,-0.11868095397949219,0.021978378295898438,-0.0043964385986328125,0.0549468994140625,-0.07692337036132812,0.010990142822265625,-1.1056402587890624,0.1579475402832031,5.90154067993164,1.600949203491211,0.0018640899658203124,0.05777546691894531,0.0061174668579101615,0.0003840623779297059,-0.0033275465698242024,-0.012845435607910155,0.0007972998657226615,-0.004767549743652344,
140,331375.991014793,0.06537,0.382708,0.337511,-0.046662,0.066565,0.0585,-0.08139999999999953,-0.010150000000000436,-0.056950000000000056,0.05835000000000007,-0.07419999999999996,0.013699999999999823,0.07152652740478516,0.3831920623779297,0.3347444534301758,-0.059700965881347656,0.06771183013916016,0.053978919982910156,-0.08351707458496094,-0.021978378295898438,-0.021978378295898438,0.0549468994140625,-0.03296661376953125,0.0549468994140625,-0.732308349609375,0.3015396118164062,5.499490356445311,1.6084047546386717,-0.020500946044921874,0.05032072448730469,0.006156527404785159,0.00048406237792969486,-0.002766546569824224,-0.013038965881347654,0.001146830139160157,-0.004521080017089847,
141,331376.00102085,0.064544,0.382605,0.336933,-0.04607,0.065812,0.058639,-0.08379999999999985,-0.010399999999999299,-0.05864999999999898,0.060050000000000034,-0.07629999999999998,0.014099999999999877,0.07076358795166016,0.3831920623779297,0.3347444534301758,-0.059319496154785156,0.06771183013916016,0.054741859436035156,-0.10988998413085938,-0.0043964385986328125,-0.03076934814453125,0.0549468994140625,-0.010990142822265625,0.0549468994140625,-0.6748715209960936,0.3015396118164062,5.643074951171874,1.6158594970703124,-0.05032072448730469,0.03913861083984375,0.006219587951660152,0.0005870623779297146,-0.0021885465698242013,-0.013249496154785156,0.0018998301391601607,-0.0038971405639648404,
142,331376.010975635,0.063694,0.3825,0.336338,-0.045461,0.065039,0.058782,-0.08610000000000007,-0.010699999999999599,-0.060249999999997805,0.06169999999999995,-0.0784,0.014500000000000277,0.06923770904541016,0.3831920623779297,0.3343629837036133,-0.058556556701660156,0.06771183013916016,0.055504798889160156,-0.1890106201171875,0.0043964385986328125,-0.03076934814453125,0.03296661376953125,-0.010990142822265625,0.120880126953125,-0.732308349609375,0.6174346923828123,5.384616699218749,1.612132125854492,-0.06895838928222656,0.0279556884765625,0.005543709045410156,0.0006920623779296808,-0.0019750162963867446,-0.013095556701660155,0.0026728301391601567,-0.0032772011108398447,
143,331376.021013564,0.062822,0.382391,0.335728,-0.044836,0.064244,0.058929,-0.08830000000000018,-0.010999999999999899,-0.06180000000000074,0.06330000000000016,-0.08044999999999997,0.014849999999999933,0.06809329986572266,0.3831920623779297,0.3343629837036133,-0.058556556701660156,0.06694889068603516,0.055504798889160156,-0.11868095397949219,-0.021978378295898438,-0.021978378295898438,0.010990142822265625,-0.0549468994140625,0.010990142822265625,-0.646153106689453,-0.9046150970458983,5.729230194091797,1.6307689819335938,-0.08386787414550781,0.020500946044921874,0.005271299865722653,0.0008010623779297066,-0.0013650162963867452,-0.013720556701660155,0.0027048906860351607,-0.003424201110839846,
144,331376.031015453,0.061928,0.38228,0.335102,-0.044195,0.06343,0.059079,-0.09045000000000025,-0.011249999999998761,-0.06330000000000224,0.06484999999999998,-0.08234999999999978,0.015199999999999936,0.06694889068603516,0.3831920623779297,0.3343629837036133,-0.058175086975097656,0.06656742095947266,0.055504798889160156,-0.10988998413085938,-0.03076934814453125,-0.03076934814453125,0.03296661376953125,-0.07692337036132812,-0.010990142822265625,-0.5600016021728514,1.3641022491455077,5.384616699218749,1.6456792755126952,-0.09132342529296875,0.03168386840820312,0.005020890686035159,0.0009120623779296788,-0.0007390162963867297,-0.013980086975097658,0.003137420959472656,-0.0035742011108398433,
145,331376.041017264,0.061013,0.382166,0.334462,-0.043539,0.062597,0.059233,-0.09249999999999987,-0.011549999999999061,-0.06470000000000087,0.06630000000000004,-0.08424999999999995,0.015549999999999939,0.06618595123291016,0.3831920623779297,0.3343629837036133,-0.058175086975097656,0.06618595123291016,0.055886268615722656,-0.07472610473632812,-0.0043964385986328125,0.03076934814453125,0.010990142822265625,-0.07692337036132812,-0.010990142822265625,-0.8184598541259764,-0.8184598541259764,5.126150970458983,1.653134017944336,-0.09505079650878906,0.03913861083984375,0.0051729512329101585,0.0010260623779296818,-9.901629638670029e-05,-0.014636086975097655,0.0035889512329101564,-0.0033467313842773447,
146,331376.050974078,0.060078,0.382049,0.333808,-0.042869,0.061745,0.05939,-0.09444999999999974,-0.011800000000000699,-0.06609999999999949,0.06765,-0.08599999999999997,0.015849999999999892,0.06542301177978516,0.3831920623779297,0.3339815139770508,-0.057793617248535156,0.06580448150634766,0.055886268615722656,-0.07472610473632812,-0.0043964385986328125,-0.03956031799316406,0.03296661376953125,-0.0549468994140625,-0.010990142822265625,-0.7897451782226562,0.1292291259765625,5.298461456298828,1.664316131591797,-0.11368765258789063,0.03913861083984375,0.005345011779785157,0.00114306237792966,0.00017351397705078764,-0.014924617248535159,0.004059481506347655,-0.003503731384277342,
147,331376.061148097,0.059124,0.38193,0.33314,-0.042186,0.060877,0.05955,-0.09629999999999986,-0.012000000000000899,-0.06740000000000079,0.06899999999999996,-0.08769999999999993,0.016200000000000242,0.06427860260009766,0.3831920623779297,0.3339815139770508,-0.057412147521972656,0.06542301177978516,0.055886268615722656,-0.10988998413085938,-0.013187408447265625,-0.021978378295898438,0.03296661376953125,-0.07692337036132812,-0.010990142822265625,-0.3589727020263671,0.1292291259765625,5.41333511352539,1.675499053955078,-0.1285979461669922,0.046593353271484374,0.005154602600097653,0.0012620623779296958,0.0008415139770507896,-0.015226147521972655,0.004546011779785156,-0.0036637313842773425,
148,331376.071149537,0.058152,0.381809,0.33246,-0.041489,0.059991,0.059714,-0.09810000000000027,-0.012199999999998323,-0.06865000000000065,0.07030000000000022,-0.0893500000000002,0.016500000000000195,0.06351566314697266,0.3831920623779297,0.3339815139770508,-0.057412147521972656,0.06466007232666016,0.055886268615722656,-0.1362628936767578,0.0043964385986328125,-0.03076934814453125,0.03296661376953125,-0.20878982543945312,-0.010990142822265625,-0.1866659545898437,0.33025802612304683,5.327179870605469,1.6792264251708984,-0.10996028137207031,0.046593353271484374,0.005363663146972654,0.001383062377929678,0.0015215139770508035,-0.015923147521972658,0.004669072326660154,-0.003827731384277347,
149,331376.081066016,0.057162,0.381686,0.331767,-0.04078,0.05909,0.05988,-0.09985000000000029,-0.012449999999999961,-0.06984999999999908,0.07154999999999974,-0.09090000000000001,0.0167999999999998,0.061989784240722656,0.3831920623779297,0.3336000442504883,-0.056649208068847656,0.06313419342041016,0.055886268615722656,-0.10988998413085938,-0.0043964385986328125,-0.013187408447265625,0.07692337036132812,-0.27472686767578125,-0.010990142822265625,-0.8184598541259764,-0.1866659545898437,5.154869384765624,1.6717716827392577,-0.06523101806640624,0.046593353271484374,0.004827784240722659,0.0015060623779296622,0.0018330442504883027,-0.01586920806884766,0.0040441934204101596,-0.003993731384277346,
150,331376.096073017,0.056155,0.38156,0.331063,-0.040058,0.058173,0.06005,-0.1014499999999998,-0.012650000000000161,-0.07095000000000018,0.07269999999999985,-0.09239999999999977,0.017099999999999754,0.061608314514160156,0.3831920623779297,0.3336000442504883,-0.056267738342285156,0.061989784240722656,0.055886268615722656,-0.10988998413085938,-0.013187408447265625,-0.021978378295898438,0.07692337036132812,-0.16483688354492188,-0.010990142822265625,-0.5312831878662109,-0.5025647735595702,4.896411132812499,1.6605887603759766,-0.054048095703125,0.05032072448730469,0.00545331451416016,0.0016320623779296772,0.002537044250488285,-0.016209738342285153,0.0038167842407226538,-0.004163731384277343,
151,331376.101016558,0.055133,0.381433,0.330348,-0.039326,0.057242,0.060222,-0.10294999999999992,-0.012800000000001699,-0.0720499999999985,0.0737500000000002,-0.09375000000000008,0.017299999999999954,0.060463905334472656,0.3831920623779297,0.3332185745239258,-0.054741859436035156,0.060845375061035156,0.055886268615722656,-0.07472610473632812,-0.021978378295898438,-0.03956031799316406,0.16483688354492188,-0.14285659790039062,-0.010990142822265625,-0.6748715209960936,-0.1579475402832031,4.867692718505859,1.634496353149414,-0.046593353271484374,0.05032072448730469,0.005330905334472655,0.0017590623779296655,0.0028705745239258063,-0.015415859436035156,0.003603375061035155,-0.0043357313842773415,
152,331376.110975007,0.054096,0.381304,0.329622,-0.038583,0.056298,0.060396,-0.10439999999999998,-0.013000000000001899,-0.07309999999999817,0.07479999999999987,-0.09505,0.017550000000000204,0.060082435607910156,0.3831920623779297,0.3332185745239258,-0.053978919982910156,0.060463905334472656,0.056267738342285156,-0.10109901428222656,0.013187408447265625,-0.03956031799316406,0.14285659790039062,-0.14285659790039062,-0.010990142822265625,-0.646153106689453,-0.33025802612304683,5.068721618652343,1.6270416107177734,-0.05032072448730469,0.054048095703125,0.005986435607910158,0.0018880623779297112,0.003596574523925755,-0.015395919982910157,0.004165905334472655,-0.004128261657714842,
153,331376.120973678,0.053045,0.381173,0.328886,-0.03783,0.055341,0.060573,-0.10574999999999994,-0.013149999999997886,-0.07400000000000184,0.07575000000000012,-0.0963000000000002,0.017800000000000107,0.058938026428222656,0.3831920623779297,0.3328371047973633,-0.052453041076660156,0.058556556701660156,0.055886268615722656,-0.07472610473632812,-0.021978378295898438,-0.021978378295898438,0.1868133544921875,-0.16483688354492188,-0.010990142822265625,-0.6748715209960936,-0.4738463592529296,5.068721618652343,1.5860397186279296,-0.04286598205566406,0.05777546691894531,0.005893026428222654,0.0020190623779297034,0.00395110479736327,-0.014623041076660154,0.003215556701660155,-0.004686731384277346,
154,331376.131527204,0.051981,0.381041,0.328142,-0.037068,0.054372,0.060752,-0.10700000000000015,-0.013349999999998086,-0.07489999999999997,0.07670000000000003,-0.09744999999999997,0.01799999999999996,0.057793617248535156,0.3831920623779297,0.3328371047973633,-0.050927162170410156,0.056267738342285156,0.055886268615722656,-0.10109901428222656,-0.013187408447265625,-0.0043964385986328125,0.14285659790039062,-0.34066009521484375,-0.010990142822265625,-0.646153106689453,-0.1866659545898437,4.95384796142578,1.5785849761962891,-0.020500946044921874,0.05777546691894531,0.005812617248535157,0.002151062377929669,0.004695104797363292,-0.01385916217041016,0.0018957383422851595,-0.004865731384277344,
155,331376.140973912,0.050905,0.380906,0.327388,-0.036296,0.053392,0.060933,-0.10819999999999996,-0.013499999999999623,-0.07574999999999943,0.07754999999999984,-0.09854999999999968,0.018199999999999814,0.056649208068847656,0.3831920623779297,0.3324556350708008,-0.050545692443847656,0.055123329162597656,0.055886268615722656,-0.09230804443359375,-0.013187408447265625,-0.013187408447265625,0.07692337036132812,-0.1868133544921875,-0.03296661376953125,-0.8471782684326171,0.1579475402832031,5.0112847900390625,1.5972218322753906,0.005591461181640625,0.06150364685058594,0.005744208068847657,0.002286062377929665,0.005067635070800769,-0.014249692443847654,0.0017313291625976543,-0.005046731384277345,
156,331376.150970705,0.049817,0.380771,0.326627,-0.035517,0.052401,0.061116,-0.10930000000000002,-0.013600000000002499,-0.07650000000000157,0.07830000000000024,-0.09954999999999999,0.018400000000000014,0.055886268615722656,0.3831920623779297,0.3324556350708008,-0.050164222717285156,0.054360389709472656,0.055886268615722656,-0.07472610473632812,-0.0043964385986328125,-0.013187408447265625,0.120880126953125,-0.23077011108398438,-0.010990142822265625,-0.646153106689453,-0.4738463592529296,4.724100646972656,1.6195868682861327,-0.0018640899658203124,0.06523101806640624,0.006069268615722656,0.0024210623779296614,0.005828635070800781,-0.014647222717285156,0.001959389709472653,-0.0052297313842773405,
157,331376.160938996,0.048719,0.380634,0.325858,-0.03473,0.051401,0.061301,-0.11029999999999998,-0.013750000000001261,-0.07725000000000093,0.07904999999999995,-0.10045000000000019,0.018550000000000164,0.055123329162597656,0.3831920623779297,0.3320741653442383,-0.049019813537597656,0.053215980529785156,0.056267738342285156,-0.09230804443359375,-0.03956031799316406,-0.03956031799316406,0.14285659790039062,-0.120880126953125,0.010990142822265625,-0.7897451782226562,-0.33025802612304683,5.183587799072265,1.6158594970703124,-0.009318832397460937,0.06150364685058594,0.006404329162597658,0.002558062377929715,0.0062161653442383,-0.01428981353759766,0.001814980529785154,-0.005033261657714845,
158,331376.171030411,0.047611,0.380496,0.325082,-0.033936,0.050392,0.061487,-0.11124999999999989,-0.013849999999998586,-0.07784999999999875,0.07974999999999996,-0.1013,0.018699999999999967,0.053978919982910156,0.3828105926513672,0.3313112258911133,-0.046730995178222656,0.052453041076660156,0.056267738342285156,-0.0659332275390625,-0.05714225769042969,-0.08351707458496094,0.27472686767578125,-0.1868133544921875,-0.010990142822265625,-0.8471782684326171,0.5887162780761718,4.896411132812499,1.5562199401855468,-0.0279556884765625,0.06150364685058594,0.006367919982910156,0.0023145926513671866,0.006229225891113299,-0.012794995178222655,0.002061041076660157,-0.005219261657714844,
159,331376.181075238,0.046494,0.380357,0.324301,-0.033135,0.049375,0.061675,-0.11210000000000005,-0.013949999999998686,-0.07844999999999935,0.08035000000000021,-0.10210000000000011,0.018850000000000117,0.053215980529785156,0.3824291229248047,0.3305482864379883,-0.045205116271972656,0.051308631896972656,0.056649208068847656,-0.10988998413085938,-0.013187408447265625,-0.10109901428222656,0.25274658203125,-0.14285659790039062,-0.010990142822265625,-0.9046150970458983,-0.01435920715332031,4.781537475585937,1.5040351257324218,-0.024228317260742187,0.06523101806640624,0.006721980529785156,0.002072122924804687,0.006247286437988275,-0.012070116271972658,0.001933631896972654,-0.005025791931152344,
160,331376.190970923,0.045369,0.380217,0.323513,-0.032329,0.04835,0.061864,-0.1128500000000001,-0.014049999999998786,-0.07904999999999995,0.08085000000000002,-0.10280000000000011,0.01894999999999987,0.052453041076660156,0.3824291229248047,0.3297853469848633,-0.043297767639160156,0.050927162170410156,0.056649208068847656,-0.10988998413085938,-0.013187408447265625,-0.11868095397949219,0.3186798095703125,-0.120880126953125,-0.010990142822265625,-0.646153106689453,-0.1579475402832031,5.0112847900390625,1.463033233642578,-0.03168386840820312,0.06895838928222656,0.007084041076660157,0.0022121229248046603,0.006272346984863286,-0.01096876763916016,0.002577162170410159,-0.005214791931152346,
161,331376.203030788,0.044237,0.380076,0.32272,-0.031518,0.047319,0.062054,-0.11350000000000006,-0.014200000000000323,-0.07945000000000035,0.08134999999999983,-0.10340000000000002,0.01904999999999997,0.051690101623535156,0.3824291229248047,0.3290224075317383,-0.042153358459472656,0.050164222717285156,0.056649208068847656,-0.15384674072265625,-0.03956031799316406,-0.10988998413085938,0.1868133544921875,-0.120880126953125,0.010990142822265625,-0.8184598541259764,-0.2728211975097656,4.896411132812499,1.4667606048583983,-0.04286598205566406,0.06895838928222656,0.007453101623535158,0.0023531229248046626,0.006302407531738274,-0.010635358459472659,0.0028452227172851563,-0.005404791931152342,
162,331376.210977609,0.043099,0.379933,0.321924,-0.030702,0.046282,0.062245,-0.11409999999999997,-0.014300000000000423,-0.07985000000000075,0.08174999999999988,-0.10389999999999983,0.01915000000000007,0.048638343811035156,0.3820476531982422,0.3271150588989258,-0.039864540100097656,0.048256874084472656,0.056649208068847656,-0.15384674072265625,-0.03076934814453125,-0.14505577087402344,0.16483688354492188,-0.1868133544921875,-0.010990142822265625,-0.6748715209960936,-0.01435920715332031,4.896411132812499,1.4704879760742187,-0.035411239624023434,0.06895838928222656,0.005539343811035158,0.002114653198242167,0.005191058898925793,-0.009162540100097656,0.0019748740844726595,-0.0055957919311523455,
163,331376.22096911,0.041955,0.37979,0.321123,-0.029883,0.045241,0.062437,-0.11455000000000007,-0.014300000000000423,-0.08019999999999972,0.08205,-0.10429999999999988,0.01925000000000017,0.047875404357910156,0.3820476531982422,0.3263521194458008,-0.039101600646972656,0.047112464904785156,0.057030677795410156,-0.11868095397949219,-0.021978378295898438,-0.08351707458496094,0.120880126953125,-0.23077011108398438,0.010990142822265625,-0.646153106689453,-0.6748715209960936,5.241024627685546,1.4779427185058593,-0.03168386840820312,0.07268576049804687,0.005920404357910157,0.002257653198242171,0.0052291194458007895,-0.009218600646972656,0.0018714649047851528,-0.005406322204589843,
164,331376.230968206,0.040808,0.379647,0.32032,-0.029061,0.044196,0.06263,-0.11485000000000002,-0.014350000000001861,-0.08039999999999992,0.0822999999999999,-0.10465000000000023,0.01930000000000022,0.047112464904785156,0.3820476531982422,0.3255891799926758,-0.038720130920410156,0.046349525451660156,0.057030677795410156,-0.127471923828125,-0.021978378295898438,-0.127471923828125,0.07692337036132812,-0.1868133544921875,0.03296661376953125,-0.7035899353027343,-0.10051445007324217,5.0112847900390625,1.5040351257324218,-0.024228317260742187,0.07268576049804687,0.006304464904785159,0.0024006531982421753,0.005269179992675788,-0.009659130920410156,0.002153525451660157,-0.005599322204589849,
165,331376.240969676,0.039658,0.379503,0.319515,-0.028237,0.043148,0.062823,-0.11509999999999992,-0.014350000000001861,-0.08060000000000012,0.08249999999999993,-0.10485000000000008,0.019349999999999923,0.045968055725097656,0.3820476531982422,0.3240633010864258,-0.037194252014160156,0.045205116271972656,0.057030677795410156,-0.10109901428222656,0.03076934814453125,-0.14505577087402344,0.25274658203125,-0.14285659790039062,0.03296661376953125,-0.732308349609375,0.9907703399658202,5.097432556152343,1.4891256408691407,-0.024228317260742187,0.07268576049804687,0.0063100557250976574,0.0025446531982422083,0.004548301086425788,-0.008957252014160155,0.0020571162719726574,-0.005792322204589848,
166,331376.25096621,0.038506,0.37936,0.318708,-0.027411,0.042099,0.063017,-0.11525000000000007,-0.014349999999999086,-0.08074999999999888,0.08260000000000003,-0.10494999999999984,0.019399999999999973,0.044823646545410156,0.3820476531982422,0.3225374221801758,-0.036049842834472656,0.044442176818847656,0.057412147521972656,-0.1978015899658203,-0.0043964385986328125,-0.21538543701171875,0.14285659790039062,-0.16483688354492188,0.03296661376953125,-0.6748715209960936,-0.4738463592529296,5.154869384765624,1.4593058624267579,-0.035411239624023434,0.06523101806640624,0.006317646545410158,0.0026876531982422125,0.00382942218017579,-0.008638842834472655,0.0023431768188476587,-0.005604852478027347,
167,331376.260974532,0.037353,0.379216,0.3179,-0.026585,0.041049,0.063211,-0.11529999999999978,-0.014399999999997748,-0.08074999999999888,0.08260000000000003,-0.10499999999999989,0.019399999999999973,0.043297767639160156,0.3820476531982422,0.3213930130004883,-0.035286903381347656,0.043679237365722656,0.057793617248535156,-0.11868095397949219,-0.03076934814453125,-0.10988998413085938,0.14285659790039062,-0.120880126953125,0.0549468994140625,-0.646153106689453,-0.3015396118164062,5.470771942138671,1.474215347290039,-0.04286598205566406,0.06150364685058594,0.005944767639160159,0.00283165319824219,0.0034930130004882654,-0.008701903381347655,0.002630237365722654,-0.005417382751464847,
168,331376.272071678,0.0362,0.379072,0.317093,-0.025759,0.039999,0.063405,-0.11524999999999973,-0.014400000000000523,-0.08065000000000155,0.08254999999999998,-0.10495000000000018,0.019399999999999973,0.042153358459472656,0.3820476531982422,0.3198671340942383,-0.035668373107910156,0.042153358459472656,0.058938026428222656,-0.048351287841796875,0.03076934814453125,-0.07472610473632812,-0.0549468994140625,-0.25274658203125,0.120880126953125,-0.9907703399658202,0.07179603576660155,5.097432556152343,1.559947311401367,-0.03913861083984375,0.046593353271484374,0.005953358459472653,0.0029756531982421675,0.0027741340942382675,-0.009909373107910156,0.0021543584594726564,-0.004466973571777347,
169,331376.280967106,0.035048,0.378928,0.316287,-0.024934,0.03895,0.063599,-0.11510000000000027,-0.014350000000001861,-0.08055000000000145,0.08245000000000005,-0.10480000000000003,0.019349999999999923,0.041771888732910156,0.3820476531982422,0.3191041946411133,-0.036049842834472656,0.041771888732910156,0.059319496154785156,-0.05714225769042969,-0.0043964385986328125,-0.11868095397949219,-0.09889984130859375,-0.07692337036132812,0.09889984130859375,-0.7610267639160155,-0.10051445007324217,5.41333511352539,1.5972218322753906,-0.03913861083984375,0.03913861083984375,0.0067238887329101535,0.0031196531982422004,0.0028171946411132964,-0.011115842834472655,0.0028218887329101577,-0.0042795038452148465,
170,331376.290967579,0.033898,0.378785,0.315482,-0.02411,0.037903,0.063792,-0.11485000000000002,-0.014300000000000423,-0.08039999999999992,0.08230000000000008,-0.10454999999999978,0.019249999999999823,0.041008949279785156,0.3820476531982422,0.3179597854614258,-0.036049842834472656,0.041390419006347656,0.059700965881347656,-0.08351707458496094,0.0043964385986328125,-0.1362628936767578,0.03296661376953125,-0.09889984130859375,0.03296661376953125,-0.9620519256591795,-0.10051445007324217,5.183587799072265,1.6195868682861327,-0.07268576049804687,0.035411239624023434,0.007110949279785159,0.0032626531982422047,0.0024777854614257966,-0.011939842834472657,0.003487419006347657,-0.004091034118652345,
171,331376.300973927,0.032751,0.378642,0.314679,-0.023288,0.036859,0.063984,-0.11444999999999997,-0.014249999999998986,-0.08009999999999962,0.08199999999999995,-0.10420000000000013,0.019199999999999773,0.039483070373535156,0.3820476531982422,0.3164339065551758,-0.035668373107910156,0.041008949279785156,0.059319496154785156,-0.16263771057128906,-0.0043964385986328125,-0.11868095397949219,0.03296661376953125,-0.0549468994140625,-0.0549468994140625,-1.2779470062255858,-0.4738463592529296,5.556919708251952,1.623314239501953,-0.09877816772460937,0.04286598205566406,0.006732070373535154,0.003405653198242209,0.0017549065551757947,-0.012380373107910157,0.004149949279785153,-0.004664503845214843,
172,331376.310965912,0.031609,0.3785,0.31388,-0.02247,0.035819,0.064176,-0.11395000000000016,-0.014199999999997548,-0.07975000000000065,0.08164999999999994,-0.10375000000000002,0.019149999999999723,0.037957191467285156,0.3820476531982422,0.3156709671020508,-0.035286903381347656,0.040627479553222656,0.059319496154785156,-0.23296737670898438,-0.013187408447265625,-0.10988998413085938,0.0549468994140625,-0.09889984130859375,-0.03296661376953125,-0.043077621459960934,-0.3876911163330078,5.355898284912109,1.623314239501953,-0.12114320373535156,0.05032072448730469,0.006348191467285158,0.0035476531982421844,0.001790967102050789,-0.012816903381347656,0.00480847955322266,-0.004856503845214841,
173,331376.320970908,0.030472,0.378358,0.313084,-0.021655,0.034784,0.064367,-0.11334999999999991,-0.014149999999998886,-0.07929999999999882,0.08120000000000002,-0.10324999999999987,0.019050000000000317,0.036431312561035156,0.3820476531982422,0.3149080276489258,-0.035668373107910156,0.039483070373535156,0.059700965881347656,-0.15384674072265625,-0.021978378295898438,-0.10988998413085938,-0.010990142822265625,-0.14285659790039062,0.010990142822265625,-0.7035899353027343,-0.1866659545898437,5.528208770751952,1.6419519042968749,-0.10623291015625,0.054048095703125,0.005959312561035157,0.00368965319824216,0.0018240276489258078,-0.014013373107910156,0.004699070373535154,-0.004666034118652337,
174,331376.330944798,0.029342,0.378217,0.312294,-0.020846,0.033754,0.064557,-0.1126499999999999,-0.014000000000000123,-0.07879999999999832,0.08070000000000004,-0.10264999999999996,0.018950000000000217,0.035286903381347656,0.3820476531982422,0.3137636184692383,-0.035286903381347656,0.039101600646972656,0.059700965881347656,-0.07472610473632812,-0.021978378295898438,-0.07472610473632812,0.010990142822265625,-0.14285659790039062,-0.03296661376953125,-0.6174346923828123,-0.3015396118164062,5.2123062133789055,1.6680443115234374,-0.09877816772460937,0.054048095703125,0.005944903381347656,0.003830653198242162,0.0014696184692382652,-0.014440903381347656,0.005347600646972657,-0.004856034118652347,
175,331376.341011685,0.028219,0.378078,0.311508,-0.020041,0.032731,0.064746,-0.11190000000000001,-0.013900000000000023,-0.07830000000000059,0.08020000000000006,-0.10189999999999991,0.018850000000000117,0.034523963928222656,0.3820476531982422,0.3130006790161133,-0.035286903381347656,0.036431312561035156,0.059700965881347656,-0.10109901428222656,-0.021978378295898438,-0.10988998413085938,0.010990142822265625,-0.23077011108398438,-0.03296661376953125,-1.0194887542724609,-0.10051445007324217,5.8441038513183585,1.6829537963867187,-0.05032072448730469,0.06150364685058594,0.006304963928222655,0.003969653198242162,0.0014926790161132741,-0.015245903381347656,0.003700312561035153,-0.005045034118652342,
176,331376.350968415,0.027104,0.377939,0.310728,-0.019242,0.031716,0.064934,-0.11099999999999999,-0.013799999999999923,-0.07765000000000133,0.07954999999999993,-0.10110000000000015,0.018699999999999967,0.033379554748535156,0.3820476531982422,0.3118562698364258,-0.034142494201660156,0.036049842834472656,0.059700965881347656,-0.11868095397949219,-0.0043964385986328125,-0.127471923828125,0.14285659790039062,-0.16483688354492188,0.010990142822265625,-0.5600016021728514,0.646153106689453,5.269743041992187,1.653134017944336,-0.07268576049804687,0.06523101806640624,0.006275554748535157,0.004108653198242163,0.001128269836425777,-0.014900494201660158,0.004333842834472655,-0.005233034118652349,
177,331376.361013567,0.025999,0.377802,0.309955,-0.01845,0.030709,0.06512,-0.11000000000000003,-0.013650000000001161,-0.07695000000000063,0.07884999999999992,-0.10015000000000006,0.018499999999999767,0.031472206115722656,0.3820476531982422,0.3103303909301758,-0.033761024475097656,0.034142494201660156,0.059700965881347656,-0.2417583465576172,-0.03076934814453125,-0.11868095397949219,0.0549468994140625,-0.25274658203125,-0.010990142822265625,-0.5600016021728514,-0.10051445007324217,5.700511779785155,1.6568613891601562,-0.06150364685058594,0.06895838928222656,0.005473206115722655,0.004245653198242161,0.0003753909301758007,-0.015311024475097655,0.003433494201660156,-0.005419034118652341,
178,331376.370969561,0.024904,0.377666,0.309189,-0.017665,0.029713,0.065304,-0.10890000000000014,-0.013500000000002399,-0.07614999999999983,0.07805,-0.09914999999999993,0.01835000000000031,0.03032684326171875,0.3820476531982422,0.3095674514770508,-0.033379554748535156,0.032998085021972656,0.060082435607910156,-0.10109901428222656,-0.021978378295898438,-0.09230804443359375,0.0549468994140625,-0.23077011108398438,0.010990142822265625,-0.5025647735595702,-0.3015396118164062,5.470771942138671,1.6717716827392577,-0.05032072448730469,0.07268576049804687,0.005422843261718751,0.004381653198242186,0.00037845147705078963,-0.015714554748535156,0.0032850850219726564,-0.005221564392089845,
179,331376.380970278,0.023821,0.377532,0.308432,-0.016889,0.028726,0.065487,-0.10769999999999998,-0.013350000000000861,-0.07530000000000037,0.0772,-0.09809999999999992,0.01815000000000011,0.02918243408203125,0.3820476531982422,0.3084230422973633,-0.033379554748535156,0.031853675842285156,0.059700965881347656,-0.08351707458496094,-0.03076934814453125,-0.09230804443359375,-0.010990142822265625,-0.27472686767578125,-0.010990142822265625,-0.4738463592529296,-0.5600016021728514,5.671793365478515,1.6978640899658202,-0.035411239624023434,0.07268576049804687,0.005361434082031252,0.004515653198242209,-8.957702636702702e-06,-0.016490554748535155,0.0031276758422851547,-0.005786034118652347,
180,331376.390970961,0.02275,0.377399,0.307683,-0.016121,0.027751,0.065667,-0.1063999999999999,-0.013199999999999323,-0.07439999999999947,0.07630000000000006,-0.09690000000000011,0.01789999999999986,0.02841949462890625,0.3820476531982422,0.3076601028442383,-0.032998085021972656,0.02994537353515625,0.060082435607910156,-0.0659332275390625,0.013187408447265625,-0.05714225769042969,0.03296661376953125,-0.20878982543945312,0.010990142822265625,-0.8184598541259764,-0.2728211975097656,5.757948608398437,1.7090462036132812,-0.009318832397460937,0.07641313171386718,0.005669494628906251,0.004648653198242203,-2.2897155761703036e-05,-0.016877085021972656,0.0021943735351562486,-0.005584564392089847,
181,331376.400971103,0.021693,0.377268,0.306944,-0.015363,0.026788,0.065845,-0.10499999999999989,-0.012999999999999123,-0.07339999999999847,0.07524999999999997,-0.09565000000000007,0.01769999999999966,0.02803802490234375,0.3820476531982422,0.3072786331176758,-0.032616615295410156,0.02956390380859375,0.060082435607910156,-0.05714225769042969,-0.021978378295898438,-0.0659332275390625,0.03296661376953125,-0.0549468994140625,-0.03296661376953125,-0.9046150970458983,0.6174346923828123,5.90154067993164,1.7165009460449219,-0.020500946044921874,0.07268576049804687,0.0063450249023437495,0.004779653198242195,0.00033463311767578663,-0.017253615295410155,0.0027759038085937507,-0.0057625643920898445,
182,331376.411014405,0.02065,0.377139,0.306215,-0.014616,0.025838,0.066021,-0.10349999999999994,-0.012799999999998923,-0.0723499999999988,0.07419999999999996,-0.09429999999999994,0.017450000000000104,0.02727508544921875,0.3820476531982422,0.3065156936645508,-0.031853675842285156,0.02918243408203125,0.060082435607910156,-0.127471923828125,-0.013187408447265625,-0.03956031799316406,0.14285659790039062,-0.0549468994140625,0.010990142822265625,-0.6748715209960936,-0.4738463592529296,5.815385437011718,1.6978640899658202,-0.05777546691894531,0.07641313171386718,0.006625085449218748,0.0049086531982421855,0.0003006936645507663,-0.017237675842285156,0.00334443408203125,-0.00593856439208984,
183,331376.4210092,0.019623,0.377012,0.305497,-0.013879,0.024902,0.066194,-0.10195000000000012,-0.012599999999998723,-0.07125000000000048,0.07309999999999998,-0.09285000000000004,0.017199999999999854,0.02536773681640625,0.3820476531982422,0.3057527542114258,-0.03070831298828125,0.02880096435546875,0.060463905334472656,-0.23296737670898438,0.0043964385986328125,-0.09230804443359375,0.14285659790039062,-0.09889984130859375,0.03296661376953125,-0.5600016021728514,0.07179603576660155,5.528208770751952,1.664316131591797,-0.09877816772460937,0.06895838928222656,0.0057447368164062484,0.005035653198242174,0.0002557542114257627,-0.016829312988281248,0.0038989643554687495,-0.005730094665527347,
184,331376.431020936,0.018611,0.376887,0.30479,-0.013154,0.023981,0.066365,-0.10035000000000009,-0.012400000000001299,-0.07010000000000072,0.0719,-0.09135000000000011,0.016949999999999604,0.02422332763671875,0.3820476531982422,0.3049898147583008,-0.02918243408203125,0.02841949462890625,0.060845375061035156,-0.0659332275390625,-0.021978378295898438,-0.09230804443359375,0.20878982543945312,-0.120880126953125,0.010990142822265625,-0.646153106689453,-0.10051445007324217,5.614356536865234,1.6195868682861327,-0.10250553894042969,0.06895838928222656,0.005612327636718751,0.00516065319824216,0.00019981475830077589,-0.01602843408203125,0.004438494628906251,-0.005519624938964837,
185,331376.442027608,0.017616,0.376764,0.304095,-0.012441,0.023075,0.066533,-0.09864999999999995,-0.012150000000002437,-0.06889999999999952,0.07070000000000001,-0.08985,0.016600000000000642,0.02307891845703125,0.3820476531982422,0.3046083450317383,-0.02841949462890625,0.02651214599609375,0.061226844787597656,-0.11868095397949219,-0.013187408447265625,-0.03956031799316406,0.14285659790039062,-0.20878982543945312,0.0549468994140625,-0.6748715209960936,-0.5600016021728514,5.41333511352539,1.6307689819335938,-0.06523101806640624,0.06150364685058594,0.00546291845703125,0.0052836531982422,0.0005133450317382771,-0.01597849462890625,0.0034371459960937517,-0.005306155212402339,
186,331376.450967656,0.016638,0.376644,0.303412,-0.01174,0.022184,0.066697,-0.09685000000000006,-0.011949999999999461,-0.06770000000000109,0.06945000000000007,-0.0881999999999999,0.016300000000000342,0.02193450927734375,0.3820476531982422,0.3042268753051758,-0.02727508544921875,0.02498626708984375,0.062371253967285156,-0.10988998413085938,-0.0043964385986328125,-0.048351287841796875,0.09889984130859375,-0.25274658203125,0.16483688354492188,-0.933333511352539,-0.4738463592529296,5.2123062133789055,1.634496353149414,-0.046593353271484374,0.046593353271484374,0.00529650927734375,0.005403653198242209,0.0008148753051757662,-0.01553508544921875,0.002802267089843751,-0.00432574603271485,
187,331376.460964476,0.015679,0.376525,0.302741,-0.011052,0.021311,0.066859,-0.09500000000000003,-0.011749999999999261,-0.06639999999999979,0.06810000000000002,-0.08649999999999994,0.015999999999999348,0.02117156982421875,0.3820476531982422,0.3038454055786133,-0.02651214599609375,0.02422332763671875,0.06313419342041016,-0.09230804443359375,-0.048351287841796875,-0.021978378295898438,0.120880126953125,-0.14285659790039062,0.09889984130859375,-0.7897451782226562,0.24410278320312498,5.41333511352539,1.634496353149414,-0.03913861083984375,0.024228317260742187,0.0054925698242187515,0.005522653198242189,0.001104405578613299,-0.01546014599609375,0.00291232763671875,-0.0037248065795898455,
188,331376.470966536,0.014738,0.376409,0.302084,-0.010378,0.020454,0.067017,-0.09309999999999995,-0.011500000000000399,-0.06504999999999983,0.06670000000000001,-0.08479999999999997,0.015649999999999692,0.02002716064453125,0.3816661834716797,0.3034639358520508,-0.02536773681640625,0.02307891845703125,0.06351566314697266,-0.127471923828125,-0.021978378295898438,-0.03956031799316406,0.16483688354492188,-0.1868133544921875,0.0549468994140625,-0.5312831878662109,-0.9046150970458983,5.241024627685546,1.6195868682861327,-0.04286598205566406,0.01677357482910156,0.005289160644531251,0.005257183471679694,0.001379935852050762,-0.01498973681640625,0.00262491845703125,-0.003501336853027337,
189,331376.480969947,0.013817,0.376295,0.30144,-0.009718,0.019615,0.067172,-0.09104999999999998,-0.011249999999998761,-0.0636500000000012,0.0653,-0.08295000000000004,0.015350000000000086,0.01888275146484375,0.3816661834716797,0.3030824661254883,-0.02460479736328125,0.02231597900390625,0.06313419342041016,-0.17142868041992188,-0.0043964385986328125,-0.048351287841796875,0.1868133544921875,-0.20878982543945312,-0.03296661376953125,-0.6748715209960936,-0.646153106689453,5.269743041992187,1.6084047546386717,-0.035411239624023434,0.03168386840820312,0.005065751464843751,0.005371183471679697,0.0016424661254882955,-0.01488679736328125,0.0027009790039062495,-0.004037806579589839,
190,331376.490965977,0.012917,0.376184,0.300811,-0.009072,0.018795,0.067324,-0.08899999999999993,-0.010999999999999899,-0.06219999999999837,0.06379999999999997,-0.08105000000000004,0.01500000000000043,0.01811981201171875,0.3816661834716797,0.3030824661254883,-0.02346038818359375,0.02117156982421875,0.06351566314697266,-0.07472610473632812,-0.0043964385986328125,-0.03956031799316406,0.120880126953125,-0.16483688354492188,-0.010990142822265625,-0.646153106689453,-0.2728211975097656,5.0112847900390625,1.6084047546386717,-0.0279556884765625,0.04286598205566406,0.00520281201171875,0.005482183471679669,0.002271466125488286,-0.01438838818359375,0.002376569824218751,-0.0038083368530273387,
191,331376.500969053,0.012037,0.376075,0.300196,-0.008442,0.017994,0.067472,-0.08684999999999994,-0.010799999999999699,-0.06075000000000108,0.06224999999999998,-0.0791,0.01460000000000003,0.01735687255859375,0.3816661834716797,0.3027009963989258,-0.02231597900390625,0.02002716064453125,0.06351566314697266,-0.10988998413085938,-0.048351287841796875,-0.03956031799316406,0.1868133544921875,-0.16483688354492188,-0.010990142822265625,-0.7897451782226562,0.043077621459960934,5.327179870605469,1.5785849761962891,-0.0279556884765625,0.04286598205566406,0.005319872558593749,0.005591183471679695,0.002504996398925763,-0.01387397900390625,0.0020331606445312504,-0.003956336853027348,
192,331376.51100804,0.01118,0.375968,0.299596,-0.007827,0.017213,0.067616,-0.08460000000000004,-0.010550000000000836,-0.05920000000000092,0.06064999999999998,-0.07705000000000004,0.01419999999999963,0.01697540283203125,0.3812847137451172,0.3023195266723633,-0.02117156982421875,0.01964569091796875,0.06389713287353516,-0.048351287841796875,-0.05714225769042969,-0.03956031799316406,0.1868133544921875,-0.0549468994140625,0.010990142822265625,-0.8471782684326171,-0.10051445007324217,5.2123062133789055,1.5562199401855468,-0.03913861083984375,0.046593353271484374,0.005795402832031249,0.005316713745117163,0.002723526672363308,-0.01334456982421875,0.002432690917968751,-0.0037188671264648393,
193,331376.52097725,0.010345,0.375864,0.299012,-0.007229,0.016453,0.067756,-0.0823,-0.010300000000001974,-0.05764999999999798,0.059000000000000025,-0.07495000000000002,0.013849999999999973,0.01621246337890625,0.3812847137451172,0.3019380569458008,-0.01964569091796875,0.01964569091796875,0.06351566314697266,-0.048351287841796875,-0.05714225769042969,-0.05714225769042969,0.1868133544921875,-0.07692337036132812,0.010990142822265625,-0.7897451782226562,-0.9046150970458983,4.838974304199218,1.5338549041748046,-0.06895838928222656,0.05032072448730469,0.00586746337890625,0.005420713745117212,0.0029260569458007812,-0.01241669091796875,0.003192690917968751,-0.0042403368530273405,
194,331376.530964534,0.009534,0.375762,0.298443,-0.006647,0.015714,0.067893,-0.07994999999999998,-0.010049999999997561,-0.056000000000000494,0.05730000000000002,-0.07279999999999995,0.013450000000000267,0.01544952392578125,0.3809032440185547,0.3015565872192383,-0.01850128173828125,0.01888275146484375,0.06389713287353516,-0.07472610473632812,-0.0659332275390625,-0.03076934814453125,0.1868133544921875,-0.09889984130859375,0.03296661376953125,-0.6174346923828123,-0.1579475402832031,4.695382232666015,1.526400161743164,-0.06895838928222656,0.05032072448730469,0.005915523925781249,0.005141244018554703,0.0031135872192382674,-0.01185428173828125,0.003168751464843751,-0.003995867126464839,
195,331376.540974624,0.008746,0.375663,0.297892,-0.006083,0.014997,0.068025,-0.07750000000000005,-0.009750000000000036,-0.05430000000000157,0.055499999999999994,-0.07054999999999995,0.013000000000000511,0.01468658447265625,0.3805217742919922,0.3011751174926758,-0.01735687255859375,0.01850128173828125,0.06389713287353516,-0.09230804443359375,-0.05714225769042969,-0.03956031799316406,0.120880126953125,-0.09889984130859375,0.010990142822265625,-0.9046150970458983,-0.1866659545898437,5.097432556152343,1.5226727905273436,-0.06523101806640624,0.05032072448730469,0.00594058447265625,0.004858774291992163,0.003283117492675791,-0.01127387255859375,0.00350428173828125,-0.004127867126464846,
196,331376.550982215,0.007984,0.375567,0.297357,-0.005537,0.014303,0.068153,-0.07495000000000002,-0.009450000000002512,-0.05259999999999987,0.05365000000000001,-0.06824999999999999,0.012550000000000061,0.01392364501953125,0.3805217742919922,0.3007936477661133,-0.01659393310546875,0.01773834228515625,0.06389713287353516,-0.10988998413085938,-0.03956031799316406,-0.0659332275390625,0.16483688354492188,-0.07692337036132812,-0.010990142822265625,-0.8184598541259764,-0.043077621459960934,5.729230194091797,1.526400161743164,-0.07268576049804687,0.05032072448730469,0.00593964501953125,0.004954774291992203,0.003436647766113299,-0.01105693310546875,0.0034353422851562503,-0.004255867126464849,
197,331376.560969728,0.007247,0.375474,0.29684,-0.00501,0.013632,0.068276,-0.07234999999999997,-0.009149999999999436,-0.05079999999999807,0.05180000000000002,-0.06589999999999999,0.012099999999999611,0.01239776611328125,0.3801403045654297,0.3000307083129883,-0.01430511474609375,0.01735687255859375,0.06389713287353516,-0.10988998413085938,-0.03076934814453125,-0.09230804443359375,0.25274658203125,-0.07692337036132812,0.010990142822265625,-0.3589727020263671,-0.07179603576660155,5.241024627685546,1.4555776824951172,-0.08759524536132812,0.054048095703125,0.00515076611328125,0.004666304565429713,0.0031907083129882885,-0.00929511474609375,0.00372487255859375,-0.004378867126464847,
198,331376.570978358,0.006537,0.375384,0.296341,-0.004501,0.012985,0.068395,-0.06965,-0.008849999999999136,-0.04895000000000038,0.04984999999999998,-0.06344999999999996,0.011649999999999855,0.01201629638671875,0.3797588348388672,0.2992677688598633,-0.01316070556640625,0.01697540283203125,0.06427860260009766,-0.0659332275390625,-0.0659332275390625,-0.07472610473632812,0.23077011108398438,-0.07692337036132812,-0.010990142822265625,-0.5025647735595702,0.01435920715332031,5.269743041992187,1.4257579040527344,-0.09132342529296875,0.05032072448730469,0.00547929638671875,0.004374834838867192,0.00292676885986326,-0.00865970556640625,0.00399040283203125,-0.004116397399902341,
199,331376.58097488,0.005854,0.375297,0.295861,-0.004013,0.012363,0.068509,-0.06690000000000003,-0.008549999999998836,-0.04705000000000126,0.04785,-0.06090000000000002,0.011150000000000049,0.01163482666015625,0.3793773651123047,0.2985048294067383,-0.01277923583984375,0.01621246337890625,0.06389713287353516,-0.07472610473632812,-0.03956031799316406,-0.0659332275390625,0.07692337036132812,-0.14285659790039062,-0.03296661376953125,-0.5600016021728514,-0.043077621459960934,4.95384796142578,1.4555776824951172,-0.08759524536132812,0.05777546691894531,0.00578082666015625,0.004080365112304696,0.002643829406738296,-0.00876623583984375,0.0038494633789062493,-0.004611867126464844,
200,331376.590970683,0.005199,0.375213,0.2954,-0.003544,0.011767,0.068618,-0.06405,-0.008249999999998536,-0.04514999999999936,0.045850000000000016,-0.05830000000000002,0.010650000000000243,0.01087188720703125,0.3793773651123047,0.2981233596801758,-0.01239776611328125,0.01506805419921875,0.06427860260009766,-0.048351287841796875,-0.03076934814453125,-0.0043964385986328125,0.010990142822265625,-0.1868133544921875,0.010990142822265625,-0.7610267639160155,-0.1579475402832031,5.528208770751952,1.5040351257324218,-0.06150364685058594,0.054048095703125,0.00567288720703125,0.004164365112304669,0.0027233596801757853,-0.00885376611328125,0.0033010541992187503,-0.004339397399902342,
201,331376.600970842,0.004573000000000017,0.375132,0.294958,-0.0030960000000000124,0.011197000000000016,0.068722,-0.061200000000000046,-0.007999999999999678,-0.04319999999999885,0.04380000000000005,-0.05575000000000005,0.010149999999999756,0.01049041748046875,0.3789958953857422,0.2977418899536133,-0.01239776611328125,0.01430511474609375,0.06427860260009766,-0.07472610473632812,-0.013187408447265625,-0.05714225769042969,0.010990142822265625,-0.120880126953125,-0.010990142822265625,-0.5025647735595702,-0.1579475402832031,5.298461456298828,1.5338549041748046,-0.046593353271484374,0.05032072448730469,0.005917417480468733,0.0038638953857421665,0.0027838899536132833,-0.009301766113281238,0.003108114746093734,-0.004443397399902349,
202,331376.610973657,0.003975,0.375053,0.294536,-0.002668,0.010652,0.068821,-0.058449999999999995,-0.00770000000000215,-0.04125000000000101,0.0418,-0.05320000000000003,0.009699999999999986,0.00972747802734375,0.3786144256591797,0.2969789505004883,-0.01239776611328125,0.01392364501953125,0.06427860260009766,-0.07472610473632812,-0.03076934814453125,-0.03956031799316406,-0.03296661376953125,-0.09889984130859375,-0.010990142822265625,-0.8184598541259764,-0.646153106689453,5.269743041992187,1.5487651977539063,-0.06150364685058594,0.054048095703125,0.00575247802734375,0.0035614256591796623,0.0024429505004882612,-0.00972976611328125,0.00327164501953125,-0.004542397399902337,
203,331376.620967856,0.003404000000000016,0.374978,0.294133,-0.002260000000000011,0.010133000000000014,0.068916,-0.0557000000000001,-0.007350000000000418,-0.03940000000000059,0.03985000000000004,-0.05070000000000002,0.009250000000000248,0.00934600830078125,0.3786144256591797,0.2965974807739258,-0.01277923583984375,0.01392364501953125,0.06427860260009766,-0.03956031799316406,-0.03076934814453125,-0.05714225769042969,-0.03296661376953125,-0.010990142822265625,0.010990142822265625,-0.732308349609375,0.043077621459960934,5.183587799072265,1.5674020538330078,-0.08759524536132812,0.054048095703125,0.005942008300781234,0.0036364256591797095,0.0024644807739258034,-0.010519235839843738,0.0037906450195312365,-0.004637397399902349,
204,331376.63097413,0.002861,0.374906,0.293748,-0.001871,0.009638,0.069006,-0.052999999999999985,-0.006999999999998674,-0.03755000000000008,0.03795,-0.04829999999999999,0.00879999999999978,0.00896453857421875,0.3782329559326172,0.2962160110473633,-0.01239776611328125,0.01354217529296875,0.06427860260009766,-0.07472610473632812,-0.0043964385986328125,-0.0659332275390625,-0.010990142822265625,-0.07692337036132812,0.03296661376953125,-0.6748715209960936,-0.3589727020263671,5.643074951171874,1.5711294250488281,-0.09877816772460937,0.05032072448730469,0.00610353857421875,0.0033269559326171705,0.002468011047363272,-0.01052676611328125,0.0039041752929687493,-0.004727397399902342,
205,331376.640968034,0.0023440000000000145,0.374838,0.293382,-0.0015010000000000101,0.009167000000000014,0.069092,-0.050400000000000056,-0.006649999999999717,-0.03569999999999967,0.03600000000000006,-0.04590000000000009,0.008350000000000041,0.00820159912109375,0.3782329559326172,0.2958345413208008,-0.01239776611328125,0.01277923583984375,0.06466007232666016,-0.08351707458496094,-0.0043964385986328125,-0.03956031799316406,0.010990142822265625,-0.09889984130859375,0.010990142822265625,-0.5312831878662109,-0.1866659545898437,5.269743041992187,1.5711294250488281,-0.08759524536132812,0.05032072448730469,0.0058575991210937355,0.003394955932617183,0.002452541320800805,-0.01089676611328124,0.0036122358398437363,-0.004431927673339844,
206,331376.650968193,0.001853,0.374773,0.293034,-0.001151,0.00872,0.069173,-0.04780000000000001,-0.006349999999999412,-0.03384999999999916,0.03414999999999999,-0.04355000000000001,0.007900000000000268,0.00743865966796875,0.3782329559326172,0.2954530715942383,-0.01239776611328125,0.01201629638671875,0.06466007232666016,-0.07472610473632812,0.0043964385986328125,-0.03076934814453125,0.010990142822265625,-0.120880126953125,0.03296661376953125,-0.41640953063964836,-0.1866659545898437,5.183587799072265,1.5748567962646485,-0.06895838928222656,0.046593353271484374,0.0055856596679687495,0.0034599559326171647,0.0024190715942382646,-0.01124676611328125,0.0032962963867187497,-0.004512927673339842,
207,331376.660968678,0.0013880000000000127,0.374711,0.292705,-0.0008180000000000093,0.008296000000000012,0.06925,-0.04530000000000006,-0.006000000000000464,-0.032050000000000176,0.032400000000000054,-0.04125000000000011,0.007499999999999879,0.00667572021484375,0.3782329559326172,0.2950716018676758,-0.01239776611328125,0.01087188720703125,0.06542301177978516,-0.048351287841796875,-0.013187408447265625,-0.03076934814453125,-0.010990142822265625,-0.16483688354492188,0.0549468994140625,-0.5600016021728514,-0.21538436889648435,5.384616699218749,1.5860397186279296,-0.05032072448730469,0.03913861083984375,0.0052877202148437375,0.003521955932617171,0.0023666018676757883,-0.01157976611328124,0.0025758872070312383,-0.0038269882202148497,
208,331376.670967094,0.000947,0.374653,0.292393,-0.000503,0.007895,0.069323,-0.04284999999999999,-0.005650000000001487,-0.03029999999999977,0.03065,-0.03899999999999997,0.007099999999999468,0.00629425048828125,0.3782329559326172,0.2950716018676758,-0.01239776611328125,0.01049041748046875,0.06618595123291016,-0.03076934814453125,-0.013187408447265625,-0.03076934814453125,-0.03296661376953125,-0.09889984130859375,0.14285659790039062,-1.0769218444824218,-0.01435920715332031,5.384616699218749,1.58976708984375,-0.046593353271484374,0.020500946044921874,0.00534725048828125,0.0035799559326171737,0.0026786018676757672,-0.01189476611328125,0.0025954174804687508,-0.0031370487670898395,
209,331376.680967501,0.000531,0.374598,0.292099,-0.000205,0.007516,0.069392,-0.0404,-0.005299999999999749,-0.028600000000000847,0.0289,-0.036849999999999945,0.006700000000000456,0.00591278076171875,0.3782329559326172,0.2946901321411133,-0.01239776611328125,0.01049041748046875,0.06694889068603516,-0.0043964385986328125,-0.013187408447265625,-0.021978378295898438,0.010990142822265625,-0.0549468994140625,0.0549468994140625,-1.134358673095703,-0.10051445007324217,4.781537475585937,1.5860397186279296,-0.06523101806640624,0.005591461181640625,0.00538178076171875,0.003634955932617201,0.0025911321411132837,-0.01219276611328125,0.00297441748046875,-0.002443109313964839,
210,331376.690965991,0.000139,0.374547,0.291821,7.5e-05,0.007158,0.069457,-0.03805,-0.0049499999999980115,-0.026899999999999147,0.0272,-0.03470000000000001,0.0063000000000000556,0.00553131103515625,0.3782329559326172,0.2943086624145508,-0.01163482666015625,0.01049041748046875,0.06694889068603516,-0.03956031799316406,-0.0043964385986328125,-0.048351287841796875,0.03296661376953125,-0.010990142822265625,-0.010990142822265625,-0.7610267639160155,-0.07179603576660155,5.442053527832031,1.5748567962646485,-0.08386787414550781,0.009318832397460937,0.00539231103515625,0.0036859559326171687,0.002487662414550784,-0.01170982666015625,0.0033324174804687497,-0.0025081093139648486,
211,331376.700968853,-0.00023,0.374499,0.291561,0.000339,0.006822,0.069518,-0.035750000000000004,-0.004600000000001825,-0.025149999999998784,0.025599999999999998,-0.03255000000000002,0.0059499999999997055,0.00553131103515625,0.3782329559326172,0.2939271926879883,-0.01125335693359375,0.01010894775390625,0.06694889068603516,-0.0043964385986328125,-0.013187408447265625,-0.048351287841796875,0.09889984130859375,-0.03296661376953125,-0.010990142822265625,-0.7897451782226562,0.043077621459960934,5.355898284912109,1.5524925689697264,-0.09877816772460937,0.01677357482910156,0.00576131103515625,0.003733955932617161,0.0023661926879882667,-0.01159235693359375,0.00328694775390625,-0.00256910931396484,
212,331376.710971323,-0.000576,0.374455,0.291318,0.000587,0.006507,0.069576,-0.0335,-0.004200000000001425,-0.023500000000001298,0.023999999999999997,-0.030500000000000013,0.005600000000000049,0.00514984130859375,0.3782329559326172,0.2935457229614258,-0.01049041748046875,0.01049041748046875,0.06694889068603516,-0.03076934814453125,-0.013187408447265625,-0.05714225769042969,0.120880126953125,-0.010990142822265625,-0.010990142822265625,-1.0194887542724609,-0.3589727020263671,5.126150970458983,1.5301275329589843,-0.10250553894042969,0.020500946044921874,0.00572584130859375,0.003777955932617205,0.00222772296142576,-0.01107741748046875,0.00398341748046875,-0.0026271093139648427,
213,331376.720969905,-0.0009,0.374415,0.291091,0.000819,0.006212,0.06963,-0.031299999999999994,-0.003849999999999687,-0.021850000000001035,0.022450000000000005,-0.028500000000000008,0.005299999999999749,0.00514984130859375,0.3782329559326172,0.2931642532348633,-0.00972747802734375,0.01010894775390625,0.06694889068603516,-0.021978378295898438,0.0043964385986328125,-0.048351287841796875,0.120880126953125,-0.03296661376953125,-0.010990142822265625,-0.8184598541259764,-0.1866659545898437,5.93025909423828,1.5114898681640625,-0.11368765258789063,0.020500946044921874,0.00604984130859375,0.0038179559326171897,0.0020732532348632926,-0.01054647802734375,0.0038969477539062504,-0.002681109313964841,
214,331376.730972455,-0.001202,0.374378,0.290881,0.001036,0.005937,0.069682,-0.02915,-0.003449999999999287,-0.020200000000000773,0.02095,-0.026549999999999966,0.005000000000000143,0.00514984130859375,0.3782329559326172,0.2924013137817383,-0.00934600830078125,0.01010894775390625,0.06694889068603516,-0.013187408447265625,-0.013187408447265625,-0.0659332275390625,0.0549468994140625,-0.03296661376953125,-0.0549468994140625,-0.8184598541259764,-0.1866659545898437,5.528208770751952,1.5189454193115235,-0.10996028137207031,0.024228317260742187,0.00635184130859375,0.003854955932617199,0.0015203137817382806,-0.01038200830078125,0.00417194775390625,-0.0027331093139648377,
215,331376.740968125,-0.001483,0.374346,0.290687,0.001238,0.005681,0.06973,-0.027100000000000006,-0.003049999999998887,-0.018599999999999173,0.019450000000000002,-0.024649999999999974,0.004650000000000487,0.00514984130859375,0.3782329559326172,0.2920198440551758,-0.00896453857421875,0.01010894775390625,0.06694889068603516,0.03076934814453125,0.0043964385986328125,-0.05714225769042969,0.03296661376953125,-0.03296661376953125,0.010990142822265625,-0.7897451782226562,-0.5600016021728514,5.958977508544922,1.5338549041748046,-0.10996028137207031,0.0279556884765625,0.00663284130859375,0.0038869559326171754,0.001332844055175808,-0.01020253857421875,0.00442794775390625,-0.002781109313964844,
216,331376.750967567,-0.001744,0.374317,0.290509,0.001425,0.005444,0.069775,-0.025050000000000006,-0.0026999999999999247,-0.01704999999999901,0.018000000000000002,-0.022800000000000032,0.004350000000000187,0.00476837158203125,0.3782329559326172,0.2916383743286133,-0.00858306884765625,0.00972747802734375,0.06694889068603516,0.03076934814453125,0.013187408447265625,-0.048351287841796875,0.0549468994140625,-0.0549468994140625,-0.010990142822265625,-0.8184598541259764,-0.07179603576660155,5.556919708251952,1.5338549041748046,-0.10996028137207031,0.0279556884765625,0.00651237158203125,0.003915955932617177,0.001129374328613264,-0.01000806884765625,0.00428347802734375,-0.0028261093139648474,
217,331376.76096829,-0.001984,0.374292,0.290346,0.001598,0.005225,0.069817,-0.02304999999999999,-0.0022999999999995246,-0.015500000000001624,0.016649999999999998,-0.021050000000000017,0.004099999999999937,0.00476837158203125,0.3782329559326172,0.2912569046020508,-0.00782012939453125,0.00972747802734375,0.06694889068603516,-0.013187408447265625,-0.0043964385986328125,-0.03956031799316406,0.09889984130859375,-0.03296661376953125,-0.010990142822265625,-0.933333511352539,-0.1866659545898437,5.556919708251952,1.5189454193115235,-0.10623291015625,0.0279556884765625,0.00675237158203125,0.003940955932617174,0.0009109046020507883,-0.00941812939453125,0.00450247802734375,-0.002868109313964848,
218,331376.770973284,-0.002205000000000006,0.374271,0.290199,0.0017580000000000044,0.0050229999999999945,0.069857,-0.021149999999999933,-0.0018500000000004424,-0.014000000000000085,0.015299999999999956,-0.019299999999999904,0.0038499999999996757,0.00476837158203125,0.3778514862060547,0.2908754348754883,-0.00782012939453125,0.00896453857421875,0.06694889068603516,0.013187408447265625,0.0043964385986328125,-0.03076934814453125,0.010990142822265625,-0.09889984130859375,-0.010990142822265625,-0.8471782684326171,-0.1866659545898437,5.556919708251952,1.5114898681640625,-0.09505079650878906,0.0279556884765625,0.006973371582031256,0.003580486206054667,0.0006764348754882965,-0.009578129394531254,0.0039415385742187555,-0.002908109313964846,
219,331376.781013923,-0.002407,0.374255,0.290066,0.001904,0.004839,0.069894,-0.0193,-0.0014500000000000624,-0.012550000000000061,0.013999999999999993,-0.017549999999999986,0.003600000000000131,0.00476837158203125,0.3778514862060547,0.2904939651489258,-0.00782012939453125,0.00820159912109375,0.06694889068603516,-0.013187408447265625,0.0043964385986328125,-0.03956031799316406,-0.010990142822265625,-0.14285659790039062,-0.03296661376953125,-0.7610267639160155,-0.1292291259765625,5.499490356445311,1.537582275390625,-0.07268576049804687,0.0279556884765625,0.007175371582031249,0.003596486206054683,0.00042796514892579074,-0.00972412939453125,0.0033625991210937496,-0.0029451093139648415,
220,331376.790975773,-0.0025910000000000048,0.374242,0.289948,0.0020380000000000034,0.004671999999999996,0.069929,-0.017499999999999953,-0.0010499999999996424,-0.011099999999999964,0.012749999999999949,-0.015899999999999984,0.0033499999999998696,0.00476837158203125,0.3778514862060547,0.2901124954223633,-0.00782012939453125,0.00743865966796875,0.06694889068603516,0.021978378295898438,-0.013187408447265625,-0.03076934814453125,-0.03296661376953125,-0.14285659790039062,-0.010990142822265625,-0.5312831878662109,-0.01435920715332031,5.298461456298828,1.5487651977539063,-0.046593353271484374,0.03168386840820312,0.007359371582031255,0.0036094862060546684,0.00016449542236329773,-0.009858129394531253,0.0027666596679687544,-0.002980109313964849,
221,331376.800974608,-0.002757,0.374234,0.289844,0.002159,0.004521,0.069961,-0.015700000000000002,-0.0006500000000020378,-0.009649999999999936,0.011550000000000015,-0.01429999999999999,0.003099999999999631,0.00476837158203125,0.3778514862060547,0.2897310256958008,-0.00782012939453125,0.00667572021484375,0.06694889068603516,0.0043964385986328125,0.013187408447265625,-0.048351287841796875,0.010990142822265625,-0.09889984130859375,-0.010990142822265625,-0.8471782684326171,-0.1866659545898437,6.0738436889648435,1.5487651977539063,-0.03168386840820312,0.03168386840820312,0.00752537158203125,0.0036174862060546764,-0.00011297430419920929,-0.00997912939453125,0.00215472021484375,-0.003012109313964839,
222,331376.810970523,-0.002905000000000004,0.374229,0.289755,0.0022690000000000032,0.004385999999999997,0.069991,-0.01399999999999997,-0.0003500000000017264,-0.008349999999998612,0.010349999999999965,-0.012699999999999944,0.0028500000000000665,0.00476837158203125,0.3778514862060547,0.2893495559692383,-0.00743865966796875,0.00667572021484375,0.06694889068603516,0.021978378295898438,-0.021978378295898438,-0.03076934814453125,0.010990142822265625,-0.03296661376953125,-0.010990142822265625,-0.8184598541259764,-0.07179603576660155,6.131280517578125,1.537582275390625,-0.03913861083984375,0.03168386840820312,0.007673371582031254,0.003622486206054709,-0.00040544403076170354,-0.009707659667968754,0.0022897202148437533,-0.0030421093139648414,
223,331376.821017094,-0.003037,0.374227,0.289677,0.002366,0.004267,0.070018,-0.012349999999999991,-0.00010000000000010001,-0.007150000000000212,0.00915,-0.011200000000000012,0.0025499999999997747,0.00476837158203125,0.3778514862060547,0.2889680862426758,-0.00743865966796875,0.00667572021484375,0.06694889068603516,0.021978378295898438,-0.0043964385986328125,-0.03076934814453125,-0.010990142822265625,-0.010990142822265625,-0.03296661376953125,-1.0194887542724609,-0.1866659545898437,5.585638122558593,1.537582275390625,-0.05777546691894531,0.0279556884765625,0.00780537158203125,0.003624486206054711,-0.0007089137573242366,-0.00980465966796875,0.00240872021484375,-0.0030691093139648407,
224,331376.831014874,-0.003152000000000003,0.374227,0.289612,0.0024520000000000024,0.004161999999999997,0.070042,-0.010699999999999942,0.00010000000000010852,-0.005950000000001751,0.00799999999999996,-0.009749999999999944,0.0023000000000002155,0.00476837158203125,0.3782329559326172,0.2885866165161133,-0.00782012939453125,0.00629425048828125,0.06694889068603516,-0.013187408447265625,-0.0043964385986328125,-0.03076934814453125,-0.03296661376953125,-0.010990142822265625,-0.010990142822265625,-0.933333511352539,-0.07179603576660155,5.556919708251952,1.5450370178222657,-0.06150364685058594,0.0279556884765625,0.007920371582031252,0.004005955932617211,-0.0010253834838866993,-0.010272129394531253,0.0021322504882812527,-0.003093109313964837,
225,331376.840971258,-0.003251,0.374229,0.289558,0.002526,0.004072,0.070064,-0.00915,0.0002500000000016378,-0.0049499999999980115,0.006899999999999983,-0.00834999999999998,0.0020500000000006624,0.00476837158203125,0.3778514862060547,0.2882051467895508,-0.00743865966796875,0.00629425048828125,0.06694889068603516,0.0043964385986328125,-0.0043964385986328125,-0.03076934814453125,-0.010990142822265625,-0.03296661376953125,-0.010990142822265625,-0.933333511352539,-0.1866659545898437,5.729230194091797,1.5413096466064453,-0.05777546691894531,0.035411239624023434,0.00801937158203125,0.003622486206054709,-0.0013528532104492008,-0.00996465966796875,0.00222225048828125,-0.003115109313964845,
226,331376.852563434,-0.0033349999999999977,0.374232,0.289513,0.002589999999999998,0.003995000000000002,0.070083,-0.007650000000000039,0.000350000000001735,-0.0039999999999984805,0.005800000000000029,-0.007000000000000061,0.0017999999999997213,0.00476837158203125,0.3778514862060547,0.2878236770629883,-0.00743865966796875,0.00629425048828125,0.06694889068603516,-0.021978378295898438,-0.013187408447265625,-0.05714225769042969,0.010990142822265625,-0.010990142822265625,-0.010990142822265625,-0.9907703399658202,0.24410278320312498,5.528208770751952,1.5226727905273436,-0.06523101806640624,0.035411239624023434,0.008103371582031248,0.0036194862060546784,-0.001689322937011739,-0.010028659667968749,0.002299250488281248,-0.00313410931396485,
227,331376.860971767,-0.003404,0.374236,0.289478,0.002642,0.003932,0.0701,-0.006199999999999999,0.00040000000000040004,-0.0031000000000003247,0.004700000000000017,-0.005650000000000013,0.0014999999999994185,0.00438690185546875,0.3778514862060547,0.2874422073364258,-0.00667572021484375,0.00667572021484375,0.06694889068603516,-0.0043964385986328125,-0.013187408447265625,-0.0659332275390625,0.07692337036132812,0.010990142822265625,0.010990142822265625,-0.8184598541259764,-0.2728211975097656,5.958977508544922,1.5189454193115235,-0.07268576049804687,0.035411239624023434,0.00779090185546875,0.0036154862060546744,-0.002035792663574232,-0.00931772021484375,0.0027437202148437503,-0.0031511093139648394,
228,331376.870953428,-0.0034589999999999985,0.37424,0.289451,0.0026839999999999993,0.0038820000000000013,0.070113,-0.004800000000000048,0.00040000000000040004,-0.0023500000000009793,0.0036500000000000412,-0.004400000000000008,0.0011500000000004619,0.00438690185546875,0.3778514862060547,0.2870607376098633,-0.00705718994140625,0.00629425048828125,0.06694889068603516,0.013187408447265625,-0.0043964385986328125,-0.048351287841796875,-0.010990142822265625,-0.010990142822265625,-0.010990142822265625,-0.7897451782226562,-0.1866659545898437,6.849233398437499,1.526400161743164,-0.07268576049804687,0.03168386840820312,0.007845901855468749,0.0036114862060546704,-0.0023902623901367326,-0.009741189941406249,0.0024122504882812487,-0.0031641093139648385,
229,331376.881031487,-0.0035,0.374244,0.289431,0.002715,0.003844,0.070123,-0.003500000000000009,0.00034999999999896225,-0.0016500000000002624,0.002649999999999983,-0.003199999999999991,0.0008500000000001562,0.00438690185546875,0.3778514862060547,0.2866792678833008,-0.00705718994140625,0.00629425048828125,0.06694889068603516,-0.0043964385986328125,0.0043964385986328125,0.03956031799316406,-0.03296661376953125,-0.03296661376953125,0.010990142822265625,-0.6748715209960936,-0.10051445007324217,5.556919708251952,1.5413096466064453,-0.07268576049804687,0.03168386840820312,0.00788690185546875,0.0036074862060546664,-0.0027517321166992126,-0.00977218994140625,0.00245025048828125,-0.0031741093139648485,
230,331376.891027026,-0.0035289999999999996,0.374247,0.289418,0.0027369999999999994,0.0038180000000000006,0.07013,-0.002200000000000034,0.00020000000000020853,-0.0010499999999996708,0.00170000000000004,-0.0020000000000000395,0.0005499999999998646,0.00438690185546875,0.3778514862060547,0.2859163284301758,-0.00705718994140625,0.00629425048828125,0.06694889068603516,0.0043964385986328125,0.0043964385986328125,-0.03956031799316406,-0.010990142822265625,0.03296661376953125,-0.010990142822265625,-1.048203430175781,-0.01435920715332031,5.700511779785155,1.537582275390625,-0.07641313171386718,0.03168386840820312,0.00791590185546875,0.003604486206054691,-0.0035016715698242273,-0.00979418994140625,0.0024762504882812494,-0.0031811093139648416,
231,331376.900970792,-0.003544,0.374248,0.28941,0.002749,0.003804,0.070134,-0.000949999999999996,0.0,-0.0005499999999991623,0.0007000000000000062,-0.0008500000000000044,0.00020000000000020002,0.00438690185546875,0.3778514862060547,0.2859163284301758,-0.00705718994140625,0.00629425048828125,0.06694889068603516,0.0043964385986328125,-0.013187408447265625,-0.0043964385986328125,0.010990142822265625,-0.010990142822265625,-0.010990142822265625,-1.1630770874023435,-0.1866659545898437,6.045125274658202,1.5301275329589843,-0.0801405029296875,0.03168386840820312,0.00793090185546875,0.0036034862060546624,-0.0034936715698242193,-0.00980618994140625,0.00249025048828125,-0.0031851093139648456,
232,331376.910972203,-0.003548,0.374247,0.289407,0.002751,0.003801,0.070134,0.00019999999999994623,-0.00025000000000162647,-0.00010000000000010853,-0.0002499999999999888,0.0002499999999999586,-0.00015000000000014432,0.00400543212890625,0.3778514862060547,0.2859163284301758,-0.00705718994140625,0.00629425048828125,0.06694889068603516,0.03076934814453125,0.013187408447265625,-0.021978378295898438,-0.03296661376953125,-0.03296661376953125,-0.010990142822265625,-0.8184598541259764,-0.2728211975097656,6.0164068603515615,1.5338549041748046,-0.07641313171386718,0.03168386840820312,0.00755343212890625,0.003604486206054691,-0.003490671569824244,-0.00980818994140625,0.00249325048828125,-0.0031851093139648456,
233,331376.923020441,-0.00354,0.374243,0.289408,0.002744,0.003809,0.070131,0.0013500000000000057,-0.0005499999999991623,0.00019999999999742446,-0.0011500000000000008,0.0012499999999999924,-0.0004999999999998062,0.00400543212890625,0.3778514862060547,0.2859163284301758,-0.00705718994140625,0.00629425048828125,0.06733036041259766,0.0043964385986328125,-0.0043964385986328125,-0.013187408447265625,-0.010990142822265625,-0.010990142822265625,-0.03296661376953125,-0.6748715209960936,-0.1866659545898437,5.671793365478515,1.5338549041748046,-0.07268576049804687,0.03168386840820312,0.00754543212890625,0.003608486206054695,-0.0034916715698242173,-0.00980118994140625,0.00248525048828125,-0.0028006395874023426,
234,331376.931025073,-0.003521,0.374236,0.289411,0.002728,0.003826,0.070124,0.00245,-0.0009000000000009001,0.00044999999999906226,-0.0020000000000000052,0.002249999999999995,-0.0009000000000002062,0.00400543212890625,0.3778514862060547,0.2859163284301758,-0.00705718994140625,0.00629425048828125,0.06733036041259766,0.0043964385986328125,-0.0043964385986328125,-0.021978378295898438,0.010990142822265625,-0.010990142822265625,-0.010990142822265625,-1.1630770874023435,-0.445127944946289,5.987695922851562,1.537582275390625,-0.07268576049804687,0.03168386840820312,0.00752643212890625,0.0036154862060546744,-0.0034946715698241926,-0.00978518994140625,0.00246825048828125,-0.0027936395874023495,
235,331376.943020545,-0.003491,0.374225,0.289417,0.002704,0.003854,0.070113,0.0034999999999999875,-0.0013499999999999623,0.0006000000000006,-0.002849999999999988,0.003199999999999991,-0.0012500000000005562,0.00400543212890625,0.3778514862060547,0.2855348587036133,-0.00705718994140625,0.00629425048828125,0.06694889068603516,0.0043964385986328125,0.013187408447265625,-0.021978378295898438,-0.010990142822265625,-0.010990142822265625,-0.010990142822265625,-0.9620519256591795,-0.1866659545898437,5.8441038513183585,1.5338549041748046,-0.06895838928222656,0.03168386840820312,0.00749643212890625,0.003626486206054713,-0.0038821412963866986,-0.00976118994140625,0.00244025048828125,-0.0031641093139648385,
236,331376.950976796,-0.003451,0.374209,0.289423,0.002671,0.00389,0.070099,0.004450000000000005,-0.0018499999999976868,0.0006500000000020378,-0.0036999999999999924,0.004050000000000017,-0.0015999999999995185,0.00362396240234375,0.3778514862060547,0.2855348587036133,-0.00705718994140625,0.00629425048828125,0.06733036041259766,-0.0043964385986328125,-0.0043964385986328125,0.013187408447265625,-0.03296661376953125,-0.03296661376953125,-0.010990142822265625,-0.5025647735595702,-0.33025802612304683,5.700511779785155,1.5338549041748046,-0.07268576049804687,0.035411239624023434,0.00707496240234375,0.0036424862060546737,-0.0038881412963867046,-0.00972818994140625,0.00240425048828125,-0.0027686395874023384,
237,331376.961784997,-0.003402,0.374188,0.28943,0.00263,0.003935,0.070081,0.005400000000000001,-0.0023500000000009624,0.0006000000000006,-0.0045500000000000184,0.0049000000000000215,-0.0019499999999998685,0.00362396240234375,0.3778514862060547,0.2855348587036133,-0.00705718994140625,0.00629425048828125,0.06694889068603516,-0.013187408447265625,-0.0043964385986328125,-0.0043964385986328125,-0.03296661376953125,-0.010990142822265625,0.010990142822265625,-0.646153106689453,-0.3876911163330078,5.8728222656249995,1.537582275390625,-0.07268576049804687,0.035411239624023434,0.0070259624023437505,0.003663486206054667,-0.0038951412963867393,-0.00968718994140625,0.00235925048828125,-0.003132109313964848,
238,331376.970976619,-0.003343,0.374162,0.289435,0.00258,0.003988,0.07006,0.006300000000000012,-0.0029500000000015625,0.00044999999999906226,-0.0053499999999999945,0.005699999999999976,-0.0023500000000002685,0.00362396240234375,0.3778514862060547,0.2855348587036133,-0.00705718994140625,0.00629425048828125,0.06733036041259766,-0.013187408447265625,0.0043964385986328125,-0.03956031799316406,-0.010990142822265625,-0.010990142822265625,-0.010990142822265625,-0.9620519256591795,0.043077621459960934,5.700511779785155,1.5338549041748046,-0.06895838928222656,0.035411239624023434,0.0069669624023437505,0.003689486206054693,-0.0039001412963867166,-0.009637189941406249,0.0023062504882812498,-0.002729639587402341,
239,331376.983019546,-0.003276,0.374129,0.289439,0.002523,0.004049,0.070034,0.00710000000000001,-0.0036000000000008248,0.0003000000000003,-0.006050000000000001,0.006449999999999989,-0.0028000000000000247,0.00362396240234375,0.3778514862060547,0.2855348587036133,-0.00705718994140625,0.00629425048828125,0.06694889068603516,-0.021978378295898438,-0.0043964385986328125,0.0043964385986328125,0.010990142822265625,-0.010990142822265625,-0.010990142822265625,-0.8184598541259764,-0.1292291259765625,5.8728222656249995,1.537582275390625,-0.06895838928222656,0.03168386840820312,0.006899962402343749,0.003722486206054698,-0.0039041412963867206,-0.009580189941406251,0.0022452504882812504,-0.0030851093139648428,
240,331376.992190322,-0.003201,0.37409,0.289441,0.002459,0.004117,0.070004,0.007899999999999985,-0.004299999999998749,0.0,-0.0068000000000000135,0.007150000000000038,-0.003199999999999731,0.00362396240234375,0.3778514862060547,0.2855348587036133,-0.00705718994140625,0.00629425048828125,0.06694889068603516,0.0043964385986328125,0.0043964385986328125,-0.013187408447265625,-0.03296661376953125,0.010990142822265625,-0.010990142822265625,-1.134358673095703,-0.2728211975097656,5.729230194091797,1.5301275329589843,-0.06895838928222656,0.03168386840820312,0.00682496240234375,0.0037614862060547094,-0.0039061412963867226,-0.00951618994140625,0.00217725048828125,-0.0030551093139648405,
241,331377.001194134,-0.003118,0.374043,0.289439,0.002387,0.004192,0.06997,0.008699999999999984,-0.005099999999999549,-0.00034999999999896225,-0.00759999999999999,0.007900000000000008,-0.003699999999999537,0.00362396240234375,0.3778514862060547,0.2855348587036133,-0.00705718994140625,0.00629425048828125,0.06733036041259766,0.0043964385986328125,-0.0043964385986328125,0.021978378295898438,0.010990142822265625,0.010990142822265625,-0.010990142822265625,-0.646153106689453,-0.10051445007324217,5.8728222656249995,1.5301275329589843,-0.07268576049804687,0.03168386840820312,0.00674196240234375,0.003808486206054673,-0.0039041412963867206,-0.00944418994140625,0.0021022504882812496,-0.002639639587402348,
242,331377.012127739,-0.003027,0.373988,0.289434,0.002307,0.004275,0.06993,0.009599999999999994,-0.005900000000000349,-0.0007000000000007001,-0.008399999999999987,0.00874999999999999,-0.004200000000000037,0.00362396240234375,0.3778514862060547,0.2855348587036133,-0.00705718994140625,0.00629425048828125,0.06694889068603516,0.0043964385986328125,0.013187408447265625,-0.013187408447265625,-0.010990142822265625,0.010990142822265625,-0.010990142822265625,-0.8184598541259764,-1.0769218444824218,6.0738436889648435,1.526400161743164,-0.06895838928222656,0.0279556884765625,0.00665096240234375,0.0038634862060547004,-0.0038991412963867433,-0.00936418994140625,0.00201925048828125,-0.00298110931396485,
243,331377.020971352,-0.002925999999999997,0.373925,0.289425,0.0022189999999999975,0.004367000000000003,0.069886,0.010600000000000042,-0.006799999999998503,-0.0010500000000024435,-0.009350000000000039,0.009700000000000014,-0.004700000000000554,0.00362396240234375,0.3778514862060547,0.2855348587036133,-0.00705718994140625,0.00629425048828125,0.06733036041259766,0.013187408447265625,-0.013187408447265625,0.0043964385986328125,-0.010990142822265625,-0.010990142822265625,0.010990142822265625,-0.4738463592529296,-0.3876911163330078,5.90154067993164,1.526400161743164,-0.06895838928222656,0.0279556884765625,0.006549962402343747,0.00392648620605468,-0.0038901412963867066,-0.009276189941406247,0.0019272504882812472,-0.0025556395874023474,
244,331377.030965258,-0.002815,0.373852,0.289413,0.00212,0.004469,0.069836,0.011700000000000012,-0.007799999999999474,-0.0013999999999986246,-0.010399999999999993,0.010699999999999989,-0.005300000000000443,0.00362396240234375,0.3778514862060547,0.2855348587036133,-0.00705718994140625,0.00629425048828125,0.06694889068603516,-0.0043964385986328125,0.013187408447265625,-0.013187408447265625,-0.010990142822265625,-0.010990142822265625,-0.010990142822265625,-0.8184598541259764,0.33025802612304683,5.90154067993164,1.526400161743164,-0.06523101806640624,0.0279556884765625,0.00643896240234375,0.00399948620605467,-0.0038781412963866946,-0.00917718994140625,0.0018252504882812501,-0.002887109313964839,
245,331377.040967794,-0.0026919999999999965,0.373769,0.289397,0.0020109999999999967,0.0045810000000000035,0.06978,0.012950000000000014,-0.008800000000000497,-0.0017999999999990387,-0.011550000000000032,0.011800000000000036,-0.005949999999999728,0.00362396240234375,0.3778514862060547,0.2855348587036133,-0.00705718994140625,0.00629425048828125,0.06694889068603516,-0.013187408447265625,0.0043964385986328125,-0.0043964385986328125,-0.03296661376953125,-0.010990142822265625,-0.010990142822265625,-0.8184598541259764,-0.5887162780761718,6.045125274658202,1.5152172393798828,-0.05777546691894531,0.0279556884765625,0.0063159624023437465,0.00408248620605467,-0.003862141296386734,-0.009068189941406247,0.0017132504882812465,-0.0028311093139648386,
246,331377.05096706,-0.002556,0.373676,0.289377,0.001889,0.004705,0.069717,0.014349999999999996,-0.009900000000001574,-0.0021500000000007624,-0.012800000000000008,0.013049999999999997,-0.006599999999999662,0.00362396240234375,0.3778514862060547,0.2855348587036133,-0.00705718994140625,0.00629425048828125,0.06733036041259766,-0.0043964385986328125,0.0043964385986328125,0.021978378295898438,-0.03296661376953125,-0.010990142822265625,0.03296661376953125,-0.7897451782226562,-0.445127944946289,5.729230194091797,1.5114898681640625,-0.05032072448730469,0.0279556884765625,0.00617996240234375,0.004175486206054679,-0.003842141296386714,-0.00894618994140625,0.00158925048828125,-0.002386639587402345,
247,331377.060967872,-0.0024049999999999957,0.373571,0.289354,0.0017549999999999961,0.004842000000000004,0.069648,0.015800000000000047,-0.011100000000000033,-0.002499999999999736,-0.014100000000000043,0.01440000000000004,-0.0073000000000003834,0.00362396240234375,0.3778514862060547,0.2855348587036133,-0.00705718994140625,0.00629425048828125,0.06733036041259766,0.03076934814453125,-0.0043964385986328125,0.0043964385986328125,-0.03296661376953125,0.010990142822265625,-0.010990142822265625,-0.9620519256591795,-0.043077621459960934,5.757948608398437,1.5077624969482422,-0.05032072448730469,0.0279556884765625,0.006028962402343746,0.004280486206054701,-0.003819141296386719,-0.008812189941406246,0.0014522504882812457,-0.0023176395874023453,
248,331377.070963819,-0.00224,0.373454,0.289327,0.001607,0.004993,0.069571,0.017350000000000004,-0.012299999999998423,-0.0029000000000001247,-0.015550000000000003,0.01585000000000002,-0.008099999999999774,0.00362396240234375,0.3778514862060547,0.2855348587036133,-0.00705718994140625,0.00667572021484375,0.06733036041259766,-0.013187408447265625,-0.0043964385986328125,-0.013187408447265625,-0.010990142822265625,-0.010990142822265625,-0.010990142822265625,-0.9620519256591795,0.5887162780761718,5.786667022705077,1.5040351257324218,-0.04286598205566406,0.0279556884765625,0.00586396240234375,0.004397486206054679,-0.0037921412963867196,-0.00866418994140625,0.00168272021484375,-0.0022406395874023377,
249,331377.080964848,-0.0020579999999999947,0.373325,0.289296,0.0014439999999999952,0.005159000000000006,0.069486,0.019050000000000036,-0.013550000000001092,-0.00324999999999909,-0.01710000000000004,0.017350000000000036,-0.008899999999999901,0.00362396240234375,0.3778514862060547,0.2855348587036133,-0.00705718994140625,0.00667572021484375,0.06733036041259766,0.021978378295898438,-0.0043964385986328125,0.0043964385986328125,-0.010990142822265625,-0.010990142822265625,-0.010990142822265625,-0.8184598541259764,-0.5600016021728514,5.90154067993164,1.5003077545166015,-0.04286598205566406,0.024228317260742187,0.005681962402343745,0.0045264862060546696,-0.0037611412963867163,-0.008501189941406246,0.0015167202148437444,-0.00215563958740235,
250,331377.090966376,-0.001859,0.373183,0.289262,0.001265,0.00534,0.069393,0.020799999999999996,-0.014949999999999686,-0.003649999999999487,-0.018749999999999996,0.01899999999999996,-0.009750000000000036,0.00362396240234375,0.3778514862060547,0.2855348587036133,-0.00705718994140625,0.00667572021484375,0.06694889068603516,-0.013187408447265625,-0.0043964385986328125,0.013187408447265625,-0.03296661376953125,0.010990142822265625,-0.03296661376953125,-0.33025802612304683,-1.0769218444824218,5.786667022705077,1.4965803833007811,-0.03913861083984375,0.024228317260742187,0.0054829624023437495,0.0046684862060547005,-0.003727141296386738,-0.00832218994140625,0.0013357202148437499,-0.00244410931396484,
251,331377.100971791,-0.0016420000000000065,0.373026,0.289223,0.001069000000000006,0.005538999999999994,0.069291,0.022699999999999936,-0.01634999999999828,-0.004049999999999884,-0.020449999999999954,0.02074999999999993,-0.010649999999999523,0.00362396240234375,0.3778514862060547,0.2851533889770508,-0.00705718994140625,0.00667572021484375,0.06694889068603516,-0.03076934814453125,-0.013187408447265625,-0.021978378295898438,-0.010990142822265625,-0.03296661376953125,-0.010990142822265625,-0.646153106689453,-0.043077621459960934,5.729230194091797,1.4928530120849608,-0.035411239624023434,0.024228317260742187,0.005265962402343756,0.004825486206054663,-0.004069611022949227,-0.008126189941406256,0.0011367202148437564,-0.002342109313964849,
252,331377.110973517,-0.001405,0.372856,0.289181,0.000856,0.005755,0.06918,0.024749999999999998,-0.017750000000002486,-0.004400000000001625,-0.022250000000000002,0.02255,-0.011600000000000499,0.00362396240234375,0.3778514862060547,0.2855348587036133,-0.00705718994140625,0.00667572021484375,0.06694889068603516,0.0043964385986328125,-0.0043964385986328125,0.0043964385986328125,-0.010990142822265625,0.010990142822265625,-0.010990142822265625,-0.33025802612304683,0.1579475402832031,6.0738436889648435,1.4853974609375,-0.03168386840820312,0.020500946044921874,0.00502896240234375,0.004995486206054667,-0.00364614129638674,-0.007913189941406249,0.0009207202148437503,-0.002231109313964849,
253,331377.121016851,-0.0011470000000000076,0.372671,0.289135,0.0006240000000000068,0.005989999999999993,0.069059,0.026849999999999943,-0.019350000000001255,-0.00485000000000067,-0.024149999999999946,0.024449999999999982,-0.012650000000000126,0.00362396240234375,0.3778514862060547,0.2851533889770508,-0.00705718994140625,0.00667572021484375,0.06694889068603516,-0.0043964385986328125,-0.0043964385986328125,-0.0043964385986328125,-0.03296661376953125,0.010990142822265625,-0.03296661376953125,-0.646153106689453,0.07179603576660155,5.93025909423828,1.4853974609375,-0.03168386840820312,0.01677357482910156,0.004770962402343757,0.005180486206054713,-0.003981611022949194,-0.0076811899414062565,0.0006857202148437573,-0.002110109313964839,
254,331377.13097927,-0.000868,0.372469,0.289084,0.000373,0.006244,0.068927,0.0291,-0.02094999999999736,-0.005299999999999749,-0.02615,0.026500000000000003,-0.013699999999999823,0.00362396240234375,0.3778514862060547,0.2855348587036133,-0.00705718994140625,0.00667572021484375,0.06694889068603516,-0.021978378295898438,-0.0043964385986328125,0.03076934814453125,-0.010990142822265625,-0.010990142822265625,-0.010990142822265625,-0.33025802612304683,-0.5887162780761718,5.614356536865234,1.4779427185058593,-0.0279556884765625,0.01304620361328125,0.00449196240234375,0.005382486206054693,-0.0035491412963867264,-0.00743018994140625,0.0004317202148437496,-0.001978109313964846,
255,331377.142057059,-0.0005650000000000089,0.372252,0.289029,0.00010100000000000803,0.006519999999999992,0.068785,0.031449999999999936,-0.022600000000000335,-0.005650000000001481,-0.028249999999999935,0.028649999999999926,-0.01480000000000019,0.00362396240234375,0.3778514862060547,0.2851533889770508,-0.00705718994140625,0.00667572021484375,0.06694889068603516,0.021978378295898438,-0.021978378295898438,-0.03076934814453125,-0.010990142822265625,0.010990142822265625,-0.010990142822265625,-0.33025802612304683,-0.1866659545898437,5.786667022705077,1.474215347290039,-0.024228317260742187,0.009318832397460937,0.004188962402343759,0.00559948620605466,-0.003875611022949199,-0.007158189941406258,0.00015572021484375805,-0.0018361093139648427,
256,331377.15097654,-0.000239,0.372017,0.288971,-0.000192,0.006817,0.068631,0.03385,-0.02435000000000076,-0.005999999999997674,-0.030449999999999998,0.030850000000000016,-0.015949999999999992,0.00362396240234375,0.3774700164794922,0.2851533889770508,-0.00705718994140625,0.00667572021484375,0.06694889068603516,-0.021978378295898438,0.0043964385986328125,-0.013187408447265625,-0.03296661376953125,-0.010990142822265625,-0.010990142822265625,-0.33025802612304683,-0.3876911163330078,5.90154067993164,1.4667606048583983,-0.01677357482910156,0.005591461181640625,0.00386296240234375,0.005453016479492201,-0.0038176110229491966,-0.00686518994140625,-0.00014127978515625014,-0.0016821093139648413,
257,331377.161114868,0.000112,0.371765,0.288909,-0.000508,0.007137,0.068466,0.03645,-0.026149999999999785,-0.006449999999999512,-0.0328,0.03324999999999999,-0.017149999999999804,0.00362396240234375,0.3774700164794922,0.2851533889770508,-0.00705718994140625,0.00705718994140625,0.06694889068603516,-0.013187408447265625,0.0043964385986328125,-0.013187408447265625,-0.010990142822265625,0.010990142822265625,0.010990142822265625,-0.33025802612304683,0.1579475402832031,5.987695922851562,1.4593058624267579,-0.009318832397460937,0.005591461181640625,0.00351196240234375,0.005705016479492175,-0.0037556110229492456,-0.00654918994140625,-7.981005859375011e-05,-0.0015171093139648428,
258,331377.170969788,0.00049,0.371494,0.288842,-0.000848,0.007482,0.068288,0.03915,-0.028050000000001685,-0.006850000000002687,-0.035199999999999995,0.03570000000000001,-0.018399999999999667,0.00362396240234375,0.3774700164794922,0.2851533889770508,-0.00705718994140625,0.00705718994140625,0.06694889068603516,-0.0043964385986328125,-0.013187408447265625,-0.0043964385986328125,-0.03296661376953125,0.010990142822265625,-0.010990142822265625,-0.5025647735595702,-1.134358673095703,5.614356536865234,1.4518503112792969,-0.0018640899658203124,0.0018640899658203124,0.00313396240234375,0.005976016479492197,-0.0036886110229492064,-0.00620918994140625,-0.00042481005859374994,-0.0013391093139648452,
259,331377.180968127,0.000895,0.371204,0.288772,-0.001212,0.007851,0.068098,0.0419,-0.02995000000000081,-0.007250000000000312,-0.037649999999999996,0.0382,-0.019650000000000223,0.00400543212890625,0.3774700164794922,0.2851533889770508,-0.00705718994140625,0.00705718994140625,0.06694889068603516,0.021978378295898438,-0.0043964385986328125,0.013187408447265625,-0.010990142822265625,0.010990142822265625,-0.010990142822265625,-0.5025647735595702,-0.1866659545898437,5.729230194091797,1.4406681976318358,0.005591461181640625,0.0018640899658203124,0.00311043212890625,0.006266016479492209,-0.003618611022949192,-0.0058451899414062505,-0.0007938100585937503,-0.0011491093139648495,
260,331377.190963824,0.001328,0.370895,0.288697,-0.001601,0.008246,0.067895,0.044800000000000006,-0.031899999999998596,-0.007699999999999374,-0.0402,0.04079999999999995,-0.020950000000000135,0.00400543212890625,0.3774700164794922,0.2851533889770508,-0.00705718994140625,0.00705718994140625,0.06694889068603516,-0.021978378295898438,-0.013187408447265625,-0.0043964385986328125,-0.010990142822265625,-0.010990142822265625,-0.010990142822265625,-0.33025802612304683,-0.3015396118164062,5.90154067993164,1.4369408264160155,0.01304620361328125,-0.0018640899658203124,0.00267743212890625,0.006575016479492213,-0.0035436110229492,-0.00545618994140625,-0.0011888100585937499,-0.0009461093139648408,
261,331377.201117644,0.001791,0.370566,0.288618,-0.002016,0.008667,0.067679,0.047700000000000006,-0.03389999999999782,-0.008149999999998436,-0.0428,0.043449999999999996,-0.022300000000000098,0.00400543212890625,0.3770885467529297,0.2851533889770508,-0.00743865966796875,0.00705718994140625,0.06694889068603516,0.0043964385986328125,-0.03076934814453125,-0.013187408447265625,-0.010990142822265625,-0.010990142822265625,-0.010990142822265625,-0.1866659545898437,-0.3589727020263671,5.815385437011718,1.429486083984375,0.01677357482910156,-0.0018640899658203124,0.00221443212890625,0.006522546752929681,-0.0034646110229492044,-0.00542265966796875,-0.0016098100585937494,-0.0007301093139648468,
262,331377.211010428,0.002282,0.370217,0.288534,-0.002457,0.009115,0.067449,0.050549999999999984,-0.03585000000000116,-0.008549999999998836,-0.045399999999999996,0.046100000000000044,-0.02365000000000006,0.00400543212890625,0.3770885467529297,0.2851533889770508,-0.00743865966796875,0.00705718994140625,0.06694889068603516,0.013187408447265625,-0.013187408447265625,-0.021978378295898438,-0.010990142822265625,-0.010990142822265625,-0.010990142822265625,-0.01435920715332031,-0.8471782684326171,5.8728222656249995,1.4257579040527344,0.0279556884765625,-0.009318832397460937,0.0017234321289062498,0.006871546752929669,-0.0033806110229492314,-0.00498165966796875,-0.00205781005859375,-0.0005001093139648388,
263,331377.220970918,0.002802,0.369849,0.288447,-0.002924,0.009589,0.067206,0.053399999999999996,-0.03780000000000172,-0.008950000000002012,-0.047900000000000005,0.04864999999999999,-0.024899999999999922,0.00400543212890625,0.3767070770263672,0.2851533889770508,-0.00743865966796875,0.00743865966796875,0.06694889068603516,-0.013187408447265625,-0.021978378295898438,0.0043964385986328125,-0.03296661376953125,0.010990142822265625,0.010990142822265625,-0.043077621459960934,-0.4738463592529296,5.643074951171874,1.4145757904052734,0.035411239624023434,-0.009318832397460937,0.0012034321289062502,0.006858077026367204,-0.0032936110229492277,-0.0045146596679687505,-0.0021503403320312503,-0.0002571093139648456,
264,331377.230973646,0.00335,0.369461,0.288355,-0.003415,0.010088,0.066951,0.05614999999999999,-0.03974999999999951,-0.009400000000001074,-0.05034999999999998,0.05114999999999998,-0.026149999999999785,0.00400543212890625,0.3763256072998047,0.2851533889770508,-0.00782012939453125,0.00743865966796875,0.06694889068603516,0.0043964385986328125,-0.048351287841796875,0.048351287841796875,-0.03296661376953125,0.010990142822265625,-0.010990142822265625,0.1292291259765625,-0.5025647735595702,5.8728222656249995,1.410848419189453,0.04286598205566406,-0.01304620361328125,0.0006554321289062499,0.006864607299804704,-0.003201611022949191,-0.00440512939453125,-0.0026493403320312497,-2.109313964840376e-06,
265,331377.24102051,0.003925,0.369054,0.288259,-0.003931,0.010612,0.066683,0.05884999999999998,-0.04159999999999997,-0.00974999999999726,-0.05275,0.05365000000000005,-0.027399999999999647,0.00400543212890625,0.3759441375732422,0.2851533889770508,-0.00820159912109375,0.00743865966796875,0.06694889068603516,0.021978378295898438,-0.05714225769042969,0.03076934814453125,-0.0549468994140625,-0.010990142822265625,-0.010990142822265625,0.10051445007324217,-0.8471782684326171,5.470771942138671,1.410848419189453,0.05032072448730469,-0.01677357482910156,8.043212890625033e-05,0.006890137573242194,-0.003105611022949206,-0.00427059912109375,-0.00317334033203125,0.0002658906860351501,
266,331377.251016053,0.004527,0.368629,0.28816,-0.00447,0.011161,0.066403,0.061500000000000006,-0.04345000000000043,-0.010150000000000436,-0.05515000000000003,0.05609999999999998,-0.028650000000000203,0.00400543212890625,0.3755626678466797,0.2851533889770508,-0.00858306884765625,0.00782012939453125,0.06694889068603516,0.0043964385986328125,-0.05714225769042969,0.0043964385986328125,-0.07692337036132812,0.03296661376953125,-0.010990142822265625,0.21538436889648435,-0.01435920715332031,5.470771942138671,1.4145757904052734,0.054048095703125,-0.020500946044921874,-0.0005215678710937498,0.006933667846679703,-0.003006611022949246,-0.00411306884765625,-0.0033408706054687508,0.0005458906860351526,
267,331377.262038129,0.005155,0.368185,0.288056,-0.005034,0.011734,0.06611,0.0641,-0.04524999999999946,-0.010550000000000836,-0.057499999999999996,0.058449999999999995,-0.029850000000000015,0.00400543212890625,0.3751811981201172,0.2851533889770508,-0.00896453857421875,0.00858306884765625,0.06694889068603516,0.0043964385986328125,-0.0659332275390625,-0.0043964385986328125,-0.07692337036132812,0.0549468994140625,-0.010990142822265625,-0.01435920715332031,-0.3015396118164062,5.90154067993164,1.410848419189453,0.054048095703125,-0.024228317260742187,-0.0011495678710937499,0.006996198120117203,-0.0029026110229491975,-0.00393053857421875,-0.0031509311523437496,0.0008388906860351542,
268,331377.27099815,0.005809,0.367724,0.287949,-0.00562,0.01233,0.065806,0.06665,-0.04699999999999982,-0.010899999999999799,-0.05974999999999999,0.06075000000000004,-0.030999999999999778,0.00438690185546875,0.3747997283935547,0.2851533889770508,-0.00934600830078125,0.00934600830078125,0.06694889068603516,0.013187408447265625,-0.0659332275390625,-0.03076934814453125,-0.07692337036132812,0.14285659790039062,-0.010990142822265625,0.21538436889648435,-0.3015396118164062,5.729230194091797,1.4033936767578126,0.03913861083984375,-0.0279556884765625,-0.00142209814453125,0.007075728393554692,-0.0027956110229492293,-0.00372600830078125,-0.0029839916992187507,0.0011428906860351529,
269,331377.280967535,0.006488,0.367245,0.287838,-0.006229,0.012949,0.06549,0.06914999999999999,-0.048699999999998744,-0.011300000000000199,-0.061999999999999986,0.06299999999999994,-0.032200000000000284,0.00476837158203125,0.3744182586669922,0.2851533889770508,-0.00972747802734375,0.01049041748046875,0.06656742095947266,0.03956031799316406,-0.03956031799316406,-0.013187408447265625,-0.07692337036132812,0.1868133544921875,-0.03296661376953125,0.3589727020263671,-0.1866659545898437,5.90154067993164,1.3996663055419922,0.020500946044921874,-0.03168386840820312,-0.0017196284179687498,0.007173258666992199,-0.0026846110229492015,-0.00349847802734375,-0.0024585825195312504,0.0010774209594726497,
270,331377.290965601,0.007192,0.36675,0.287723,-0.00686,0.01359,0.065162,0.07160000000000001,-0.050400000000000444,-0.011699999999997823,-0.06414999999999997,0.06524999999999995,-0.033299999999999996,0.00476837158203125,0.3740367889404297,0.2847719192504883,-0.01010894775390625,0.01125335693359375,0.06694889068603516,0.021978378295898438,-0.09230804443359375,0.013187408447265625,-0.07692337036132812,0.09889984130859375,-0.010990142822265625,0.2728211975097656,-0.3015396118164062,5.90154067993164,1.3922107543945312,0.005591461181640625,-0.035411239624023434,-0.0024236284179687496,0.007286788940429667,-0.0029510807495117253,-0.0032489477539062502,-0.0023366430664062496,0.0017868906860351585,
271,331377.300967725,0.00792,0.366237,0.287604,-0.007512,0.014254,0.064824,0.07399999999999998,-0.052100000000002145,-0.012100000000000999,-0.06630000000000004,0.06744999999999997,-0.03439999999999971,0.00514984130859375,0.3728923797607422,0.2847719192504883,-0.01049041748046875,0.01163482666015625,0.06656742095947266,0.03076934814453125,-0.10109901428222656,0.013187408447265625,-0.07692337036132812,0.03296661376953125,0.010990142822265625,0.4738463592529296,-0.5025647735595702,5.614356536865234,1.3847560119628906,0.01304620361328125,-0.04286598205566406,-0.00277015869140625,0.006655379760742208,-0.002832080749511745,-0.0029784174804687504,-0.0026191733398437493,0.0017434209594726496,
272,331377.310965771,0.008672,0.365708,0.287481,-0.008186,0.014939,0.064474,0.07635000000000003,-0.053699999999998194,-0.012449999999999961,-0.06840000000000006,0.06954999999999999,-0.035500000000000115,0.00553131103515625,0.3717479705810547,0.2847719192504883,-0.01087188720703125,0.01163482666015625,0.06656742095947266,0.013187408447265625,-0.16263771057128906,-0.03076934814453125,-0.07692337036132812,-0.03296661376953125,-0.010990142822265625,0.445127944946289,-0.07179603576660155,5.442053527832031,1.3847560119628906,0.035411239624023434,-0.05032072448730469,-0.003140688964843749,0.00603997058105471,-0.0027090807495117053,-0.0026858872070312494,-0.003304173339843749,0.0020934209594726527,
273,331377.320978083,0.009447,0.365163,0.287355,-0.00888,0.015645,0.064114,0.07860000000000002,-0.055349999999998456,-0.012799999999998923,-0.07044999999999994,0.0716500000000001,-0.03655000000000047,0.00591278076171875,0.3694591522216797,0.2847719192504883,-0.01163482666015625,0.01201629638671875,0.06656742095947266,0.021978378295898438,-0.16263771057128906,-0.0043964385986328125,-0.120880126953125,0.03296661376953125,-0.010990142822265625,0.3015396118164062,0.07179603576660155,6.0738436889648435,1.3959381256103516,0.054048095703125,-0.05777546691894531,-0.0035342192382812505,0.004296152221679672,-0.002583080749511746,-0.0027548266601562493,-0.003628703613281249,0.002453420959472652,
274,331377.332034803,0.010244,0.364601,0.287225,-0.009595,0.016372,0.063743,0.08079999999999997,-0.056900000000001394,-0.013150000000000661,-0.07244999999999994,0.07369999999999997,-0.03760000000000013,0.00591278076171875,0.3675518035888672,0.2847719192504883,-0.01239776611328125,0.01354217529296875,0.06656742095947266,0.021978378295898438,-0.17142868041992188,0.0043964385986328125,-0.120880126953125,0.20878982543945312,-0.010990142822265625,1.1056402587890624,0.2728211975097656,5.729230194091797,1.4033936767578126,0.03913861083984375,-0.06150364685058594,-0.00433121923828125,0.002950803588867179,-0.002453080749511727,-0.0028027661132812506,-0.002829824707031251,0.002824420959472662,
275,331377.340969215,0.011063,0.364025,0.287092,-0.010329,0.017119,0.063362,0.083,-0.05840000000000012,-0.013499999999999623,-0.07435000000000003,0.07569999999999989,-0.038599999999999746,0.00629425048828125,0.3667888641357422,0.2847719192504883,-0.01316070556640625,0.01430511474609375,0.06656742095947266,0.021978378295898438,-0.07472610473632812,0.0043964385986328125,-0.120880126953125,0.23077011108398438,-0.03296661376953125,0.6748715209960936,-0.24410278320312498,5.729230194091797,1.4033936767578126,0.01677357482910156,-0.06523101806640624,-0.00476874951171875,0.0027638641357422,-0.0023200807495117326,-0.0028317055664062504,-0.002813885253906249,0.0032054209594726546,
276,331377.350967953,0.011904,0.363433,0.286955,-0.011082,0.017886,0.062971,0.08514999999999998,-0.05989999999999884,-0.013850000000001361,-0.07625000000000001,0.07765000000000011,-0.03960000000000005,0.00667572021484375,0.3667888641357422,0.2847719192504883,-0.01354217529296875,0.01506805419921875,0.06656742095947266,0.03956031799316406,0.0043964385986328125,-0.0043964385986328125,-0.09889984130859375,0.0549468994140625,-0.010990142822265625,0.21538436889648435,-0.5600016021728514,5.614356536865234,1.3996663055419922,0.005591461181640625,-0.07268576049804687,-0.00522827978515625,0.0033558641357421815,-0.0021830807495117344,-0.00246017529296875,-0.002817945800781249,0.003596420959472657,
277,331377.361006525,0.012766,0.362827,0.286815,-0.011854,0.018672,0.06257,0.08720000000000004,-0.06135000000000168,-0.014200000000000323,-0.07815000000000001,0.07950000000000006,-0.04054999999999996,0.00705718994140625,0.3667888641357422,0.2847719192504883,-0.01430511474609375,0.01544952392578125,0.06618595123291016,0.03076934814453125,-0.013187408447265625,-0.0043964385986328125,-0.07692337036132812,0.03296661376953125,-0.03296661376953125,0.7897451782226562,-0.21538436889648435,5.643074951171874,1.388483383178711,0.0279556884765625,-0.07641313171386718,-0.00570881005859375,0.003961864135742177,-0.0020430807495117054,-0.00245111474609375,-0.003222476074218751,0.0036159512329101556,
278,331377.370967005,0.013648,0.362206,0.286671,-0.012645,0.019476,0.06216,0.08920000000000004,-0.06280000000000174,-0.014599999999997948,-0.07994999999999998,0.08129999999999994,-0.04145000000000017,0.00743865966796875,0.3664073944091797,0.2847719192504883,-0.01468658447265625,0.01544952392578125,0.06618595123291016,0.03076934814453125,-0.021978378295898438,0.03076934814453125,-0.0549468994140625,0.010990142822265625,-0.03296661376953125,0.5025647735595702,-0.2728211975097656,5.585638122558593,1.3735738983154298,0.06895838928222656,-0.08386787414550781,-0.00620934033203125,0.004201394409179715,-0.001899080749511728,-0.00204158447265625,-0.00402647607421875,0.004025951232910156,
279,331377.380970517,0.01455,0.361571,0.286523,-0.013453,0.020298,0.061741,0.09119999999999996,-0.06419999999999759,-0.014900000000001024,-0.0817,0.08310000000000001,-0.042400000000000077,0.00782012939453125,0.3660259246826172,0.2847719192504883,-0.01506805419921875,0.01621246337890625,0.06618595123291016,0.03076934814453125,-0.0659332275390625,-0.0043964385986328125,-0.0549468994140625,0.120880126953125,-0.03296661376953125,0.7610267639160155,0.01435920715332031,5.643074951171874,1.347481491088867,0.06895838928222656,-0.08759524536132812,-0.00672987060546875,0.004454924682617212,-0.0017510807495117464,-0.0016150541992187503,-0.00408553662109375,0.004444951232910159,
280,331377.390971966,0.015472,0.360922,0.286373,-0.014279,0.021138,0.061312,0.09309999999999995,-0.06554999999999755,-0.015200000000001324,-0.08345000000000001,0.08485000000000002,-0.043299999999999936,0.00820159912109375,0.3656444549560547,0.2847719192504883,-0.01544952392578125,0.01735687255859375,0.06618595123291016,0.03956031799316406,-0.05714225769042969,0.013187408447265625,-0.09889984130859375,0.1868133544921875,-0.010990142822265625,1.2492323303222654,-0.33025802612304683,5.700511779785155,1.3400267486572266,0.054048095703125,-0.09132342529296875,-0.00727040087890625,0.004722454956054667,-0.0016010807495117074,-0.00117052392578125,-0.0037811274414062505,0.004873951232910158,
281,331377.400969111,0.016412,0.36026,0.286219,-0.015122,0.021995,0.060875,0.09490000000000001,-0.06685000000000163,-0.015499999999998848,-0.08509999999999993,0.08654999999999999,-0.04415000000000009,0.00896453857421875,0.3648815155029297,0.2847719192504883,-0.01544952392578125,0.01850128173828125,0.06618595123291016,0.0659332275390625,-0.03076934814453125,-0.013187408447265625,0.010990142822265625,0.09889984130859375,-0.010990142822265625,1.0769218444824218,-0.1866659545898437,5.556919708251952,1.3176617126464842,0.0279556884765625,-0.09877816772460937,-0.0074474614257812495,0.004621515502929663,-0.00144708074951172,-0.00032752392578125,-0.0034937182617187507,0.005310951232910158,
282,331377.411011448,0.01737,0.359585,0.286063,-0.015981,0.022869,0.060429,0.09665000000000003,-0.06815000000000015,-0.015799999999999148,-0.08664999999999992,0.08809999999999998,-0.0449999999999999,0.01049041748046875,0.3645000457763672,0.2847719192504883,-0.01583099365234375,0.01926422119140625,0.06580448150634766,0.1362628936767578,-0.03956031799316406,-0.0043964385986328125,-0.07692337036132812,0.09889984130859375,-0.03296661376953125,0.8758966827392577,-0.1866659545898437,5.528208770751952,1.295296676635742,0.03168386840820312,-0.10250553894042969,-0.00687958251953125,0.0049150457763671995,-0.0012910807495117305,0.00015000634765624868,-0.0036047788085937504,0.00537548150634766,
283,331377.420967816,0.018345,0.358897,0.285903,-0.016855,0.023757,0.059975,0.09829999999999994,-0.06929999999999992,-0.016099999999999448,-0.08809999999999998,0.08959999999999992,-0.04574999999999996,0.01125335693359375,0.3641185760498047,0.2847719192504883,-0.01621246337890625,0.01964569091796875,0.06580448150634766,0.09230804443359375,-0.048351287841796875,-0.013187408447265625,-0.03296661376953125,0.0549468994140625,-0.03296661376953125,0.646153106689453,-0.5025647735595702,5.528208770751952,1.2915693054199218,0.05032072448730469,-0.10250553894042969,-0.00709164306640625,0.005221576049804666,-0.001131080749511737,0.0006425366210937485,-0.00411130908203125,0.005829481506347656,
284,331377.430971771,0.019336,0.358199,0.285741,-0.017743,0.024661,0.059514,0.09984999999999994,-0.07035000000000236,-0.016350000000001086,-0.0895,0.09104999999999998,-0.046449999999999964,0.01201629638671875,0.3637371063232422,0.2847719192504883,-0.01659393310546875,0.02079010009765625,0.06580448150634766,0.03076934814453125,-0.03076934814453125,-0.0043964385986328125,-0.09889984130859375,0.20878982543945312,-0.03296661376953125,1.1056402587890624,-0.5025647735595702,5.643074951171874,1.2915693054199218,0.046593353271484374,-0.10996028137207031,-0.007319703613281249,0.005538106323242198,-0.0009690807495117415,0.0011490668945312484,-0.003870899902343749,0.006290481506347659,
285,331377.440973681,0.020342,0.35749,0.285576,-0.018645,0.025578,0.059046,0.10135000000000005,-0.07139999999999924,-0.016599999999999948,-0.09080000000000008,0.09240000000000012,-0.04714999999999997,0.01277923583984375,0.3637371063232422,0.2847719192504883,-0.01735687255859375,0.02269744873046875,0.06542301177978516,0.08351707458496094,-0.03076934814453125,0.0043964385986328125,-0.120880126953125,0.20878982543945312,-0.07692337036132812,1.0769218444824218,-0.1866659545898437,5.355898284912109,1.3027514190673828,0.01304620361328125,-0.10623291015625,-0.007562764160156249,0.006247106323242213,-0.0008040807495117153,0.0012881274414062484,-0.00288055126953125,0.006377011779785155,
286,331377.45093539,0.021363,0.356771,0.285409,-0.019559,0.026509,0.058571,0.10270000000000001,-0.07239999999999747,-0.01684999999999881,-0.09200000000000007,0.09364999999999998,-0.04775000000000022,0.01392364501953125,0.3633556365966797,0.2847719192504883,-0.01888275146484375,0.02269744873046875,0.06542301177978516,0.05714225769042969,-0.03076934814453125,0.013187408447265625,-0.25274658203125,-0.010990142822265625,-0.03296661376953125,-0.01435920715332031,-0.1866659545898437,5.499490356445311,1.336298568725586,0.024228317260742187,-0.10996028137207031,-0.00743935498046875,0.006584636596679683,-0.0006370807495117425,0.00067624853515625,-0.0038115512695312513,0.006852011779785158,
287,331377.460973011,0.022396,0.356042,0.285239,-0.020485,0.027451,0.058091,0.10395000000000004,-0.07330000000000114,-0.017100000000000448,-0.09315,0.09474999999999986,-0.04834999999999978,0.01506805419921875,0.3629741668701172,0.2847719192504883,-0.02040863037109375,0.02269744873046875,0.06466007232666016,0.11868095397949219,-0.03076934814453125,-0.03076934814453125,-0.23077011108398438,0.010990142822265625,-0.09889984130859375,0.933333511352539,-0.732308349609375,5.786667022705077,1.3661183471679688,0.054048095703125,-0.10623291015625,-0.007327945800781249,0.006932166870117162,-0.00046708074951173906,7.636962890624974e-05,-0.00475355126953125,0.0065690723266601594,
288,331377.470968101,0.023442,0.355305,0.285067,-0.021422,0.028404,0.057604,0.10515000000000004,-0.0741500000000006,-0.017300000000000648,-0.09425000000000006,0.09584999999999992,-0.04894999999999969,0.01697540283203125,0.3629741668701172,0.2847719192504883,-0.02193450927734375,0.02307891845703125,0.06389713287353516,0.1802196502685547,-0.03076934814453125,-0.013187408447265625,-0.23077011108398438,0.010990142822265625,-0.1868133544921875,0.5600016021728514,-0.9046150970458983,5.556919708251952,1.3996663055419922,0.10623291015625,-0.08759524536132812,-0.006466597167968751,0.0076691668701172055,-0.0002950807495117336,-0.0005125092773437499,-0.005325081542968749,0.006293132873535154,
289,331377.480970634,0.024499,0.354559,0.284893,-0.02237,0.029368,0.057112,0.10624999999999991,-0.07494999999999863,-0.01744999999999941,-0.09519999999999997,0.09680000000000001,-0.04945000000000019,0.01811981201171875,0.3625926971435547,0.2843904495239258,-0.02384185791015625,0.02384185791015625,0.062371253967285156,0.10988998413085938,-0.03076934814453125,-0.013187408447265625,-0.2967033386230469,0.120880126953125,-0.1868133544921875,0.6174346923828123,-0.8471782684326171,5.470771942138671,1.4183031616210937,0.10250553894042969,-0.06150364685058594,-0.00637918798828125,0.008033697143554674,-0.0005025504760742261,-0.001471857910156249,-0.005526142089843748,0.005259253967285153,
290,331377.490973463,0.025567,0.353806,0.284718,-0.023326,0.03034,0.056615,0.10725000000000005,-0.07560000000000067,-0.017600000000000948,-0.0961,0.09770000000000022,-0.049949999999999994,0.01926422119140625,0.3618297576904297,0.2843904495239258,-0.02498626708984375,0.02498626708984375,0.061989784240722656,0.1362628936767578,-0.08351707458496094,-0.0043964385986328125,-0.27472686767578125,0.1868133544921875,-0.120880126953125,0.7035899353027343,-0.33025802612304683,5.671793365478515,1.4369408264160155,0.07268576049804687,-0.06523101806640624,-0.0063027788085937494,0.008023757690429678,-0.00032755047607424537,-0.0016602670898437505,-0.005353732910156249,0.005374784240722658,
291,331377.500970858,0.026644,0.353047,0.284541,-0.024292,0.031322,0.056113,0.10810000000000003,-0.07624999999999993,-0.017800000000001148,-0.09694999999999998,0.09855000000000003,-0.05035000000000005,0.02040863037109375,0.3606853485107422,0.2843904495239258,-0.02765655517578125,0.02613067626953125,0.061989784240722656,0.09230804443359375,-0.14505577087402344,-0.03956031799316406,-0.27472686767578125,0.120880126953125,-0.03296661376953125,0.1292291259765625,-0.01435920715332031,5.528208770751952,1.474215347290039,0.06150364685058594,-0.09132342529296875,-0.006235369628906251,0.007638348510742188,-0.00015055047607420713,-0.003364555175781249,-0.005191323730468753,0.005876784240722653,
292,331377.510967698,0.027729,0.352281,0.284362,-0.025265,0.032311,0.055608,0.10889999999999997,-0.07685000000000053,-0.01794999999999991,-0.09764999999999999,0.09925000000000003,-0.05070000000000005,0.02117156982421875,0.3587779998779297,0.2843904495239258,-0.02918243408203125,0.02651214599609375,0.061226844787597656,0.09230804443359375,-0.25054931640625,-0.013187408447265625,-0.25274658203125,0.03296661376953125,-0.07692337036132812,1.2205139160156249,0.24410278320312498,5.614356536865234,1.5077624969482422,0.09505079650878906,-0.09505079650878906,-0.00655743017578125,0.006496999877929677,2.8449523925777598e-05,-0.003917434082031251,-0.0057988540039062494,0.0056188447875976585,
293,331377.520971626,0.028822,0.35151,0.284182,-0.026245,0.033307,0.055099,0.10959999999999998,-0.07729999999999959,-0.01805000000000001,-0.09825000000000007,0.09989999999999999,-0.051050000000000054,0.02231597900390625,0.3568706512451172,0.2840089797973633,-0.03070831298828125,0.02651214599609375,0.060845375061035156,0.127471923828125,-0.1890106201171875,-0.03076934814453125,-0.25274658203125,0.03296661376953125,-0.14285659790039062,0.07179603576660155,0.07179603576660155,5.41333511352539,1.5077624969482422,0.11368765258789063,-0.08759524536132812,-0.00650602099609375,0.005360651245117198,-0.00017302020263670892,-0.004463312988281249,-0.006794854003906253,0.005746375061035154,
294,331377.530967726,0.029921,0.350735,0.284001,-0.02723,0.034309,0.054587,0.11020000000000005,-0.07774999999999865,-0.018099999999998673,-0.09879999999999993,0.10044999999999984,-0.05129999999999996,0.02346038818359375,0.3549633026123047,0.2840089797973633,-0.032998085021972656,0.02765655517578125,0.059700965881347656,0.1362628936767578,-0.14505577087402344,-0.013187408447265625,-0.34066009521484375,0.14285659790039062,-0.16483688354492188,0.445127944946289,-0.10051445007324217,5.470771942138671,1.5226727905273436,0.1323253173828125,-0.06150364685058594,-0.00646061181640625,0.0042283026123046685,7.979797363277807e-06,-0.0057680850219726555,-0.006652444824218749,0.00511396588134766,
295,331377.54241271,0.031026,0.349955,0.28382,-0.028221,0.035316,0.054073,0.1107499999999999,-0.07815000000000183,-0.01820000000000155,-0.0992999999999999,0.10095,-0.05154999999999986,0.02460479736328125,0.3538188934326172,0.2840089797973633,-0.034905433654785156,0.02994537353515625,0.058556556701660156,0.09230804443359375,-0.05714225769042969,-0.021978378295898438,-0.25274658203125,0.23077011108398438,-0.120880126953125,0.9907703399658202,0.1292291259765625,5.298461456298828,1.5450370178222657,0.05777546691894531,-0.05032072448730469,-0.0064212026367187515,0.0038638934326171714,0.00018897979736326453,-0.006684433654785157,-0.00537062646484375,0.004483556701660153,
296,331377.551008272,0.032136,0.349172,0.283637,-0.029216,0.036328,0.053556,0.11114999999999996,-0.07845000000000213,-0.01830000000000165,-0.09965000000000009,0.10135000000000005,-0.05175000000000006,0.02574920654296875,0.3538188934326172,0.2840089797973633,-0.036049842834472656,0.03108978271484375,0.058556556701660156,0.07472610473632812,-0.021978378295898438,-0.0043964385986328125,-0.23077011108398438,0.1868133544921875,-0.03296661376953125,0.6174346923828123,0.01435920715332031,5.442053527832031,1.559947311401367,0.05032072448730469,-0.06895838928222656,-0.006386793457031248,0.004646893432617205,0.00037197979736330877,-0.006833842834472657,-0.005238217285156249,0.005000556701660157,
297,331377.561011641,0.033249,0.348386,0.283454,-0.030214,0.037343,0.053038,0.11150000000000014,-0.07869999999999822,-0.018349999999997535,-0.10000000000000009,0.10165,-0.05189999999999986,0.02651214599609375,0.3534374237060547,0.2840089797973633,-0.037194252014160156,0.032235145568847656,0.058556556701660156,0.10109901428222656,-0.013187408447265625,-0.021978378295898438,-0.20878982543945312,0.120880126953125,-0.010990142822265625,0.6174346923828123,-0.33025802612304683,5.700511779785155,1.526400161743164,0.054048095703125,-0.09505079650878906,-0.006736854003906251,0.005051423706054714,0.0005549797973632975,-0.006980252014160155,-0.005107854431152345,0.0055185567016601544,
298,331377.570971629,0.034366,0.347598,0.28327,-0.031216,0.038361,0.052518,0.11175000000000004,-0.07884999999999975,-0.01845000000000041,-0.10019999999999976,0.10184999999999986,-0.05199999999999996,0.02727508544921875,0.3534374237060547,0.2836275100708008,-0.037957191467285156,0.032235145568847656,0.058175086975097656,0.09230804443359375,-0.021978378295898438,-0.03076934814453125,-0.120880126953125,0.03296661376953125,-0.03296661376953125,0.7610267639160155,-0.7035899353027343,5.643074951171874,1.5077624969482422,0.08386787414550781,-0.09877816772460937,-0.007090914550781251,0.005839423706054669,0.00035751007080075947,-0.0067411914672851556,-0.006125854431152343,0.005657086975097654,
299,331377.581009178,0.035484,0.346809,0.283085,-0.032218,0.03938,0.051998,0.1118499999999998,-0.07894999999999985,-0.01845000000000041,-0.10030000000000004,0.10194999999999996,-0.05205000000000001,0.02880096435546875,0.3530559539794922,0.2836275100708008,-0.038338661193847656,0.034142494201660156,0.057793617248535156,0.15384674072265625,-0.03956031799316406,-0.0043964385986328125,-0.0549468994140625,0.23077011108398438,-0.07692337036132812,0.646153106689453,-0.3015396118164062,5.355898284912109,1.4593058624267579,0.0801405029296875,-0.09505079650878906,-0.006683035644531252,0.006246953979492209,0.0005425100708008057,-0.00612066119384766,-0.005237505798339842,0.005795617248535154,
300,331377.591007595,0.036603,0.346019,0.282901,-0.033222,0.0404,0.051477,0.11189999999999985,-0.07899999999999852,-0.018399999999998973,-0.10040000000000014,0.10200000000000001,-0.05210000000000006,0.03032684326171875,0.3526744842529297,0.2836275100708008,-0.038338661193847656,0.035286903381347656,0.057412147521972656,0.127471923828125,-0.07472610473632812,0.013187408447265625,-0.0549468994140625,0.20878982543945312,-0.07692337036132812,0.2728211975097656,-0.5600016021728514,5.671793365478515,1.4183031616210937,0.06523101806640624,-0.08759524536132812,-0.006276156738281247,0.0066554842529296665,0.0007265100708007677,-0.005116661193847655,-0.005113096618652342,0.005935147521972654,
301,331377.600963006,0.037722,0.345229,0.282717,-0.034226,0.04142,0.050956,0.1119000000000002,-0.07894999999999985,-0.01840000000000175,-0.10030000000000004,0.10194999999999996,-0.05210000000000006,0.03070831298828125,0.3519115447998047,0.2836275100708008,-0.038720130920410156,0.037194252014160156,0.056649208068847656,0.03956031799316406,-0.09230804443359375,-0.013187408447265625,-0.03296661376953125,0.27472686767578125,-0.120880126953125,1.1056402587890624,-0.01435920715332031,5.355898284912109,1.3996663055419922,0.035411239624023434,-0.08386787414550781,-0.007013687011718749,0.006682544799804679,0.0009105100708007852,-0.004494130920410157,-0.004225747985839842,0.005693208068847655,
302,331377.610961647,0.038841,0.34444,0.282533,-0.035228,0.042439,0.050435,0.11175000000000004,-0.07884999999999975,-0.01835000000000031,-0.10014999999999989,0.1018500000000002,-0.05199999999999996,0.031472206115722656,0.3507671356201172,0.2836275100708008,-0.038338661193847656,0.038720130920410156,0.055504798889160156,0.07472610473632812,-0.0659332275390625,0.021978378295898438,0.010990142822265625,0.20878982543945312,-0.1868133544921875,0.7610267639160155,0.07179603576660155,5.2123062133789055,1.3661183471679688,0.020500946044921874,-0.06523101806640624,-0.007368793884277344,0.006327135620117164,0.0010945100708008026,-0.003110661193847654,-0.0037188690795898413,0.005069798889160156,
303,331377.620997815,0.039957,0.343652,0.28235,-0.036229,0.043457,0.049916,0.11150000000000014,-0.07870000000000099,-0.018299999999998873,-0.09999999999999974,0.10165,-0.05189999999999986,0.032235145568847656,0.3500041961669922,0.2836275100708008,-0.038720130920410156,0.038720130920410156,0.055123329162597656,0.08351707458496094,-0.09230804443359375,-0.03076934814453125,-0.03296661376953125,0.07692337036132812,-0.07692337036132812,0.3876911163330078,-0.1579475402832031,5.671793365478515,1.336298568725586,0.0279556884765625,-0.06895838928222656,-0.007721854431152343,0.0063521961669921745,0.0012775100708007914,-0.002491130920410159,-0.004736869079589846,0.005207329162597654,
304,331377.631005968,0.041071,0.342866,0.282167,-0.037228,0.044472,0.049397,0.11120000000000019,-0.07844999999999935,-0.01825000000000021,-0.09970000000000014,0.1013499999999997,-0.05180000000000011,0.033379554748535156,0.3496227264404297,0.2836275100708008,-0.038720130920410156,0.039864540100097656,0.055123329162597656,0.07472610473632812,-0.09230804443359375,-0.013187408447265625,-0.03296661376953125,0.09889984130859375,-0.03296661376953125,1.2492323303222654,-0.043077621459960934,5.355898284912109,1.3288438262939453,0.05777546691894531,-0.08386787414550781,-0.007691445251464847,0.006756726440429683,0.00146051007080078,-0.001492130920410159,-0.004607459899902341,0.005726329162597653,
305,331377.64100924,0.042181,0.342083,0.281985,-0.038223,0.045484,0.04888,0.11074999999999974,-0.07814999999999905,-0.018199999999998773,-0.09935000000000013,0.10095,-0.05160000000000026,0.034142494201660156,0.3484783172607422,0.2836275100708008,-0.039483070373535156,0.041008949279785156,0.055123329162597656,0.08351707458496094,-0.10988998413085938,-0.0043964385986328125,-0.120880126953125,0.16483688354492188,0.010990142822265625,0.9046150970458983,-0.1292291259765625,5.2123062133789055,1.3400267486572266,0.054048095703125,-0.10250553894042969,-0.008038505798339847,0.0063953172607421616,0.0016425100708007956,-0.0012600703735351562,-0.00447505072021484,0.006243329162597656,
306,331377.650996149,0.043286,0.341303,0.281803,-0.039215,0.046491,0.048365,0.11019999999999988,-0.07780000000000009,-0.01815000000000011,-0.09890000000000003,0.10045000000000019,-0.05135000000000001,0.035286903381347656,0.3473339080810547,0.2836275100708008,-0.040627479553222656,0.042534828186035156,0.054741859436035156,0.127471923828125,-0.15384674072265625,0.0043964385986328125,-0.14285659790039062,0.1868133544921875,-0.0549468994140625,0.7610267639160155,0.3589727020263671,5.355898284912109,1.3623909759521484,0.046593353271484374,-0.10623291015625,-0.007999096618652342,0.0060309080810546645,0.0018245100708007556,-0.0014124795532226564,-0.003956171813964841,0.006376859436035158,
307,331377.660995135,0.044385,0.340527,0.281622,-0.040201,0.047493,0.047853,0.10959999999999998,-0.07735000000000103,-0.01805000000000001,-0.09830000000000012,0.09989999999999999,-0.051050000000000054,0.036431312561035156,0.3450450897216797,0.2836275100708008,-0.041771888732910156,0.044060707092285156,0.054360389709472656,0.05714225769042969,-0.23296737670898438,-0.0043964385986328125,-0.23077011108398438,0.23077011108398438,-0.0549468994140625,0.9620519256591795,-0.21538436889648435,5.355898284912109,1.3922107543945312,0.0279556884765625,-0.10250553894042969,-0.007953687438964845,0.004518089721679663,0.002005510070800798,-0.0015708887329101556,-0.0034322929077148442,0.0065073897094726565,
308,331377.671011187,0.045478,0.339756,0.281442,-0.041181,0.048489,0.047344,0.10889999999999997,-0.07685000000000053,-0.017899999999998473,-0.09764999999999982,0.09925000000000003,-0.05070000000000005,0.037194252014160156,0.3439006805419922,0.2836275100708008,-0.043297767639160156,0.045586585998535156,0.053597450256347656,0.09230804443359375,-0.1802196502685547,-0.0043964385986328125,-0.27472686767578125,0.1868133544921875,-0.14285659790039062,1.134358673095703,0.33025802612304683,5.355898284912109,1.4369408264160155,0.005591461181640625,-0.09877816772460937,-0.008283747985839841,0.004144680541992185,0.0021855100708007558,-0.002116767639160154,-0.002902414001464841,0.006253450256347659,
309,331377.680962969,0.046563,0.33899,0.281264,-0.042154,0.049478,0.046839,0.10810000000000021,-0.07630000000000137,-0.017750000000002486,-0.09694999999999981,0.09855000000000003,-0.0503,0.037957191467285156,0.3423738479614258,0.2836275100708008,-0.044823646545410156,0.045205116271972656,0.053215980529785156,0.09230804443359375,-0.10109901428222656,-0.021978378295898438,-0.20878982543945312,0.010990142822265625,-0.07692337036132812,1.2779470062255858,0.07179603576660155,5.384616699218749,1.4406681976318358,0.03168386840820312,-0.08759524536132812,-0.008605808532714844,0.0033838479614257677,0.0023635100708007672,-0.0026696465454101592,-0.004272883728027345,0.0063769805297851576,
310,331377.690962808,0.04764,0.33823,0.281087,-0.04312,0.05046,0.046338,0.10725000000000005,-0.07560000000000067,-0.017600000000000948,-0.09615000000000005,0.09774999999999992,-0.049899999999999944,0.039101600646972656,0.3419923782348633,0.2832460403442383,-0.045968055725097656,0.045205116271972656,0.052071571350097656,0.10109901428222656,-0.048351287841796875,-0.013187408447265625,-0.1868133544921875,-0.03296661376953125,-0.16483688354492188,1.1056402587890624,-0.1579475402832031,5.41333511352539,1.4443955688476562,0.09505079650878906,-0.07641313171386718,-0.008538399353027346,0.003762378234863306,0.0021590403442383055,-0.0028480557250976576,-0.005254883728027342,0.005733571350097659,
311,331377.700998073,0.048708,0.337478,0.280912,-0.044077,0.051433,0.045841,0.10624999999999975,-0.07489999999999997,-0.01744999999999941,-0.0952500000000002,0.09685000000000006,-0.04944999999999984,0.040246009826660156,0.3416109085083008,0.2832460403442383,-0.047112464904785156,0.045586585998535156,0.051308631896972656,0.14505577087402344,-0.0659332275390625,-0.013187408447265625,-0.20878982543945312,0.0549468994140625,-0.07692337036132812,0.7035899353027343,0.01435920715332031,5.327179870605469,1.4369408264160155,0.12114320373535156,-0.07268576049804687,-0.008461990173339845,0.004132908508300781,0.002334040344238286,-0.003035464904785158,-0.005846414001464843,0.0054676318969726564,
312,331377.711008872,0.049765,0.336732,0.280738,-0.045025,0.052397,0.045349,0.10515000000000004,-0.0741500000000006,-0.017300000000000648,-0.09425000000000024,0.0958500000000001,-0.048950000000000035,0.042534828186035156,0.3408479690551758,0.2832460403442383,-0.047875404357910156,0.047112464904785156,0.051308631896972656,0.25054931640625,-0.07472610473632812,-0.013187408447265625,-0.09889984130859375,0.23077011108398438,-0.0549468994140625,0.41640953063964836,-0.3015396118164062,5.327179870605469,1.4183031616210937,0.08386787414550781,-0.09132342529296875,-0.0072301718139648405,0.0041159690551758055,0.0025080403442382937,-0.0028504043579101537,-0.005284535095214843,0.005959631896972656,
313,331377.72096307,0.050811,0.335995,0.280566,-0.045962,0.05335,0.044862,0.10395000000000022,-0.07329999999999837,-0.01704999999999901,-0.09314999999999983,0.09480000000000009,-0.04840000000000018,0.044442176818847656,0.3397035598754883,0.2832460403442383,-0.048638343811035156,0.048638343811035156,0.051308631896972656,0.1362628936767578,-0.07472610473632812,-0.0043964385986328125,-0.14285659790039062,0.20878982543945312,0.010990142822265625,0.6174346923828123,0.41640953063964836,5.355898284912109,1.4033936767578126,0.046593353271484374,-0.10996028137207031,-0.006368823181152346,0.003708559875488293,0.002680040344238299,-0.0026763438110351534,-0.004711656188964845,0.006446631896972657,
314,331377.730962887,0.051844,0.335266,0.280397,-0.046888,0.054293,0.044381,0.10270000000000001,-0.07240000000000024,-0.01684999999999881,-0.09204999999999977,0.09364999999999998,-0.047799999999999926,0.045205116271972656,0.3389406204223633,0.2832460403442383,-0.048638343811035156,0.049019813537597656,0.051308631896972656,0.0659332275390625,-0.08351707458496094,-0.013187408447265625,0.010990142822265625,0.09889984130859375,-0.0549468994140625,0.933333511352539,0.1579475402832031,5.154869384765624,1.3661183471679688,0.06150364685058594,-0.11741502380371094,-0.006638883728027345,0.003674620422363273,0.002849040344238274,-0.0017503438110351571,-0.005273186462402345,0.006927631896972659,
315,331377.740965948,0.052865,0.334547,0.280229,-0.047803,0.055223,0.043906,0.10135000000000005,-0.07139999999999924,-0.016650000000001386,-0.09079999999999991,0.09235000000000007,-0.04714999999999997,0.045586585998535156,0.3385591506958008,0.2832460403442383,-0.049401283264160156,0.049401283264160156,0.050545692443847656,0.03956031799316406,-0.03076934814453125,-0.0043964385986328125,-0.09889984130859375,0.010990142822265625,-0.07692337036132812,1.5651274108886717,-0.5887162780761718,5.154869384765624,1.347481491088867,0.08759524536132812,-0.10996028137207031,-0.007278414001464846,0.004012150695800798,0.0030170403442382754,-0.001598283264160158,-0.005821716735839845,0.006639692443847656,
316,331377.750963498,0.053871,0.333838,0.280064,-0.048704,0.05614,0.043438,0.09984999999999994,-0.07034999999999958,-0.016399999999999748,-0.08944999999999995,0.09104999999999981,-0.046449999999999964,0.045968055725097656,0.3381776809692383,0.2832460403442383,-0.049782752990722656,0.049782752990722656,0.050545692443847656,0.048351287841796875,0.0043964385986328125,-0.013187408447265625,-0.07692337036132812,0.03296661376953125,-0.03296661376953125,0.1292291259765625,-0.1866659545898437,5.126150970458983,1.347481491088867,0.12487057495117188,-0.12114320373535156,-0.007902944274902346,0.004339680969238258,0.0031820403442383016,-0.001078752990722659,-0.006357247009277346,0.007107692443847659,
317,331377.760996104,0.054862,0.33314,0.279901,-0.049592,0.057044,0.042977,0.09829999999999978,-0.06925000000000125,-0.01614999999999811,-0.08805000000000028,0.08959999999999975,-0.04574999999999996,0.047112464904785156,0.3381776809692383,0.2832460403442383,-0.050164222717285156,0.050545692443847656,0.050545692443847656,0.1362628936767578,-0.013187408447265625,0.0043964385986328125,-0.09889984130859375,0.120880126953125,-0.010990142822265625,0.3015396118164062,0.07179603576660155,5.528208770751952,1.347481491088867,0.12114320373535156,-0.1285979461669922,-0.007749535095214845,0.0050376809692382896,0.0033450403442382703,-0.0005722227172851591,-0.006498307556152341,0.007568692443847655,
318,331377.770998469,0.055837,0.332453,0.279741,-0.050465,0.057932,0.042523,0.09669999999999991,-0.06805000000000005,-0.015850000000000586,-0.08655000000000017,0.08809999999999998,-0.0449999999999999,0.048638343811035156,0.3377962112426758,0.2832460403442383,-0.051308631896972656,0.052071571350097656,0.050545692443847656,0.17142868041992188,-0.05714225769042969,-0.013187408447265625,-0.14285659790039062,0.20878982543945312,-0.03296661376953125,0.4738463592529296,-0.10051445007324217,5.327179870605469,1.3549362335205077,0.08386787414550781,-0.1323253173828125,-0.0071986561889648415,0.005343211242675783,0.003505040344238264,-0.0008436318969726533,-0.005860428649902341,0.008022692443847658,
319,331377.780962802,0.056796,0.331779,0.279584,-0.051323,0.058806,0.042077,0.09495000000000024,-0.06680000000000019,-0.015550000000000286,-0.085,0.08655000000000017,-0.044149999999999745,0.049782752990722656,0.3374147415161133,0.2832460403442383,-0.052071571350097656,0.053215980529785156,0.050164222717285156,0.09230804443359375,-0.05714225769042969,-0.0043964385986328125,-0.14285659790039062,0.120880126953125,-0.0549468994140625,0.1579475402832031,-0.01435920715332031,5.269743041992187,1.3661183471679688,0.06895838928222656,-0.1285979461669922,-0.007013247009277343,0.005635741516113291,0.003662040344238282,-0.0007485713500976557,-0.005590019470214841,0.008087222717285153,
320,331377.790961893,0.057736,0.331117,0.27943,-0.052165,0.059663,0.04164,0.09305000000000008,-0.06549999999999889,-0.015249999999999986,-0.08335000000000009,0.0848500000000002,-0.04325000000000023,0.050927162170410156,0.3366518020629883,0.2828645706176758,-0.053215980529785156,0.053597450256347656,0.049782752990722656,0.0659332275390625,-0.021978378295898438,-0.021978378295898438,-0.16483688354492188,0.07692337036132812,-0.07692337036132812,0.646153106689453,-0.1579475402832031,5.068721618652343,1.3773012695312499,0.08759524536132812,-0.1285979461669922,-0.006808837829589846,0.005534802062988287,0.0034345706176757695,-0.0010509805297851532,-0.0060655497436523445,0.008142752990722653,
321,331377.800966112,0.058657,0.330469,0.279279,-0.05299,0.060503,0.041212,0.09114999999999991,-0.06410000000000027,-0.015000000000001124,-0.08159999999999973,0.08309999999999984,-0.042400000000000077,0.051308631896972656,0.3362703323364258,0.2828645706176758,-0.054360389709472656,0.053978919982910156,0.049019813537597656,0.021978378295898438,-0.021978378295898438,0.0043964385986328125,-0.20878982543945312,0.07692337036132812,-0.14285659790039062,0.8184598541259764,-0.445127944946289,4.838974304199218,1.3847560119628906,0.11368765258789063,-0.11741502380371094,-0.0073483681030273446,0.0058013323364257685,0.0035855706176757818,-0.0013703897094726539,-0.006524080017089845,0.007807813537597658,
322,331377.810961766,0.059559,0.329835,0.27913,-0.053797,0.061325,0.040792,0.08920000000000004,-0.06270000000000164,-0.014649999999999386,-0.07974999999999996,0.08129999999999978,-0.04149999999999987,0.051690101623535156,0.3358888626098633,0.2828645706176758,-0.055504798889160156,0.055123329162597656,0.048256874084472656,0.05714225769042969,-0.05714225769042969,-0.013187408447265625,-0.20878982543945312,0.120880126953125,-0.14285659790039062,0.9620519256591795,-0.1579475402832031,5.241024627685546,1.3996663055419922,0.12114320373535156,-0.10250553894042969,-0.007868898376464845,0.006053862609863292,0.003734570617675792,-0.0017077988891601587,-0.006201670837402341,0.007464874084472654,
323,331377.820995718,0.060441,0.329215,0.278986,-0.054585,0.062129,0.040382,0.08720000000000012,-0.06130000000000024,-0.014300000000000423,-0.07795000000000024,0.07950000000000006,-0.04050000000000026,0.052834510803222656,0.3351259231567383,0.2828645706176758,-0.057412147521972656,0.056267738342285156,0.047493934631347656,0.07472610473632812,-0.07472610473632812,-0.0043964385986328125,-0.23077011108398438,0.16483688354492188,-0.07692337036132812,0.8184598541259764,0.5600016021728514,5.0112847900390625,1.429486083984375,0.08386787414550781,-0.10623291015625,-0.007606489196777345,0.005910923156738301,0.0038785706176757695,-0.0028271475219726547,-0.0058612616577148405,0.007111934631347655,
324,331377.830963309,0.061303,0.328609,0.278844,-0.055356,0.062915,0.039982,0.08514999999999981,-0.05985000000000018,-0.014000000000000123,-0.07614999999999983,0.07765000000000029,-0.03955,0.053978919982910156,0.3347444534301758,0.2828645706176758,-0.058556556701660156,0.057030677795410156,0.047493934631347656,0.16263771057128906,-0.11868095397949219,-0.0043964385986328125,-0.25274658203125,0.120880126953125,-0.010990142822265625,0.4738463592529296,0.1579475402832031,5.355898284912109,1.4518503112792969,0.0801405029296875,-0.12114320373535156,-0.007324080017089847,0.006135453430175797,0.0040205706176758005,-0.003200556701660154,-0.0058843222045898425,0.0075119346313476595,
325,331377.840995231,0.062144,0.328018,0.278706,-0.056108,0.063682,0.039591,0.08300000000000009,-0.05834999999999868,-0.013599999999999723,-0.07419999999999996,0.07570000000000007,-0.038599999999999746,0.055504798889160156,0.3332185745239258,0.2828645706176758,-0.059700965881347656,0.057793617248535156,0.047493934631347656,0.11868095397949219,-0.20659255981445312,-0.013187408447265625,-0.16483688354492188,0.09889984130859375,-0.03296661376953125,0.1866659545898437,-0.1866659545898437,5.0112847900390625,1.4667606048583983,0.08386787414550781,-0.13605268859863281,-0.006639201110839842,0.005200574523925805,0.004158570617675772,-0.003592965881347658,-0.005888382751464846,0.007902934631347655,
326,331377.85096253,0.062963,0.327442,0.278572,-0.05684,0.064429,0.03921,0.08079999999999997,-0.05679999999999852,-0.013250000000000761,-0.07225000000000009,0.07370000000000015,-0.03760000000000013,0.056267738342285156,0.3316926956176758,0.2824831008911133,-0.060463905334472656,0.058556556701660156,0.047493934631347656,0.08351707458496094,-0.1362628936767578,-0.03076934814453125,-0.16483688354492188,0.09889984130859375,-0.03296661376953125,0.7035899353027343,1.048203430175781,5.355898284912109,1.4593058624267579,0.0801405029296875,-0.13978005981445313,-0.006695261657714849,0.00425069561767577,0.003911100891113295,-0.0036239053344726546,-0.005872443298339844,0.008283934631347654,
327,331377.860993822,0.06376,0.326882,0.278441,-0.057553,0.065156,0.038839,0.0785999999999995,-0.05525000000000113,-0.012899999999999023,-0.07029999999999988,0.07165000000000019,-0.036550000000000124,0.057030677795410156,0.3305482864379883,0.2824831008911133,-0.061608314514160156,0.060463905334472656,0.047112464904785156,0.08351707458496094,-0.05714225769042969,-0.03956031799316406,-0.14285659790039062,0.20878982543945312,-0.03296661376953125,-0.1292291259765625,0.07179603576660155,5.040003204345703,1.4593058624267579,0.046593353271484374,-0.13978005981445313,-0.006729322204589841,0.0036662864379882754,0.004042100891113287,-0.004055314514160156,-0.004692094665527349,0.008273464904785158,
328,331377.870994091,0.064535,0.326337,0.278314,-0.058246,0.065862,0.038479,0.07635000000000003,-0.05370000000000097,-0.012499999999998623,-0.06824999999999991,0.06954999999999947,-0.03549999999999977,0.057793617248535156,0.3301668167114258,0.2821016311645508,-0.062371253967285156,0.060845375061035156,0.047112464904785156,0.05714225769042969,-0.048351287841796875,-0.021978378295898438,-0.14285659790039062,0.07692337036132812,-0.010990142822265625,0.6174346923828123,0.10051445007324217,5.470771942138671,1.4593058624267579,0.05777546691894531,-0.15096298217773438,-0.006741382751464839,0.003829816711425793,0.0037876311645507754,-0.004125253967285157,-0.005016624938964848,0.008633464904785157,
329,331377.88096549,0.065287,0.325808,0.278191,-0.058918,0.066547,0.038129,0.07400000000000045,-0.05205000000000071,-0.012149999999999661,-0.06619999999999994,0.06745000000000015,-0.034400000000000056,0.058175086975097656,0.3294038772583008,0.2817201614379883,-0.06275272369384766,0.061226844787597656,0.046730995178222656,0.03956031799316406,-0.0659332275390625,-0.03956031799316406,-0.0549468994140625,0.07692337036132812,-0.07692337036132812,0.33025802612304683,0.1579475402832031,5.41333511352539,1.4332134552001952,0.07641313171386718,-0.14350743103027344,-0.0071119130249023416,0.0035958772583007947,0.0035291614379882597,-0.003834723693847658,-0.005320155212402339,0.008601995178222653,
330,331377.890962505,0.066015,0.325296,0.278071,-0.05957,0.067211,0.037791,0.07160000000000014,-0.05034999999999901,-0.011750000000002037,-0.06409999999999992,0.06530000000000008,-0.033299999999999996,0.058938026428222656,0.3290224075317383,0.2817201614379883,-0.06351566314697266,0.061608314514160156,0.046349525451660156,0.07472610473632812,-0.0659332275390625,-0.013187408447265625,-0.120880126953125,0.03296661376953125,-0.07692337036132812,0.6174346923828123,-0.01435920715332031,5.355898284912109,1.4183031616210937,0.09505079650878906,-0.13978005981445313,-0.007076973571777348,0.003726407531738307,0.0036491614379882686,-0.003945663146972658,-0.005602685485839851,0.008558525451660158,
331,331377.90099754,0.066719,0.324801,0.277956,-0.0602,0.067853,0.037463,0.06914999999999977,-0.048699999999998744,-0.011350000000001637,-0.0619500000000002,0.06304999999999991,-0.03219999999999994,0.059700965881347656,0.3282594680786133,0.2813386917114258,-0.06389713287353516,0.06275272369384766,0.045968055725097656,0.09230804443359375,-0.07472610473632812,-0.013187408447265625,-0.0549468994140625,0.16483688354492188,-0.07692337036132812,1.1056402587890624,0.07179603576660155,4.896411132812499,1.4183031616210937,0.0801405029296875,-0.13978005981445313,-0.007018034118652344,0.003458468078613275,0.0033826917114258004,-0.0036971328735351597,-0.00510027630615234,0.008505055725097653,
332,331377.910965857,0.067398,0.324322,0.277844,-0.060809,0.068472,0.037147,0.06665000000000004,-0.04699999999999982,-0.010949999999998461,-0.05975000000000008,0.06075000000000039,-0.031000000000000125,0.060463905334472656,0.3274965286254883,0.2813386917114258,-0.06389713287353516,0.06389713287353516,0.045586585998535156,0.09230804443359375,-0.048351287841796875,-0.0043964385986328125,-0.03296661376953125,0.16483688354492188,-0.09889984130859375,0.5312831878662109,-0.3015396118164062,5.355898284912109,1.388483383178711,0.046593353271484374,-0.1285979461669922,-0.006934094665527343,0.003174528625488282,0.0034946917114258014,-0.0030881328735351543,-0.004574867126464849,0.008439585998535157,
333,331377.920962585,0.068052,0.323861,0.277737,-0.061395,0.069068,0.036843,0.06410000000000027,-0.04524999999999946,-0.010499999999999399,-0.05749999999999991,0.058449999999999475,-0.029850000000000015,0.061608314514160156,0.3271150588989258,0.2813386917114258,-0.06389713287353516,0.06466007232666016,0.045205116271972656,0.05714225769042969,-0.021978378295898438,-0.03076934814453125,0.010990142822265625,0.09889984130859375,-0.09889984130859375,0.7897451782226562,0.3015396118164062,5.556919708251952,1.3623909759521484,0.03913861083984375,-0.12114320373535156,-0.006443685485839845,0.0032540588989257713,0.0036016917114257696,-0.002502132873535158,-0.004407927673339848,0.008362116271972656,
334,331377.930961321,0.06868,0.323417,0.277634,-0.061959,0.069641,0.03655,0.06149999999999975,-0.04350000000000187,-0.010100000000001774,-0.05525000000000009,0.05604999999999985,-0.028650000000000203,0.061989784240722656,0.3267335891723633,0.2809562683105469,-0.06389713287353516,0.06580448150634766,0.044442176818847656,0.013187408447265625,0.03956031799316406,-0.0043964385986328125,0.010990142822265625,0.120880126953125,-0.120880126953125,0.646153106689453,0.1579475402832031,5.298461456298828,1.347481491088867,0.035411239624023434,-0.10623291015625,-0.006690215759277349,0.0033165891723632712,0.003322268310546883,-0.001938132873535156,-0.0038365184936523383,0.007892176818847657,
335,331377.940961137,0.069282,0.322991,0.277535,-0.0625,0.070189,0.03627,0.058849999999999875,-0.04165000000000141,-0.009699999999998599,-0.05290000000000017,0.053600000000000175,-0.027399999999999994,0.061989784240722656,0.3267335891723633,0.2809562683105469,-0.06389713287353516,0.06618595123291016,0.044060707092285156,0.021978378295898438,0.0043964385986328125,-0.021978378295898438,-0.010990142822265625,0.010990142822265625,-0.0549468994140625,0.9907703399658202,0.445127944946289,5.556919708251952,1.343754119873047,0.046593353271484374,-0.10996028137207031,-0.00729221575927734,0.0037425891723633087,0.003421268310546899,-0.0013971328735351562,-0.004003048767089845,0.0077907070922851596,
336,331377.950964053,0.069857,0.322584,0.27744,-0.063017,0.070713,0.036002,0.05614999999999995,-0.03979999999999817,-0.009249999999999536,-0.05049999999999985,0.05114999999999981,-0.026199999999999835,0.062371253967285156,0.3267335891723633,0.2809562683105469,-0.06466007232666016,0.06694889068603516,0.044060707092285156,0.021978378295898438,-0.0043964385986328125,-0.021978378295898438,-0.120880126953125,0.14285659790039062,-0.010990142822265625,0.8184598541259764,-0.646153106689453,5.355898284912109,1.358663604736328,0.05032072448730469,-0.1285979461669922,-0.007485746032714846,0.004149589172363299,0.003516268310546855,-0.0016430723266601527,-0.003764109313964842,0.008058707092285157,
337,331377.960962757,0.070405,0.322195,0.27735,-0.06351,0.071212,0.035746,0.053399999999999975,-0.03794999999999771,-0.008800000000000474,-0.04809999999999953,0.04865000000000008,-0.024899999999999922,0.06313419342041016,0.3267335891723633,0.2805747985839844,-0.06504154205322266,0.06771183013916016,0.044060707092285156,0.09230804443359375,-0.021978378295898438,-0.03076934814453125,-0.0549468994140625,0.120880126953125,-0.03296661376953125,0.646153106689453,-0.1579475402832031,5.298461456298828,1.3698465270996094,0.03168386840820312,-0.13605268859863281,-0.007270806579589839,0.004538589172363272,0.0032247985839843896,-0.0015315420532226592,-0.0035001698608398413,0.008314707092285156,
338,331377.970962188,0.070925,0.321825,0.277264,-0.063979,0.071686,0.035504,0.0505499999999999,-0.03605000000000136,-0.008349999999998636,-0.04564999999999986,0.04610000000000031,-0.02360000000000001,0.06389713287353516,0.3267335891723633,0.2805747985839844,-0.06580448150634766,0.06809329986572266,0.043679237365722656,0.048351287841796875,0.0043964385986328125,-0.013187408447265625,-0.14285659790039062,0.0549468994140625,-0.0549468994140625,1.1056402587890624,-0.01435920715332031,5.384616699218749,1.3810286407470702,0.03168386840820312,-0.13978005981445313,-0.007027867126464846,0.0049085891723632535,0.0033107985839843646,-0.001825481506347662,-0.0035927001342773435,0.008175237365722655,
339,331377.980962572,0.071416,0.321474,0.277183,-0.064423,0.072134,0.035274,0.047699999999999826,-0.034100000000000796,-0.007899999999999574,-0.04315000000000013,0.04344999999999974,-0.022350000000000148,0.06427860260009766,0.3267335891723633,0.2801933288574219,-0.06656742095947266,0.06847476959228516,0.043679237365722656,0.048351287841796875,-0.021978378295898438,-0.021978378295898438,-0.09889984130859375,-0.010990142822265625,-0.03296661376953125,0.9620519256591795,-0.5025647735595702,5.442053527832031,1.4033936767578126,0.05032072448730469,-0.13978005981445313,-0.007137397399902337,0.005259589172363299,0.0030103288574218623,-0.002144420959472662,-0.0036592304077148474,0.008405237365722656,
340,331377.990998211,0.071879,0.321143,0.277106,-0.064842,0.072555,0.035057,0.044800000000000395,-0.032150000000000234,-0.007450000000000512,-0.04065000000000041,0.040799999999999864,-0.020999999999999838,0.06466007232666016,0.3267335891723633,0.2801933288574219,-0.06694889068603516,0.06847476959228516,0.043679237365722656,0.03956031799316406,0.0043964385986328125,-0.03076934814453125,-0.09889984130859375,-0.010990142822265625,-0.03296661376953125,0.5312831878662109,-0.1866659545898437,5.671793365478515,1.3959381256103516,0.06523101806640624,-0.14350743103027344,-0.007218927673339842,0.0055905891723632695,0.003087328857421856,-0.0021068906860351594,-0.004080230407714838,0.008622237365722658,
341,331378.000966929,0.072312,0.320831,0.277034,-0.065236,0.07295,0.034854,0.04190000000000027,-0.03019999999999967,-0.006950000000000012,-0.03814999999999999,0.03814999999999999,-0.019649999999999876,0.06542301177978516,0.3267335891723633,0.2798118591308594,-0.06733036041259766,0.06847476959228516,0.043679237365722656,0.048351287841796875,0.0043964385986328125,-0.048351287841796875,-0.03296661376953125,0.03296661376953125,-0.03296661376953125,0.445127944946289,-0.33025802612304683,5.585638122558593,1.3773012695312499,0.08759524536132812,-0.14723480224609375,-0.006888988220214845,0.005902589172363304,0.0027778591308593725,-0.002094360412597654,-0.004475230407714845,0.008825237365722653,
342,331378.010962732,0.072717,0.320539,0.276967,-0.065605,0.073318,0.034664,0.0391499999999996,-0.02829999999999777,-0.0065000000000009495,-0.03574999999999967,0.035600000000000215,-0.018400000000000014,0.06618595123291016,0.3267335891723633,0.2794303894042969,-0.06733036041259766,0.06885623931884766,0.043679237365722656,0.10109901428222656,-0.0043964385986328125,-0.048351287841796875,-0.0549468994140625,0.09889984130859375,-0.03296661376953125,0.6174346923828123,-0.1579475402832031,5.241024627685546,1.358663604736328,0.07641313171386718,-0.14723480224609375,-0.006531048767089848,0.006194589172363263,0.0024633894042968563,-0.0017253604125976596,-0.004461760681152338,0.009015237365722656,
343,331378.020962785,0.073095,0.320265,0.276904,-0.065951,0.073662,0.034486,0.03644999999999968,-0.026450000000000085,-0.006050000000001887,-0.033400000000000096,0.03320000000000059,-0.01715000000000015,0.06656742095947266,0.3267335891723633,0.2790489196777344,-0.06733036041259766,0.07000064849853516,0.043679237365722656,0.048351287841796875,-0.013187408447265625,-0.03956031799316406,-0.03296661376953125,0.16483688354492188,-0.0549468994140625,0.41640953063964836,-0.1866659545898437,5.327179870605469,1.347481491088867,0.05032072448730469,-0.15096298217773438,-0.006527579040527337,0.006468589172363259,0.0021449196777343915,-0.0013793604125976605,-0.003661351501464849,0.009193237365722653,
344,331378.030965794,0.073446,0.32001,0.276846,-0.066273,0.073982,0.034321,0.033850000000000546,-0.02465000000000106,-0.005649999999998712,-0.031099999999999878,0.030849999999999628,-0.015949999999999992,0.06733036041259766,0.3263521194458008,0.2786674499511719,-0.06771183013916016,0.07114505767822266,0.043297767639160156,0.048351287841796875,-0.03956031799316406,-0.03076934814453125,-0.03296661376953125,0.0549468994140625,-0.03296661376953125,0.5600016021728514,-0.33025802612304683,5.355898284912109,1.3512088623046874,0.01677357482910156,-0.15096298217773438,-0.006115639587402341,0.006342119445800765,0.001821449951171894,-0.0014388301391601577,-0.00283694232177735,0.008976767639160159,
345,331378.040993782,0.073772,0.319772,0.276791,-0.066573,0.074279,0.034167,0.03145000000000023,-0.022950000000002135,-0.005249999999998312,-0.028850000000000403,0.02859999999999946,-0.014799999999999883,0.06771183013916016,0.3259706497192383,0.2782859802246094,-0.06809329986572266,0.07114505767822266,0.043297767639160156,0.03076934814453125,-0.021978378295898438,0.021978378295898438,-0.09889984130859375,0.010990142822265625,-0.010990142822265625,0.5600016021728514,-0.01435920715332031,5.355898284912109,1.3623909759521484,0.0279556884765625,-0.1546903533935547,-0.006060169860839848,0.0061986497192382806,0.0014949802246093657,-0.001520299865722663,-0.0031339423217773416,0.009130767639160153,
346,331378.050993611,0.074075,0.319551,0.276741,-0.06685,0.074554,0.034025,0.02909999999999996,-0.021250000000000435,-0.004850000000000687,-0.026700000000000335,0.026450000000000085,-0.01370000000000017,0.06809329986572266,0.3255891799926758,0.2779045104980469,-0.06847476959228516,0.07114505767822266,0.043297767639160156,0.013187408447265625,-0.021978378295898438,-0.03956031799316406,-0.120880126953125,-0.010990142822265625,-0.0549468994140625,0.4738463592529296,-0.3015396118164062,5.298461456298828,1.3810286407470702,0.046593353271484374,-0.15096298217773438,-0.005981700134277346,0.006038179992675807,0.0011635104980468602,-0.0016247695922851496,-0.003408942321777339,0.009272767639160157,
347,331378.060996498,0.074354,0.319347,0.276694,-0.067107,0.074808,0.033893,0.02684999999999979,-0.019599999999997397,-0.004500000000001725,-0.024699999999999722,0.024400000000000116,-0.012649999999999814,0.06809329986572266,0.3255891799926758,0.2779045104980469,-0.06923770904541016,0.07114505767822266,0.043297767639160156,0.05714225769042969,-0.03076934814453125,-0.021978378295898438,-0.09889984130859375,0.010990142822265625,-0.03296661376953125,0.7897451782226562,-0.24410278320312498,5.384616699218749,1.3959381256103516,0.06523101806640624,-0.1546903533935547,-0.006260700134277347,0.006242179992675789,0.0012105104980468795,-0.0021307090454101563,-0.0036629423217773432,0.009404767639160157,
348,331378.070962242,0.074612,0.319159,0.276651,-0.067344,0.075042,0.033772,0.024749999999999772,-0.01805000000000001,-0.004099999999998549,-0.022749999999999854,0.022500000000000298,-0.011649999999999855,0.06847476959228516,0.3248262405395508,0.2775230407714844,-0.06961917877197266,0.07152652740478516,0.043297767639160156,0.021978378295898438,-0.05714225769042969,-0.048351287841796875,-0.07692337036132812,0.010990142822265625,-0.03296661376953125,0.6174346923828123,-0.01435920715332031,5.41333511352539,1.3922107543945312,0.06523101806640624,-0.158417724609375,-0.0061372304077148415,0.005667240539550755,0.0008720407714843947,-0.002275178771972655,-0.0035154725952148413,0.009525767639160153,
349,331378.080996157,0.074849,0.318986,0.276612,-0.067562,0.075258,0.03366,0.022699999999999804,-0.016550000000001286,-0.003749999999999587,-0.020850000000000035,0.020699999999999885,-0.010700000000000293,0.06847476959228516,0.3244447708129883,0.2771415710449219,-0.06961917877197266,0.07152652740478516,0.042916297912597656,0.021978378295898438,-0.03076934814453125,-0.03956031799316406,-0.0549468994140625,-0.010990142822265625,-0.0549468994140625,0.646153106689453,0.1292291259765625,5.556919708251952,1.3810286407470702,0.06523101806640624,-0.1546903533935547,-0.006374230407714843,0.0054587708129882895,0.0005295710449218505,-0.002057178771972659,-0.003731472595214849,0.009256297912597654,
350,331378.090965669,0.075066,0.318828,0.276576,-0.067761,0.075456,0.033558,0.020799999999999985,-0.015049999999999786,-0.0034500000000020625,-0.019000000000000267,0.018949999999999523,-0.009750000000000036,0.06847476959228516,0.3236818313598633,0.2767601013183594,-0.07000064849853516,0.07152652740478516,0.042534828186035156,0.021978378295898438,-0.048351287841796875,-0.03076934814453125,-0.03296661376953125,-0.03296661376953125,-0.010990142822265625,0.5887162780761718,0.07179603576660155,5.298461456298828,1.3698465270996094,0.07268576049804687,-0.14723480224609375,-0.006591230407714838,0.004853831359863281,0.00018410131835938648,-0.0022396484985351545,-0.003929472595214839,0.008976828186035159,
351,331378.100963806,0.075265,0.318685,0.276543,-0.067942,0.075637,0.033465,0.019050000000000317,-0.013650000000001161,-0.003149999999998987,-0.017299999999999954,0.017350000000000004,-0.00889999999999988,0.06885623931884766,0.3233003616333008,0.2763786315917969,-0.07038211822509766,0.07152652740478516,0.042153358459472656,0.0043964385986328125,-0.0659332275390625,-0.03076934814453125,-0.07692337036132812,-0.010990142822265625,-0.0549468994140625,0.5887162780761718,0.07179603576660155,5.126150970458983,1.3773012695312499,0.08759524536132812,-0.13605268859863281,-0.006408760681152342,0.004615361633300785,-0.00016436840820310827,-0.002440118225097654,-0.00411047259521484,0.008688358459472655,
352,331378.110962901,0.075447,0.318555,0.276513,-0.068107,0.075803,0.03338,0.017350000000000004,-0.012299999999998423,-0.002849999999998687,-0.015649999999999692,0.015849999999999892,-0.008100000000000121,0.06885623931884766,0.3225374221801758,0.2763786315917969,-0.07076358795166016,0.07152652740478516,0.041771888732910156,-0.021978378295898438,-0.0659332275390625,-0.021978378295898438,-0.09889984130859375,0.010990142822265625,-0.120880126953125,1.048203430175781,0.1292291259765625,5.269743041992187,1.4033936767578126,0.08386787414550781,-0.12114320373535156,-0.006590760681152344,0.003982422180175804,-0.00013436840820313378,-0.0026565879516601554,-0.004276472595214839,0.008391888732910156,
353,331378.120962627,0.075612,0.318439,0.276486,-0.068255,0.075954,0.033303,0.015799999999999842,-0.010999999999999899,-0.0025500000000011624,-0.014050000000000173,0.014400000000000523,-0.007300000000000015,0.06885623931884766,0.3221559524536133,0.2759971618652344,-0.07152652740478516,0.07152652740478516,0.040627479553222656,0.013187408447265625,-0.05714225769042969,-0.021978378295898438,-0.07692337036132812,0.010990142822265625,-0.14285659790039062,0.5887162780761718,0.3876911163330078,5.097432556152343,1.4257579040527344,0.0801405029296875,-0.09877816772460937,-0.006755760681152342,0.0037169524536132537,-0.0004888381347656345,-0.00327152740478516,-0.0044274725952148375,0.007324479553222657,
354,331378.130965852,0.075763,0.318335,0.276462,-0.068388,0.076091,0.033234,0.01434999999999978,-0.009750000000000036,-0.0022999999999995246,-0.012550000000000061,0.013050000000000561,-0.006549999999999959,0.06885623931884766,0.3217744827270508,0.2759971618652344,-0.07152652740478516,0.07152652740478516,0.040246009826660156,-0.013187408447265625,-0.021978378295898438,-0.03076934814453125,-0.03296661376953125,-0.010990142822265625,-0.07692337036132812,0.646153106689453,-0.3589727020263671,5.241024627685546,1.4033936767578126,0.08759524536132812,-0.09132342529296875,-0.006906760681152341,0.003439482727050802,-0.00046483813476561053,-0.003138527404785152,-0.00456447259521485,0.007012009826660157,
355,331378.140963577,0.075899,0.318244,0.27644,-0.068506,0.076215,0.033172,0.012950000000000461,-0.008549999999998836,-0.0020999999999993246,-0.011099999999999999,0.011849999999999361,-0.0059000000000000025,0.06923770904541016,0.3217744827270508,0.2756156921386719,-0.07152652740478516,0.07190799713134766,0.040246009826660156,0.021978378295898438,-0.048351287841796875,-0.021978378295898438,0.010990142822265625,0.010990142822265625,-0.03296661376953125,0.6174346923828123,0.1579475402832031,5.384616699218749,1.3847560119628906,0.0801405029296875,-0.10250553894042969,-0.006661290954589838,0.0035304827270507544,-0.000824307861328144,-0.003020527404785159,-0.004307002868652349,0.007074009826660156,
356,331378.150962533,0.076022,0.318164,0.27642,-0.06861,0.076328,0.033116,0.011700000000000599,-0.007450000000000512,-0.0018500000000004624,-0.009750000000000036,0.010749999999999649,-0.005300000000000096,0.06923770904541016,0.3213930130004883,0.2756156921386719,-0.07152652740478516,0.07190799713134766,0.040246009826660156,0.013187408447265625,-0.048351287841796875,-0.03076934814453125,-0.010990142822265625,0.03296661376953125,-0.010990142822265625,0.7035899353027343,0.3876911163330078,5.41333511352539,1.3773012695312499,0.0801405029296875,-0.11368765258789063,-0.00678429095458985,0.003229013000488279,-0.000804307861328124,-0.002916527404785152,-0.004420002868652337,0.007130009826660157,
357,331378.160962358,0.076133,0.318095,0.276403,-0.068701,0.07643,0.033066,0.010599999999999499,-0.006349999999999412,-0.0016500000000002624,-0.00849999999999948,0.009750000000000036,-0.004699999999999843,0.06923770904541016,0.3210115432739258,0.2752342224121094,-0.07152652740478516,0.07228946685791016,0.040246009826660156,0.013187408447265625,-0.05714225769042969,-0.048351287841796875,-0.03296661376953125,0.010990142822265625,0.010990142822265625,0.9046150970458983,0.1579475402832031,5.355898284912109,1.3847560119628906,0.07641313171386718,-0.11368765258789063,-0.00689529095458985,0.0029165432739257646,-0.0011687775878906348,-0.002825527404785158,-0.004140533142089842,0.007180009826660158,
358,331378.170961216,0.076234,0.318037,0.276387,-0.06878,0.076523,0.033022,0.009599999999999886,-0.005350000000001187,-0.0014500000000000624,-0.007300000000000362,0.00884999999999983,-0.004149999999999987,0.06923770904541016,0.3206300735473633,0.2748527526855469,-0.07152652740478516,0.07228946685791016,0.040246009826660156,-0.0043964385986328125,-0.03956031799316406,-0.048351287841796875,0.010990142822265625,0.03296661376953125,0.010990142822265625,0.646153106689453,-0.1579475402832031,5.815385437011718,1.3847560119628906,0.07268576049804687,-0.11741502380371094,-0.00699629095458984,0.002593073547363267,-0.0015342473144531188,-0.0027465274047851623,-0.0042335331420898376,0.0072240098266601535,
359,331378.180961852,0.076325,0.317988,0.276374,-0.068847,0.076607,0.032983,0.008700000000000374,-0.004400000000001625,-0.0012499999999998623,-0.006150000000000599,0.008050000000000418,-0.003650000000000181,0.06923770904541016,0.3206300735473633,0.2744712829589844,-0.07152652740478516,0.07228946685791016,0.040246009826660156,-0.0043964385986328125,-0.03956031799316406,-0.03956031799316406,-0.03296661376953125,-0.010990142822265625,-0.010990142822265625,0.9046150970458983,0.3015396118164062,6.619486083984374,1.3773012695312499,0.07641313171386718,-0.12114320373535156,-0.007087290954589848,0.0026420735473632884,-0.0019027170410156335,-0.002679527404785151,-0.004317533142089838,0.007263009826660158,
360,331378.190961189,0.076408,0.317949,0.276362,-0.068903,0.076684,0.032949,0.007899999999999574,-0.003449999999999287,-0.0011000000000011,-0.005149999999999599,0.007350000000000412,-0.0032000000000000778,0.06923770904541016,0.3202486038208008,0.2744712829589844,-0.07190799713134766,0.07228946685791016,0.040246009826660156,0.0043964385986328125,0.0043964385986328125,-0.021978378295898438,-0.0549468994140625,0.010990142822265625,-0.010990142822265625,0.3589727020263671,0.1579475402832031,5.8441038513183585,1.3959381256103516,0.0801405029296875,-0.11741502380371094,-0.0071702909545898474,0.0022996038208007996,-0.0018907170410156215,-0.0030049971313476503,-0.004394533142089846,0.007297009826660157,
361,331378.200962337,0.076483,0.317919,0.276352,-0.06895,0.076754,0.032919,0.007100000000000162,-0.002649999999998487,-0.0009499999999995623,-0.004200000000000037,0.006599999999999662,-0.0027499999999999747,0.06923770904541016,0.3206300735473633,0.2744712829589844,-0.07228946685791016,0.07228946685791016,0.040246009826660156,-0.0043964385986328125,0.0043964385986328125,0.0043964385986328125,-0.09889984130859375,-0.010990142822265625,-0.010990142822265625,0.7035899353027343,0.1579475402832031,5.269743041992187,1.422030532836914,0.0801405029296875,-0.12114320373535156,-0.007245290954589839,0.002711073547363274,-0.0018807170410156115,-0.003339466857910159,-0.0044645331420898465,0.007327009826660159,
362,331378.210961414,0.07655,0.317896,0.276343,-0.068987,0.076816,0.032894,0.0063000000000000556,-0.0019500000000005624,-0.0007999999999980245,-0.003349999999999881,0.0058499999999996055,-0.0023499999999999216,0.06923770904541016,0.3206300735473633,0.2740898132324219,-0.07267093658447266,0.07228946685791016,0.040246009826660156,0.013187408447265625,-0.021978378295898438,-0.013187408447265625,-0.0549468994140625,-0.03296661376953125,-0.010990142822265625,0.445127944946289,-0.33025802612304683,6.389746246337889,1.429486083984375,0.0801405029296875,-0.12114320373535156,-0.007312290954589851,0.0027340735473632694,-0.0022531867675781303,-0.0036839365844726496,-0.004526533142089839,0.007352009826660157,
363,331378.220963944,0.076609,0.31788,0.276336,-0.069017,0.076871,0.032872,0.005399999999999849,-0.0013499999999999623,-0.0006499999999992623,-0.0025999999999998247,0.005050000000000193,-0.0019499999999998685,0.06923770904541016,0.3206300735473633,0.2740898132324219,-0.07305240631103516,0.07228946685791016,0.040246009826660156,-0.0043964385986328125,-0.021978378295898438,-0.021978378295898438,-0.0549468994140625,0.010990142822265625,-0.010990142822265625,1.191795501708984,-0.01435920715332031,5.298461456298828,1.4257579040527344,0.08386787414550781,-0.12114320373535156,-0.00737129095458984,0.0027500735473632854,-0.002246186767578151,-0.004035406311035161,-0.004581533142089839,0.007374009826660158,
364,331378.230965619,0.076658,0.317869,0.27633,-0.069039,0.076917,0.032855,0.004450000000000287,-0.0009000000000009001,-0.0005500000000019378,-0.0019000000000005124,0.004200000000000037,-0.0015499999999998154,0.06961917877197266,0.3206300735473633,0.2740898132324219,-0.07305240631103516,0.07228946685791016,0.040246009826660156,0.0043964385986328125,0.03076934814453125,-0.021978378295898438,-0.03296661376953125,-0.03296661376953125,-0.010990142822265625,0.933333511352539,0.1292291259765625,5.298461456298828,1.422030532836914,0.08386787414550781,-0.12487057495117188,-0.007038821228027348,0.0027610735473632686,-0.002240186767578145,-0.004013406311035153,-0.004627533142089843,0.007391009826660154,
365,331378.240963365,0.076698,0.317862,0.276325,-0.069055,0.076955,0.032841,0.003500000000000031,-0.0006000000000006,-0.00040000000000040004,-0.0013499999999999623,0.003299999999999831,-0.0012000000000001593,0.06961917877197266,0.3206300735473633,0.2737083435058594,-0.07305240631103516,0.07228946685791016,0.040246009826660156,0.0043964385986328125,0.0043964385986328125,-0.03076934814453125,-0.03296661376953125,0.010990142822265625,0.010990142822265625,0.7035899353027343,-0.1579475402832031,5.0112847900390625,1.4183031616210937,0.08759524536132812,-0.12487057495117188,-0.007078821228027346,0.0027680735473633034,-0.0026166564941406123,-0.003997406311035151,-0.004665533142089839,0.007405009826660154,
366,331378.250961499,0.076728,0.317857,0.276322,-0.069066,0.076983,0.032831,0.0024499999999996747,-0.00034999999999896225,-0.00024999999999886224,-0.0009499999999995623,0.0023000000000002185,-0.0008000000000001062,0.07000064849853516,0.3210115432739258,0.2737083435058594,-0.07305240631103516,0.07228946685791016,0.040246009826660156,0.021978378295898438,0.021978378295898438,-0.03076934814453125,-0.03296661376953125,0.010990142822265625,-0.010990142822265625,0.33025802612304683,-0.8184598541259764,5.700511779785155,1.4145757904052734,0.08759524536132812,-0.12114320373535156,-0.006727351501464848,0.0031545432739257806,-0.002613656494140637,-0.003986406311035154,-0.00469353314208984,0.007415009826660157,
367,331378.260962673,0.076747,0.317855,0.27632,-0.069074,0.077001,0.032825,0.0013499999999999623,-0.00024999999999886224,-0.0001500000000015378,-0.0005999999999999062,0.0012999999999999123,-0.0004500000000001031,0.07000064849853516,0.3206300735473633,0.2733268737792969,-0.07343387603759766,0.07267093658447266,0.039864540100097656,0.021978378295898438,0.013187408447265625,-0.013187408447265625,-0.03296661376953125,-0.03296661376953125,-0.03296661376953125,0.646153106689453,0.7897451782226562,5.729230194091797,1.4145757904052734,0.08386787414550781,-0.12114320373535156,-0.0067463515014648395,0.0027750735473632826,-0.002993126220703135,-0.00435987603759766,-0.004330063415527344,0.007039540100097656,
368,331378.270962291,0.076755,0.317852,0.276319,-0.069078,0.077009,0.032822,0.00020000000000020002,-0.0003000000000003,-5.000000000143778e-05,-0.0003000000000003,0.00020000000000020002,-0.00015000000000015,0.07000064849853516,0.3206300735473633,0.2733268737792969,-0.07343387603759766,0.07267093658447266,0.039864540100097656,0.0043964385986328125,-0.013187408447265625,-0.013187408447265625,-0.010990142822265625,-0.03296661376953125,-0.010990142822265625,0.7897451782226562,0.1292291259765625,5.643074951171874,1.429486083984375,0.08386787414550781,-0.12487057495117188,-0.0067543515014648475,0.002778073547363258,-0.0029921262207031063,-0.004355876037597656,-0.004338063415527338,0.007042540100097659,
369,331378.280961185,0.076751,0.317849,0.276319,-0.06908,0.077005,0.032822,-0.0009500000000002562,-0.0004500000000018378,5.000000000143778e-05,-0.00020000000000020002,-0.0009499999999995623,0.00015000000000015,0.07000064849853516,0.3206300735473633,0.2729454040527344,-0.07381534576416016,0.07267093658447266,0.040246009826660156,0.021978378295898438,-0.03076934814453125,-0.021978378295898438,-0.03296661376953125,-0.010990142822265625,-0.010990142822265625,0.6174346923828123,0.2728211975097656,5.671793365478515,1.4332134552001952,0.08759524536132812,-0.12487057495117188,-0.0067503515014648435,0.0027810735473632886,-0.0033735959472656063,-0.004735345764160154,-0.004334063415527348,0.007424009826660159,
370,331378.290961403,0.076736,0.317843,0.27632,-0.069082,0.07699,0.032825,-0.0022000000000001185,-0.0007499999999993623,0.0001500000000015378,-0.00020000000000020002,-0.0021500000000000685,0.0005000000000001531,0.07038211822509766,0.3206300735473633,0.2729454040527344,-0.07343387603759766,0.07267093658447266,0.040246009826660156,-0.0043964385986328125,-0.0043964385986328125,-0.05714225769042969,0.03296661376953125,0.010990142822265625,-0.03296661376953125,0.3015396118164062,-0.1579475402832031,5.757948608398437,1.429486083984375,0.08759524536132812,-0.12487057495117188,-0.006353881774902342,0.0027870735473632946,-0.003374595947265635,-0.004351876037597652,-0.004319063415527347,0.007421009826660156,
371,331378.300963959,0.076707,0.317834,0.276322,-0.069084,0.076962,0.032832,-0.003500000000000031,-0.0011499999999997623,0.00024999999999886224,-0.00019999999999950613,-0.003399999999999931,0.0008000000000001062,0.07038211822509766,0.3206300735473633,0.2729454040527344,-0.07381534576416016,0.07267093658447266,0.039864540100097656,-0.0043964385986328125,-0.021978378295898438,-0.021978378295898438,0.010990142822265625,0.010990142822265625,-0.010990142822265625,0.3015396118164062,0.1579475402832031,5.729230194091797,1.422030532836914,0.08386787414550781,-0.12487057495117188,-0.006324881774902341,0.002796073547363276,-0.003376595947265637,-0.00473134576416015,-0.004291063415527346,0.007032540100097656,
372,331378.310995491,0.076666,0.31782,0.276325,-0.069086,0.076922,0.032841,-0.004799999999999943,-0.0016999999999989246,0.0003000000000003,-0.00029999999999960614,-0.004699999999999843,0.0010500000000000093,0.07038211822509766,0.3206300735473633,0.2729454040527344,-0.07381534576416016,0.07267093658447266,0.040246009826660156,-0.0043964385986328125,-0.021978378295898438,-0.0043964385986328125,0.010990142822265625,0.010990142822265625,-0.03296661376953125,0.1292291259765625,-0.4738463592529296,5.442053527832031,1.4183031616210937,0.08386787414550781,-0.12114320373535156,-0.006283881774902342,0.00281007354736329,-0.0033795959472656123,-0.004729345764160162,-0.004251063415527348,0.007405009826660154,
373,331378.321005357,0.076611,0.3178,0.276328,-0.06909,0.076868,0.032853,-0.0061999999999999555,-0.002349999999998187,0.0003500000000017378,-0.0006000000000006,-0.006100000000000549,0.0013499999999999623,0.07038211822509766,0.3210115432739258,0.2729454040527344,-0.07343387603759766,0.07267093658447266,0.039864540100097656,0.013187408447265625,-0.0043964385986328125,-0.013187408447265625,0.010990142822265625,-0.010990142822265625,-0.03296661376953125,0.6174346923828123,-0.043077621459960934,5.757948608398437,1.422030532836914,0.08386787414550781,-0.12487057495117188,-0.006228881774902342,0.0032115432739257543,-0.003382595947265643,-0.004343876037597658,-0.0041970634155273495,0.007011540100097656,
374,331378.331005738,0.076542,0.317773,0.276332,-0.069098,0.0768,0.032868,-0.007650000000000018,-0.0031000000000003247,0.00040000000000040004,-0.0009500000000002562,-0.007500000000000562,0.0016499999999999154,0.07038211822509766,0.3210115432739258,0.2729454040527344,-0.07381534576416016,0.07267093658447266,0.039864540100097656,0.0043964385986328125,-0.03076934814453125,-0.03956031799316406,-0.010990142822265625,-0.03296661376953125,0.010990142822265625,0.933333511352539,0.4738463592529296,5.8728222656249995,1.4183031616210937,0.0801405029296875,-0.12487057495117188,-0.006159881774902343,0.0032385432739257536,-0.003386595947265647,-0.00471734576416015,-0.004129063415527337,0.006996540100097655,
375,331378.340964068,0.076458,0.317738,0.276336,-0.069109,0.076718,0.032886,-0.00915000000000013,-0.004000000000001225,0.00044999999999906226,-0.0013499999999999623,-0.00899999999999998,0.0018999999999998185,0.07038211822509766,0.3210115432739258,0.2729454040527344,-0.07381534576416016,0.07267093658447266,0.039864540100097656,-0.0043964385986328125,0.0043964385986328125,-0.0043964385986328125,0.010990142822265625,-0.010990142822265625,-0.010990142822265625,0.6174346923828123,-0.4738463592529296,5.757948608398437,1.422030532836914,0.0801405029296875,-0.12487057495117188,-0.006075881774902342,0.003273543273925761,-0.003390595947265651,-0.0047063457641601525,-0.004047063415527338,0.006978540100097658,
376,331378.35099561,0.076359,0.317693,0.276341,-0.069125,0.07662,0.032906,-0.010699999999999599,-0.005050000000000887,0.0004999999999977245,-0.0018999999999998185,-0.010599999999999499,0.0021500000000000685,0.07038211822509766,0.3210115432739258,0.2729454040527344,-0.07381534576416016,0.07267093658447266,0.039864540100097656,-0.013187408447265625,-0.013187408447265625,-0.0043964385986328125,-0.03296661376953125,-0.010990142822265625,0.010990142822265625,-0.01435920715332031,-0.5025647735595702,5.90154067993164,1.422030532836914,0.0801405029296875,-0.12487057495117188,-0.00597688177490234,0.003318543273925778,-0.0033955959472656283,-0.00469034576416015,-0.003949063415527337,0.0069585401000976585,
377,331378.360962286,0.076244,0.317637,0.276346,-0.069147,0.076506,0.032929,-0.012349999999999861,-0.006149999999999212,0.0005499999999991623,-0.0025999999999998247,-0.012199999999999711,0.0023500000000002685,0.07038211822509766,0.3210115432739258,0.2729454040527344,-0.07381534576416016,0.07267093658447266,0.040246009826660156,0.013187408447265625,-0.0043964385986328125,-0.0043964385986328125,-0.03296661376953125,-0.010990142822265625,-0.03296661376953125,0.7610267639160155,-0.1579475402832031,5.786667022705077,1.4183031616210937,0.07268576049804687,-0.12114320373535156,-0.00586188177490235,0.0033745432739257786,-0.0034005959472656055,-0.004668345764160156,-0.0038350634155273483,0.007317009826660156,
378,331378.371007346,0.076112,0.31757,0.276352,-0.069177,0.076376,0.032953,-0.014000000000000123,-0.007399999999999074,0.0006500000000020378,-0.003349999999999881,-0.013849999999999973,0.0025500000000001216,0.07038211822509766,0.3210115432739258,0.2729454040527344,-0.07381534576416016,0.07267093658447266,0.039864540100097656,-0.0043964385986328125,-0.013187408447265625,-0.0043964385986328125,-0.010990142822265625,-0.010990142822265625,-0.010990142822265625,0.445127944946289,-0.1866659545898437,5.786667022705077,1.422030532836914,0.06523101806640624,-0.12487057495117188,-0.005729881774902343,0.0034415432739257623,-0.0034065959472656115,-0.004638345764160154,-0.003705063415527343,0.006911540100097653,
379,331378.380961766,0.075964,0.317489,0.276359,-0.069214,0.076229,0.03298,-0.015699999999999742,-0.008850000000001912,0.0006500000000020378,-0.004149999999999987,-0.015550000000000286,0.0027999999999996777,0.07038211822509766,0.3210115432739258,0.2729454040527344,-0.07343387603759766,0.07267093658447266,0.039864540100097656,0.0043964385986328125,-0.0043964385986328125,-0.021978378295898438,0.010990142822265625,-0.03296661376953125,-0.010990142822265625,0.3015396118164062,-0.01435920715332031,5.8441038513183585,1.422030532836914,0.06523101806640624,-0.12114320373535156,-0.0055818817749023475,0.00352254327392576,-0.0034135959472656463,-0.0042198760375976585,-0.003558063415527349,0.006884540100097654,
380,331378.390964879,0.075798,0.317393,0.276365,-0.06926,0.076065,0.033009,-0.017450000000000104,-0.010350000000000636,0.0006499999999992623,-0.005100000000000243,-0.017299999999999954,0.0029999999999998778,0.07038211822509766,0.3210115432739258,0.2729454040527344,-0.07343387603759766,0.07228946685791016,0.039864540100097656,-0.021978378295898438,0.0043964385986328125,-0.0043964385986328125,0.010990142822265625,-0.010990142822265625,-0.03296661376953125,0.7610267639160155,0.3876911163330078,5.757948608398437,1.4145757904052734,0.06150364685058594,-0.12487057495117188,-0.005415881774902348,0.0036185432739258006,-0.0034195959472656523,-0.004173876037597654,-0.0037755331420898375,0.00685554010009766,
381,331378.400954817,0.075615,0.317282,0.276372,-0.069316,0.075883,0.03304,-0.019250000000000517,-0.011949999999999461,0.0006499999999992623,-0.0060999999999998555,-0.019149999999999723,0.0031500000000000278,0.07038211822509766,0.3210115432739258,0.2725639343261719,-0.07381534576416016,0.07267093658447266,0.039864540100097656,0.0043964385986328125,0.0043964385986328125,-0.013187408447265625,-0.010990142822265625,-0.010990142822265625,-0.010990142822265625,0.6174346923828123,-0.6174346923828123,5.815385437011718,1.4145757904052734,0.05777546691894531,-0.12114320373535156,-0.005232881774902345,0.003729543273925773,-0.0038080656738281315,-0.004499345764160154,-0.0032120634155273498,0.006824540100097656,
382,331378.411135593,0.075413,0.317154,0.276378,-0.069382,0.075682,0.033072,-0.021150000000000335,-0.013550000000001061,0.0006499999999992623,-0.007100000000000162,-0.021050000000000235,0.003349999999999881,0.07038211822509766,0.3210115432739258,0.2725639343261719,-0.07381534576416016,0.07228946685791016,0.039864540100097656,0.013187408447265625,-0.021978378295898438,-0.0043964385986328125,-0.010990142822265625,-0.010990142822265625,-0.03296661376953125,0.933333511352539,0.1579475402832031,5.729230194091797,1.410848419189453,0.05777546691894531,-0.11741502380371094,-0.005030881774902338,0.0038575432739257898,-0.0038140656738281375,-0.004433345764160157,-0.003392533142089843,0.006792540100097659,
383,331378.420963503,0.075192,0.317011,0.276385,-0.069458,0.075462,0.033107,-0.02304999999999946,-0.015149999999999886,0.0007000000000007001,-0.008099999999999774,-0.023000000000000104,0.003600000000000131,0.07038211822509766,0.3210115432739258,0.2725639343261719,-0.07381534576416016,0.07228946685791016,0.039864540100097656,0.0043964385986328125,-0.0043964385986328125,0.0043964385986328125,-0.010990142822265625,-0.03296661376953125,-0.03296661376953125,0.3015396118164062,-0.1866659545898437,5.815385437011718,1.4145757904052734,0.054048095703125,-0.11741502380371094,-0.004809881774902339,0.004000543273925794,-0.003821065673828117,-0.00435734576416015,-0.003172533142089845,0.006757540100097659,
384,331378.430962723,0.074952,0.316851,0.276392,-0.069544,0.075222,0.033144,-0.025000000000000022,-0.016800000000000148,0.0007000000000007001,-0.009099999999999386,-0.025000000000000022,0.003799999999999984,0.07038211822509766,0.3210115432739258,0.2725639343261719,-0.07381534576416016,0.07228946685791016,0.039864540100097656,0.0043964385986328125,-0.0043964385986328125,0.0043964385986328125,-0.03296661376953125,-0.03296661376953125,-0.03296661376953125,0.6174346923828123,0.1579475402832031,5.90154067993164,1.4145757904052734,0.05032072448730469,-0.11741502380371094,-0.0045698817749023485,0.0041605432739257875,-0.0038280656738281515,-0.0042713457641601615,-0.002932533142089841,0.006720540100097656,
385,331378.440964013,0.074692,0.316675,0.276399,-0.06964,0.074962,0.033183,-0.02710000000000004,-0.018399999999998973,0.0007499999999993623,-0.010100000000000386,-0.02704999999999999,0.004049999999999887,0.07038211822509766,0.3210115432739258,0.2725639343261719,-0.07381534576416016,0.07228946685791016,0.039864540100097656,-0.0043964385986328125,-0.0043964385986328125,0.013187408447265625,-0.03296661376953125,0.010990142822265625,-0.010990142822265625,-0.1579475402832031,-0.33025802612304683,5.90154067993164,1.410848419189453,0.046593353271484374,-0.11741502380371094,-0.004309881774902338,0.004336543273925797,-0.003835065673828131,-0.004175345764160163,-0.0026725331420898446,0.006681540100097659,
386,331378.450999894,0.07441,0.316483,0.276407,-0.069746,0.074681,0.033225,-0.02920000000000006,-0.020099999999997897,0.0008000000000008001,-0.011150000000000049,-0.02915000000000001,0.004350000000000187,0.07038211822509766,0.3206300735473633,0.2725639343261719,-0.07381534576416016,0.07228946685791016,0.039864540100097656,-0.021978378295898438,-0.013187408447265625,0.0043964385986328125,-0.010990142822265625,-0.03296661376953125,-0.03296661376953125,-0.33025802612304683,-0.1866659545898437,5.700511779785155,1.4071210479736327,0.04286598205566406,-0.11741502380371094,-0.004027881774902348,0.004147073547363267,-0.003843065673828139,-0.004069345764160154,-0.002391533142089841,0.006639540100097659,
387,331378.461004362,0.074108,0.316273,0.276415,-0.069863,0.074379,0.03327,-0.03130000000000008,-0.021799999999999597,0.0007999999999980245,-0.012149999999999661,-0.03130000000000008,0.00460000000000009,0.07038211822509766,0.3206300735473633,0.2725639343261719,-0.07381534576416016,0.07228946685791016,0.039864540100097656,0.0043964385986328125,-0.013187408447265625,-0.0043964385986328125,-0.010990142822265625,-0.010990142822265625,-0.010990142822265625,0.1292291259765625,0.1579475402832031,5.90154067993164,1.3996663055419922,0.03913861083984375,-0.11741502380371094,-0.003725881774902337,0.004357073547363255,-0.003851065673828147,-0.003952345764160162,-0.0020895331420898444,0.006594540100097655,
388,331378.470962798,0.073784,0.316047,0.276423,-0.069989,0.074055,0.033317,-0.0334999999999995,-0.023450000000002635,0.0008499999999994623,-0.013149999999999967,-0.033500000000000196,0.004849999999999993,0.07000064849853516,0.3206300735473633,0.2725639343261719,-0.07381534576416016,0.07190799713134766,0.040246009826660156,-0.013187408447265625,0.0043964385986328125,-0.013187408447265625,-0.010990142822265625,-0.03296661376953125,-0.010990142822265625,0.1292291259765625,0.1292291259765625,5.90154067993164,1.3959381256103516,0.03168386840820312,-0.11368765258789063,-0.003783351501464846,0.004583073547363259,-0.0038590656738280993,-0.0038263457641601606,-0.0021470028686523396,0.006929009826660157,
389,331378.480962438,0.073438,0.315804,0.276432,-0.070126,0.073709,0.033367,-0.035750000000000365,-0.025200000000000222,0.0009000000000009001,-0.014200000000000323,-0.03574999999999967,0.005199999999999996,0.07000064849853516,0.3206300735473633,0.2725639343261719,-0.07381534576416016,0.07190799713134766,0.039864540100097656,0.021978378295898438,-0.013187408447265625,0.0043964385986328125,-0.010990142822265625,-0.010990142822265625,-0.03296661376953125,-0.33025802612304683,-0.1866659545898437,6.0738436889648435,1.3959381256103516,0.0279556884765625,-0.11741502380371094,-0.003437351501464847,0.004826073547363308,-0.003868065673828136,-0.0036893457641601624,-0.0018010028686523405,0.006497540100097655,
390,331378.490961485,0.073069,0.315543,0.276441,-0.070273,0.07334,0.033421,-0.03804999999999989,-0.026999999999999247,0.0009499999999995623,-0.01520000000000063,-0.03809999999999994,0.005499999999999949,0.07000064849853516,0.3206300735473633,0.2725639343261719,-0.07381534576416016,0.07190799713134766,0.039864540100097656,-0.0043964385986328125,-0.03076934814453125,-0.013187408447265625,-0.03296661376953125,-0.03296661376953125,0.010990142822265625,0.1579475402832031,-0.33025802612304683,5.8728222656249995,1.3959381256103516,0.020500946044921874,-0.11368765258789063,-0.003068351501464839,0.005087073547363263,-0.0038770656738281173,-0.003542345764160154,-0.0014320028686523462,0.006443540100097657,
391,331378.500965877,0.072677,0.315264,0.276451,-0.07043,0.072947,0.033477,-0.040399999999999464,-0.02874999999999961,0.001000000000001,-0.016199999999999548,-0.04045000000000021,0.0057999999999999025,0.07000064849853516,0.3206300735473633,0.2725639343261719,-0.07419681549072266,0.07152652740478516,0.040246009826660156,0.0043964385986328125,-0.013187408447265625,0.03076934814453125,-0.03296661376953125,-0.0549468994140625,-0.010990142822265625,-0.01435920715332031,-0.1579475402832031,5.757948608398437,1.3922107543945312,0.01304620361328125,-0.11368765258789063,-0.0026763515014648492,0.0053660735473632926,-0.0038870656738281273,-0.0037668154907226498,-0.0014204725952148417,0.0067690098266601564,
392,331378.510963206,0.072261,0.314968,0.276461,-0.070597,0.072531,0.033537,-0.04285000000000053,-0.03049999999999997,0.0010499999999996623,-0.017249999999999904,-0.04284999999999983,0.0061499999999999055,0.07000064849853516,0.3206300735473633,0.2725639343261719,-0.07419681549072266,0.07152652740478516,0.040246009826660156,0.0043964385986328125,-0.0043964385986328125,-0.013187408447265625,-0.03296661376953125,-0.03296661376953125,0.010990142822265625,-0.01435920715332031,0.6174346923828123,5.815385437011718,1.388483383178711,0.009318832397460937,-0.10996028137207031,-0.0022603515014648495,0.0056620735473632555,-0.0038970656738281373,-0.003599815490722663,-0.001004472595214842,0.006709009826660159,
393,331378.520962489,0.07182,0.314654,0.276472,-0.070775,0.07209,0.0336,-0.0453000000000002,-0.03230000000000177,0.0010999999999983245,-0.01825000000000021,-0.04535000000000025,0.006500000000000256,0.07000064849853516,0.3206300735473633,0.2725639343261719,-0.07419681549072266,0.07152652740478516,0.040246009826660156,-0.021978378295898438,-0.03956031799316406,-0.03076934814453125,-0.03296661376953125,-0.03296661376953125,-0.010990142822265625,0.1866659545898437,0.3015396118164062,6.045125274658202,1.3847560119628906,-0.0018640899658203124,-0.11368765258789063,-0.0018193515014648387,0.005976073547363292,-0.0039080656738281205,-0.0034218154907226517,-0.000563472595214845,0.006646009826660158,
394,331378.5309613,0.071355,0.314322,0.276483,-0.070962,0.071624,0.033667,-0.047799999999999926,-0.034100000000000796,0.0011499999999997623,-0.019299999999999873,-0.047849999999999976,0.006850000000000259,0.07000064849853516,0.3202486038208008,0.2725639343261719,-0.07419681549072266,0.07114505767822266,0.040246009826660156,-0.013187408447265625,-0.013187408447265625,-0.021978378295898438,-0.010990142822265625,-0.0549468994140625,-0.03296661376953125,0.01435920715332031,-0.1579475402832031,5.90154067993164,1.3847560119628906,-0.009318832397460937,-0.10996028137207031,-0.0013543515014648455,0.005926603820800791,-0.003919065673828104,-0.003234815490722659,-0.000478942321777337,0.006579009826660154,
395,331378.540999226,0.070864,0.313972,0.276495,-0.071161,0.071133,0.033737,-0.05039999999999975,-0.03594999999999848,0.0012499999999998623,-0.02035000000000023,-0.05039999999999975,0.007199999999999915,0.07000064849853516,0.3202486038208008,0.2725639343261719,-0.07419681549072266,0.07114505767822266,0.040246009826660156,0.013187408447265625,-0.03076934814453125,-0.013187408447265625,-0.010990142822265625,-0.03296661376953125,0.010990142822265625,-0.1866659545898437,-0.24410278320312498,5.90154067993164,1.3810286407470702,-0.01677357482910156,-0.11368765258789063,-0.0008633515014648402,0.006276603820800808,-0.003931065673828116,-0.0030358154907226542,1.2057678222654467e-05,0.006509009826660153,
396,331378.550962903,0.070347,0.313603,0.276508,-0.071369,0.070616,0.033811,-0.052999999999999575,-0.037799999999998946,0.0013000000000013001,-0.02134999999999984,-0.05305000000000032,0.007599999999999968,0.07000064849853516,0.3198671340942383,0.2725639343261719,-0.07419681549072266,0.07114505767822266,0.039864540100097656,0.013187408447265625,-0.048351287841796875,0.03076934814453125,-0.010990142822265625,-0.03296661376953125,-0.010990142822265625,-0.33025802612304683,0.10051445007324217,5.528208770751952,1.3810286407470702,-0.020500946044921874,-0.11368765258789063,-0.0003463515014648505,0.006264134094238261,-0.003944065673828101,-0.0028278154907226544,0.000529057678222658,0.0060535401000976555,
397,331378.560997617,0.069804,0.313216,0.276521,-0.071588,0.070072,0.033889,-0.055700000000000194,-0.039650000000002183,0.0013499999999999623,-0.022400000000000198,-0.055700000000000194,0.008000000000000021,0.07000064849853516,0.3194856643676758,0.2725639343261719,-0.07419681549072266,0.07114505767822266,0.040246009826660156,-0.013187408447265625,0.013187408447265625,-0.03076934814453125,-0.010990142822265625,-0.03296661376953125,-0.010990142822265625,-0.5025647735595702,-0.8471782684326171,5.90154067993164,1.3810286407470702,-0.0279556884765625,-0.10623291015625,0.00019664849853515132,0.006269664367675787,-0.003957065673828142,-0.0026088154907226574,0.0010730576782226608,0.006357009826660154,
398,331378.570962918,0.069233,0.31281,0.276535,-0.071817,0.069502,0.033971,-0.05845000000000017,-0.04154999999999853,0.0014500000000000624,-0.02339999999999981,-0.058399999999999425,0.008399999999999727,0.07000064849853516,0.3194856643676758,0.2725639343261719,-0.07457828521728516,0.07076358795166016,0.040246009826660156,-0.013187408447265625,-0.03076934814453125,-0.021978378295898438,-0.03296661376953125,-0.0549468994140625,-0.010990142822265625,0.3015396118164062,-0.1866659545898437,6.0738436889648435,1.3773012695312499,-0.04286598205566406,-0.10623291015625,0.0007676484985351534,0.006675664367675804,-0.0039710656738281,-0.0027612852172851504,0.001261587951660162,0.006275009826660155,
399,331378.58096315,0.068635,0.312385,0.27655,-0.072056,0.068904,0.034057,-0.06120000000000014,-0.04344999999999766,0.0015000000000015001,-0.024449999999999472,-0.0612499999999995,0.00879999999999978,0.07000064849853516,0.3191041946411133,0.2725639343261719,-0.07457828521728516,0.07038211822509766,0.039864540100097656,-0.013187408447265625,-0.03956031799316406,0.013187408447265625,-0.0549468994140625,-0.0549468994140625,-0.010990142822265625,-0.646153106689453,-0.2728211975097656,5.90154067993164,1.3735738983154298,-0.05032072448730469,-0.10623291015625,0.0013656484985351547,0.0067191946411132575,-0.003986065673828143,-0.002522285217285161,0.0014781182250976493,0.005807540100097659,
400,331378.590962678,0.068009,0.311941,0.276565,-0.072306,0.068277,0.034147,-0.06405000000000022,-0.04535000000000233,0.0015500000000001624,-0.025500000000000522,-0.06410000000000027,0.00925000000000023,0.07000064849853516,0.3187227249145508,0.2725639343261719,-0.07457828521728516,0.07000064849853516,0.040246009826660156,-0.013187408447265625,-0.07472610473632812,-0.021978378295898438,-0.03296661376953125,-0.0549468994140625,-0.010990142822265625,-0.646153106689453,-0.01435920715332031,6.0164068603515615,1.3698465270996094,-0.05777546691894531,-0.10623291015625,0.0019916484985351562,0.006781724914550757,-0.00400106567382813,-0.002272285217285161,0.001723648498535152,0.0060990098266601595,
401,331378.600961663,0.067354,0.311478,0.276581,-0.072566,0.067622,0.034242,-0.06685000000000024,-0.04720000000000002,0.0016500000000002624,-0.026550000000000185,-0.06695000000000034,0.009700000000000333,0.06961917877197266,0.3179597854614258,0.2725639343261719,-0.07457828521728516,0.06961917877197266,0.039864540100097656,-0.021978378295898438,-0.05714225769042969,-0.0043964385986328125,-0.010990142822265625,-0.0549468994140625,-0.03296661376953125,-0.3589727020263671,-0.1866659545898437,5.958977508544922,1.3661183471679688,-0.06150364685058594,-0.10250553894042969,0.002265178771972659,0.006481785461425804,-0.004017065673828146,-0.0020122852172851508,0.0019971787719726547,0.005622540100097655,
402,331378.610962709,0.06667200000000004,0.3109970000000001,0.276598,-0.07283699999999999,0.06693800000000004,0.034340999999999997,-0.06959999999999936,-0.049049999999997596,0.0017499999999975812,-0.027549999999999755,-0.06970000000000019,0.010100000000000017,0.06961917877197266,0.3171968460083008,0.2725639343261719,-0.07495975494384766,0.06923770904541016,0.040246009826660156,-0.03076934814453125,-0.08351707458496094,-0.021978378295898438,-0.0549468994140625,-0.09889984130859375,0.010990142822265625,-0.1866659545898437,-0.1292291259765625,6.0164068603515615,1.3623909759521484,-0.06523101806640624,-0.10250553894042969,0.0029471787719726195,0.006199846008300702,-0.0040340656738281355,-0.002122754943847671,0.002299709045410117,0.00590500982666016,
403,331378.620962741,0.065962,0.310497,0.276616,-0.073117,0.066228,0.034444,-0.0723499999999995,-0.050900000000000944,0.0018500000000004624,-0.028500000000000053,-0.07235000000000019,0.010499999999999746,0.06961917877197266,0.3164339065551758,0.2725639343261719,-0.07495975494384766,0.06885623931884766,0.040246009826660156,-0.03076934814453125,-0.07472610473632812,0.0043964385986328125,-0.0549468994140625,-0.09889984130859375,-0.010990142822265625,-1.5364089965820311,-0.1866659545898437,5.585638122558593,1.3661183471679688,-0.05777546691894531,-0.10250553894042969,0.0036571787719726495,0.005936906555175758,-0.004052065673828098,-0.0018427549438476548,0.002628239318847661,0.005802009826660154,
404,331378.630962253,0.065225,0.309979,0.276635,-0.073407,0.065491,0.034551,-0.07495000000000002,-0.05265000000000131,0.0019000000000019002,-0.029499999999999665,-0.07495000000000002,0.010899999999999799,0.06923770904541016,0.3156709671020508,0.2725639343261719,-0.07534122467041016,0.06771183013916016,0.040246009826660156,-0.05714225769042969,-0.10988998413085938,-0.013187408447265625,-0.0549468994140625,-0.120880126953125,-0.010990142822265625,-0.3876911163330078,0.41640953063964836,5.90154067993164,1.3773012695312499,-0.046593353271484374,-0.10250553894042969,0.004012709045410151,0.005691967102050777,-0.004071065673828145,-0.0019342246704101562,0.0022208301391601626,0.005695009826660158,
405,331378.640961765,0.064463,0.309444,0.276654,-0.073707,0.064729,0.034662,-0.07750000000000049,-0.05435000000000023,0.0019999999999992246,-0.03044999999999992,-0.07744999999999974,0.011300000000000199,0.06885623931884766,0.3145265579223633,0.2725639343261719,-0.07610416412353516,0.06694889068603516,0.040246009826660156,-0.021978378295898438,-0.11868095397949219,0.0043964385986328125,-0.09889984130859375,-0.09889984130859375,-0.010990142822265625,-0.5312831878662109,-0.3015396118164062,6.0164068603515615,1.388483383178711,-0.04286598205566406,-0.09877816772460937,0.00439323931884765,0.005082557922363284,-0.004090065673828136,-0.0023971641235351615,0.0022198906860351614,0.005584009826660158,
406,331378.650961456,0.06367500000000004,0.30889200000000006,0.276675,-0.07401599999999998,0.06394200000000004,0.034776999999999995,-0.07995000000000005,-0.05604999999999906,0.002050000000000685,-0.031300000000000036,-0.07989999999999929,0.01165000000000019,0.06847476959228516,0.3133821487426758,0.2725639343261719,-0.07648563385009766,0.06656742095947266,0.040246009826660156,0.0043964385986328125,-0.10109901428222656,-0.0043964385986328125,-0.07692337036132812,-0.07692337036132812,0.010990142822265625,0.043077621459960934,-0.01435920715332031,5.90154067993164,1.3996663055419922,-0.05777546691894531,-0.09132342529296875,0.004799769592285119,0.004490148742675726,-0.004111065673828129,-0.0024696338500976717,0.0026254209594726158,0.005469009826660161,
407,331378.660961479,0.062864,0.308323,0.276695,-0.074333,0.063131,0.034895,-0.08229999999999973,-0.057650000000000756,0.0020999999999993246,-0.032200000000000284,-0.08230000000000008,0.011999999999999858,0.06847476959228516,0.3122377395629883,0.2725639343261719,-0.07686710357666016,0.06656742095947266,0.040246009826660156,-0.03076934814453125,-0.1362628936767578,0.013187408447265625,-0.07692337036132812,-0.07692337036132812,-0.03296661376953125,-0.8184598541259764,0.5600016021728514,5.90154067993164,1.4071210479736327,-0.08386787414550781,-0.09132342529296875,0.005610769592285153,0.0039147395629882675,-0.004131065673828149,-0.00253410357666016,0.0034364209594726497,0.005351009826660154,
408,331378.670962758,0.062029,0.307739,0.276717,-0.07466,0.062296,0.035017,-0.0846000000000003,-0.05920000000000092,0.0021999999999994246,-0.03310000000000049,-0.0846000000000003,0.012349999999999861,0.06771183013916016,0.3110933303833008,0.2725639343261719,-0.07763004302978516,0.06542301177978516,0.040246009826660156,-0.03076934814453125,-0.11868095397949219,0.0043964385986328125,-0.07692337036132812,-0.120880126953125,0.010990142822265625,-0.9046150970458983,0.2728211975097656,5.958977508544922,1.410848419189453,-0.08759524536132812,-0.08759524536132812,0.0056828301391601554,0.0033543303833007965,-0.004153065673828116,-0.002970043029785152,0.003127011779785159,0.005229009826660157,
409,331378.680995077,0.061172,0.307139,0.276739,-0.074995,0.061439,0.035142,-0.08685000000000012,-0.06069999999999964,0.0022500000000008624,-0.0338999999999999,-0.08684999999999977,0.012699999999999864,0.06694889068603516,0.3099489212036133,0.2725639343261719,-0.07839298248291016,0.06389713287353516,0.040246009826660156,-0.10109901428222656,-0.09230804443359375,0.013187408447265625,-0.09889984130859375,-0.25274658203125,0.03296661376953125,-0.5600016021728514,0.1292291259765625,6.0164068603515615,1.410848419189453,-0.05777546691894531,-0.08386787414550781,0.005776890686035159,0.002809921203613286,-0.004175065673828138,-0.00339798248291015,0.0024581328735351557,0.005104009826660157,
410,331378.690962216,0.06029200000000005,0.30652500000000005,0.276762,-0.07533799999999999,0.06055900000000005,0.03527099999999999,-0.08899999999999975,-0.06214999999999961,0.0022999999999995303,-0.03469999999999996,-0.08900000000000009,0.013049999999999857,0.06656742095947266,0.3091859817504883,0.2725639343261719,-0.07877445220947266,0.06313419342041016,0.040246009826660156,-0.05714225769042969,-0.05714225769042969,-0.0043964385986328125,-0.09889984130859375,-0.16483688354492188,0.010990142822265625,-0.8184598541259764,0.7035899353027343,5.786667022705077,1.4183031616210937,-0.03913861083984375,-0.08386787414550781,0.006275420959472609,0.002660981750488234,-0.004198065673828133,-0.003436452209472668,0.002575193420410106,0.004975009826660166,
411,331378.700961479,0.05939199999999995,0.30589599999999995,0.276785,-0.07568900000000002,0.05965899999999995,0.035403000000000004,-0.09104999999999994,-0.06359999999999985,0.002350000000000974,-0.03550000000000016,-0.09105000000000027,0.013350000000000185,0.06580448150634766,0.3088045120239258,0.2725639343261719,-0.07915592193603516,0.06275272369384766,0.040246009826660156,-0.07472610473632812,-0.05714225769042969,0.0043964385986328125,-0.0549468994140625,-0.09889984130859375,0.010990142822265625,-1.048203430175781,-0.07179603576660155,5.90154067993164,1.4071210479736327,-0.046593353271484374,-0.0801405029296875,0.0064124815063477045,0.0029085120239258355,-0.004221065673828128,-0.003466921936035136,0.003093723693847708,0.004843009826660152,
412,331378.710964124,0.058471,0.305253,0.276809,-0.076048,0.058738,0.035538,-0.09310000000000013,-0.06500000000000117,0.0023999999999996247,-0.03624999999999948,-0.09309999999999978,0.01365000000000012,0.06504154205322266,0.3080415725708008,0.2725639343261719,-0.07915592193603516,0.062371253967285156,0.040246009826660156,-0.09230804443359375,-0.10109901428222656,-0.0043964385986328125,-0.03296661376953125,-0.0549468994140625,-0.010990142822265625,-0.3876911163330078,-0.01435920715332031,5.958977508544922,1.3922107543945312,-0.0801405029296875,-0.0801405029296875,0.006570542053222654,0.0027885725708007847,-0.004245065673828152,-0.0031079219360351518,0.0036332539672851577,0.004708009826660156,
413,331378.720962829,0.05753,0.304596,0.276833,-0.076414,0.057797,0.035676,-0.09499999999999995,-0.06635000000000113,0.002449999999998287,-0.03699999999999953,-0.09499999999999995,0.013900000000000023,0.06351566314697266,0.3076601028442383,0.2725639343261719,-0.07915592193603516,0.061608314514160156,0.040246009826660156,-0.17142868041992188,-0.048351287841796875,0.0043964385986328125,-0.010990142822265625,-0.14285659790039062,-0.03296661376953125,-1.5364089965820311,-0.3589727020263671,5.90154067993164,1.3698465270996094,-0.10250553894042969,-0.0801405029296875,0.0059856631469726584,0.0030641028442383034,-0.004269065673828121,-0.0027419219360351604,0.003811314514160155,0.004570009826660157,
414,331378.730966001,0.05657100000000006,0.30392600000000003,0.276858,-0.07678799999999997,0.056838000000000055,0.035815999999999994,-0.09684999999999995,-0.06759999999999815,0.0024999999999997303,-0.03775000000000025,-0.09679999999999991,0.014149999999999904,0.061989784240722656,0.3072786331176758,0.2725639343261719,-0.07915592193603516,0.060082435607910156,0.040246009826660156,-0.1362628936767578,-0.03076934814453125,-0.0043964385986328125,-0.010990142822265625,-0.27472686767578125,-0.010990142822265625,-0.8471782684326171,-0.1292291259765625,6.0164068603515615,1.358663604736328,-0.06150364685058594,-0.0801405029296875,0.0054187842407225975,0.003352633117675752,-0.004294065673828118,-0.002367921936035189,0.003244435607910101,0.004430009826660163,
415,331378.740996512,0.05559299999999994,0.30324399999999996,0.276883,-0.07716900000000003,0.055860999999999945,0.035959000000000005,-0.09865000000000022,-0.06884999999999816,0.0025500000000011737,-0.03840000000000027,-0.09860000000000019,0.014449999999999902,0.061226844787597656,0.3072786331176758,0.2725639343261719,-0.07915592193603516,0.058556556701660156,0.040246009826660156,-0.11868095397949219,-0.013187408447265625,0.0043964385986328125,-0.03296661376953125,-0.20878982543945312,-0.010990142822265625,-0.646153106689453,-0.5600016021728514,5.90154067993164,1.3549362335205077,-0.0279556884765625,-0.07268576049804687,0.005633844787597715,0.004034633117675823,-0.004319065673828115,-0.001986921936035127,0.002695556701660211,0.004287009826660151,
416,331378.750963779,0.054598,0.302549,0.276909,-0.077556,0.054866,0.036105,-0.10034999999999974,-0.07005000000000206,0.0025999999999998247,-0.039050000000000196,-0.10030000000000004,0.01470000000000013,0.060082435607910156,0.3072786331176758,0.2725639343261719,-0.07953739166259766,0.057030677795410156,0.040246009826660156,-0.10988998413085938,-0.021978378295898438,-0.013187408447265625,-0.07692337036132812,-0.25274658203125,-0.010990142822265625,-0.7897451782226562,-0.1292291259765625,5.90154067993164,1.3623909759521484,-0.01677357482910156,-0.07268576049804687,0.0054844356079101556,0.004729633117675769,-0.004345065673828141,-0.0019813916625976563,0.002164677795410158,0.004141009826660158,
417,331378.760961356,0.053586,0.301843,0.276935,-0.07795,0.053855,0.036253,-0.10194999999999996,-0.07115000000000038,0.002649999999998487,-0.03970000000000015,-0.10189999999999991,0.014950000000000033,0.058938026428222656,0.3072786331176758,0.2725639343261719,-0.08068180084228516,0.056267738342285156,0.040246009826660156,-0.09230804443359375,-0.0043964385986328125,0.013187408447265625,-0.16483688354492188,-0.120880126953125,-0.010990142822265625,-1.2492323303222654,-0.5025647735595702,5.90154067993164,1.3959381256103516,-0.020500946044921874,-0.07268576049804687,0.0053520264282226546,0.005435633117675809,-0.004371065673828112,-0.002731800842285151,0.002412738342285156,0.003993009826660156,
418,331378.770996799,0.052559,0.301126,0.276962,-0.07835,0.052828,0.036404,-0.10345000000000007,-0.0722499999999987,0.0026999999999999247,-0.04030000000000006,-0.10350000000000012,0.015149999999999886,0.058175086975097656,0.3072786331176758,0.2725639343261719,-0.08144474029541016,0.055504798889160156,0.040246009826660156,-0.09230804443359375,-0.03956031799316406,0.03076934814453125,-0.120880126953125,-0.120880126953125,-0.010990142822265625,-0.5312831878662109,-0.4738463592529296,5.786667022705077,1.422030532836914,-0.035411239624023434,-0.06895838928222656,0.005616086975097655,0.0061526331176757765,-0.004398065673828111,-0.0030947402954101533,0.0026767988891601563,0.0038420098266601574,
419,331378.780963317,0.05151699999999994,0.30039799999999994,0.276989,-0.07875600000000003,0.051784999999999935,0.036556000000000005,-0.10495000000000028,-0.0733000000000012,0.0027500000000013737,-0.040900000000000006,-0.10494999999999989,0.01535000000000011,0.057030677795410156,0.3072786331176758,0.2725639343261719,-0.08220767974853516,0.054741859436035156,0.040246009826660156,-0.16263771057128906,-0.0043964385986328125,0.0043964385986328125,-0.14285659790039062,-0.16483688354492188,0.010990142822265625,-1.2205139160156249,-0.5887162780761718,5.958977508544922,1.4369408264160155,-0.046593353271484374,-0.06895838928222656,0.005513677795410218,0.006880633117675838,-0.00442506567382811,-0.003451679748535122,0.002956859436035221,0.003690009826660151,
420,331378.790963581,0.05046,0.29966,0.277017,-0.079168,0.050729,0.036711,-0.10634999999999985,-0.07429999999999937,0.0028000000000000247,-0.04149999999999987,-0.1062999999999998,0.015599999999999989,0.055886268615722656,0.3072786331176758,0.2725639343261719,-0.08335208892822266,0.053215980529785156,0.040246009826660156,-0.03956031799316406,-0.03076934814453125,0.03076934814453125,-0.16483688354492188,-0.1868133544921875,-0.03296661376953125,-0.8471782684326171,-0.5887162780761718,5.729230194091797,1.4518503112792969,-0.03913861083984375,-0.06523101806640624,0.005426268615722658,0.007618633117675799,-0.004453065673828138,-0.004184088928222654,0.002486980529785153,0.0035350098266601557,
421,331378.80096457,0.04939,0.298912,0.277045,-0.079586,0.049659,0.036868,-0.10764999999999976,-0.07524999999999893,0.0028000000000000247,-0.041999999999999676,-0.1076500000000001,0.01575000000000014,0.055504798889160156,0.3068971633911133,0.2725639343261719,-0.08411502838134766,0.051690101623535156,0.040246009826660156,-0.05714225769042969,-0.03076934814453125,-0.0043964385986328125,-0.1868133544921875,-0.1868133544921875,0.010990142822265625,-0.7610267639160155,-0.5600016021728514,6.0164068603515615,1.4667606048583983,-0.024228317260742187,-0.06523101806640624,0.006114798889160153,0.00798516339111327,-0.004481065673828111,-0.004529028381347652,0.0020311016235351545,0.0033780098266601583,
422,331378.81096323,0.048307,0.298155,0.277073,-0.080008,0.048576,0.037026,-0.10890000000000032,-0.07610000000000117,0.0028000000000000247,-0.042450000000000127,-0.10884999999999992,0.015899999999999942,0.054360389709472656,0.3065156936645508,0.2725639343261719,-0.08525943756103516,0.051308631896972656,0.040246009826660156,-0.10109901428222656,-0.048351287841796875,0.0043964385986328125,-0.16483688354492188,-0.0549468994140625,0.010990142822265625,-0.8471782684326171,0.21538436889648435,5.786667022705077,1.4779427185058593,-0.03913861083984375,-0.06150364685058594,0.0060533897094726535,0.008360693664550778,-0.004509065673828139,-0.0052514375610351605,0.002732631896972655,0.003220009826660153,
423,331378.820961267,0.047211999999999935,0.29738999999999993,0.277101,-0.08043500000000003,0.04748199999999994,0.037186000000000004,-0.11000000000000008,-0.07689999999999925,0.002800000000000019,-0.042949999999999974,-0.10995000000000006,0.016099999999999816,0.053215980529785156,0.3057527542114258,0.2725639343261719,-0.08640384674072266,0.050927162170410156,0.040627479553222656,-0.10109901428222656,-0.10109901428222656,-0.013187408447265625,-0.16483688354492188,-0.07692337036132812,0.010990142822265625,-0.3876911163330078,-0.3589727020263671,5.90154067993164,1.4965803833007811,-0.08386787414550781,-0.06150364685058594,0.006003980529785222,0.008362754211425849,-0.004537065673828111,-0.005968846740722622,0.0034451621704102153,0.0034414795532226525,
424,331378.830961164,0.046107,0.296617,0.277129,-0.080867,0.046377,0.037348,-0.11094999999999994,-0.07759999999999989,0.0028500000000014625,-0.04334999999999964,-0.11100000000000033,0.016250000000000292,0.052071571350097656,0.3049898147583008,0.2725639343261719,-0.08716678619384766,0.049782752990722656,0.040627479553222656,-0.1362628936767578,-0.10988998413085938,0.0043964385986328125,-0.14285659790039062,-0.23077011108398438,-0.010990142822265625,-1.2779470062255858,-0.3015396118164062,6.0164068603515615,1.5189454193115235,-0.08759524536132812,-0.06150364685058594,0.005964571350097654,0.008372814758300762,-0.004565065673828139,-0.006299786193847662,0.0034057529907226547,0.003279479553222657,
425,331378.840961296,0.044993,0.295838,0.277158,-0.081302,0.045262,0.037511,-0.11185000000000014,-0.07825000000000193,0.0029000000000001247,-0.04369999999999999,-0.1119000000000002,0.016350000000000045,0.050164222717285156,0.3038454055786133,0.2725639343261719,-0.08869266510009766,0.047875404357910156,0.040627479553222656,-0.22417640686035156,-0.127471923828125,-0.013187408447265625,-0.1868133544921875,-0.25274658203125,-0.010990142822265625,-0.5025647735595702,-0.01435920715332031,6.0738436889648435,1.5413096466064453,-0.03913861083984375,-0.05777546691894531,0.005171222717285158,0.008007405578613291,-0.0045940656738281405,-0.007390665100097657,0.0026134043579101596,0.0031164795532226536,
426,331378.850962643,0.04387,0.295052,0.277187,-0.081741,0.044139,0.037675,-0.1126499999999999,-0.07884999999999975,0.0029000000000001247,-0.04405000000000034,-0.1126499999999999,0.016449999999999798,0.049019813537597656,0.3027009963989258,0.2725639343261719,-0.08907413482666016,0.046730995178222656,0.040246009826660156,-0.127471923828125,-0.17142868041992188,-0.013187408447265625,-0.14285659790039062,-0.23077011108398438,-0.03296661376953125,-0.5887162780761718,-0.7610267639160155,6.0738436889648435,1.5450370178222657,-0.0279556884765625,-0.054048095703125,0.005149813537597657,0.0076489963989258,-0.004623065673828142,-0.007333134826660162,0.0025919951782226586,0.002571009826660156,
427,331378.860962589,0.04274000000000006,0.29426100000000005,0.277216,-0.08218299999999998,0.04300900000000006,0.03783999999999999,-0.11334999999999987,-0.0792999999999988,0.0029000000000001247,-0.04430000000000058,-0.11334999999999987,0.01654999999999989,0.047875404357910156,0.3007936477661133,0.2725639343261719,-0.08983707427978516,0.044442176818847656,0.040627479553222656,-0.0659332275390625,-0.10988998413085938,-0.021978378295898438,-0.09889984130859375,-0.3846168518066406,0.03296661376953125,-0.7035899353027343,-0.10051445007324217,6.0164068603515615,1.5301275329589843,0.0018640899658203124,-0.05032072448730469,0.005135404357910094,0.006532647766113231,-0.004652065673828143,-0.007654074279785178,0.0014331768188475952,0.0027874795532226646,
428,331378.870961057,0.041603,0.293466,0.277245,-0.082627,0.041872,0.038006,-0.11395000000000016,-0.07969999999999922,0.0029000000000001247,-0.04454999999999945,-0.11394999999999982,0.016649999999999998,0.047112464904785156,0.2992677688598633,0.2721824645996094,-0.09021854400634766,0.044060707092285156,0.040246009826660156,-0.10109901428222656,-0.14505577087402344,-0.0043964385986328125,-0.09889984130859375,-0.0549468994140625,-0.010990142822265625,-0.8184598541259764,-0.01435920715332031,5.8441038513183585,1.5189454193115235,0.0018640899658203124,-0.05032072448730469,0.005509464904785155,0.005801768859863277,-0.005062535400390644,-0.00759154400634765,0.0021887070922851568,0.002240009826660158,
429,331378.880961417,0.040461,0.292667,0.277274,-0.083074,0.04073,0.038173,-0.11439999999999992,-0.08009999999999962,0.002949999999998787,-0.04474999999999965,-0.11439999999999992,0.016750000000000098,0.046349525451660156,0.2981233596801758,0.2721824645996094,-0.09021854400634766,0.043679237365722656,0.040627479553222656,-0.08351707458496094,-0.10988998413085938,-0.021978378295898438,-0.010990142822265625,-0.09889984130859375,0.010990142822265625,-1.1056402587890624,0.1292291259765625,6.0164068603515615,1.4965803833007811,-0.04286598205566406,-0.046593353271484374,0.005888525451660159,0.005456359680175771,-0.0050915354003906454,-0.007144544006347661,0.002949237365722654,0.0024544795532226577,
430,331378.890966922,0.039315,0.291864,0.277304,-0.083522,0.039584,0.038341,-0.11479999999999997,-0.08039999999999992,0.002949999999998787,-0.044900000000000495,-0.11479999999999997,0.016800000000000148,0.045586585998535156,0.2969789505004883,0.2721824645996094,-0.09060001373291016,0.043297767639160156,0.040627479553222656,-0.10988998413085938,-0.127471923828125,-0.021978378295898438,-0.010990142822265625,-0.07692337036132812,-0.010990142822265625,-1.134358673095703,-0.2728211975097656,6.0164068603515615,1.4667606048583983,-0.08759524536132812,-0.04286598205566406,0.0062715859985351535,0.005114950500488269,-0.00512153540039062,-0.007078013732910157,0.003713767639160155,0.002286479553222656,
431,331378.900962803,0.03816500000000006,0.29105900000000007,0.277333,-0.08397199999999998,0.038434000000000065,0.038508999999999995,-0.11510000000000027,-0.08055000000000145,0.002950000000001545,-0.04504999999999995,-0.11505000000000024,0.016800000000000148,0.044060707092285156,0.2954530715942383,0.2721824645996094,-0.09021854400634766,0.041771888732910156,0.040627479553222656,-0.11868095397949219,-0.16263771057128906,-0.0043964385986328125,0.010990142822265625,-0.23077011108398438,-0.010990142822265625,-1.1056402587890624,-0.4738463592529296,6.0164068603515615,1.4443955688476562,-0.06523101806640624,-0.04286598205566406,0.005895707092285096,0.004394071594238214,-0.005150535400390621,-0.006246544006347679,0.003337888732910091,0.0021184795532226616,
432,331378.910967062,0.037013,0.290253,0.277363,-0.084423,0.037283,0.038677,-0.11524999999999973,-0.08065000000000155,0.0030000000000002247,-0.0451,-0.11520000000000002,0.0167999999999998,0.042916297912597656,0.2946901321411133,0.2721824645996094,-0.08983707427978516,0.040627479553222656,0.040627479553222656,-0.09230804443359375,-0.08351707458496094,-0.0043964385986328125,0.03296661376953125,-0.20878982543945312,-0.010990142822265625,-0.9907703399658202,-0.10051445007324217,6.0164068603515615,1.4183031616210937,-0.05032072448730469,-0.03913861083984375,0.005903297912597659,0.004437132141113298,-0.005180535400390651,-0.005414074279785158,0.0033444795532226596,0.0019504795532226532,
433,331378.920966025,0.03586,0.289446,0.277393,-0.084874,0.03613,0.038845,-0.11529999999999978,-0.08074999999999888,0.002999999999997449,-0.0451,-0.11524999999999973,0.01684999999999985,0.042153358459472656,0.2935457229614258,0.2721824645996094,-0.08945560455322266,0.039864540100097656,0.040627479553222656,-0.09230804443359375,-0.1362628936767578,-0.0043964385986328125,0.03296661376953125,-0.0549468994140625,-0.010990142822265625,-0.933333511352539,0.1579475402832031,6.0164068603515615,1.3847560119628906,-0.06523101806640624,-0.035411239624023434,0.006293358459472653,0.0040997229614258,-0.005210535400390626,-0.004581604553222651,0.003734540100097654,0.0017824795532226587,
434,331378.930964429,0.034707,0.288638,0.277423,-0.085325,0.034978,0.039014,-0.11525000000000007,-0.08074999999999888,0.002949999999998787,-0.0451,-0.11520000000000002,0.016850000000000198,0.041771888732910156,0.2924013137817383,0.2721824645996094,-0.08945560455322266,0.039864540100097656,0.040627479553222656,-0.03076934814453125,-0.11868095397949219,-0.013187408447265625,0.010990142822265625,-0.010990142822265625,-0.03296661376953125,-0.9620519256591795,0.2728211975097656,5.729230194091797,1.3773012695312499,-0.11368765258789063,-0.035411239624023434,0.0070648887329101545,0.0037633137817382756,-0.0052405354003906,-0.004130604553222658,0.004886540100097654,0.0016134795532226562,
435,331378.940964597,0.033555000000000064,0.28783100000000006,0.277452,-0.08577599999999998,0.033826000000000064,0.039181999999999995,-0.11509999999999994,-0.08060000000000013,0.002950000000001545,-0.045049999999999965,-0.11510000000000029,0.01680000000000014,0.041008949279785156,0.2916383743286133,0.2721824645996094,-0.08907413482666016,0.039864540100097656,0.040627479553222656,-0.10988998413085938,-0.10109901428222656,0.013187408447265625,0.010990142822265625,-0.0549468994140625,-0.010990142822265625,-0.646153106689453,0.3015396118164062,5.90154067993164,1.3735738983154298,-0.14723480224609375,-0.03168386840820312,0.007453949279785092,0.0038073743286132222,-0.005269535400390601,-0.003298134826660179,0.006038540100097592,0.0014454795532226616,
436,331378.950997525,0.03240499999999994,0.28702599999999995,0.277482,-0.08622600000000002,0.032675999999999934,0.03935000000000001,-0.11485000000000001,-0.0803999999999999,0.0030000000000002308,-0.044949999999999844,-0.11485000000000001,0.01674999999999974,0.039864540100097656,0.2904939651489258,0.2721824645996094,-0.08945560455322266,0.039101600646972656,0.040627479553222656,-0.17142868041992188,-0.11868095397949219,-0.03956031799316406,-0.03296661376953125,-0.120880126953125,-0.010990142822265625,-0.3589727020263671,0.5312831878662109,5.815385437011718,1.3735738983154298,-0.1546903533935547,-0.03168386840820312,0.0074595401000977155,0.0034679651489258334,-0.005299535400390631,-0.0032296045532226314,0.006425600646972722,0.0012774795532226463,
437,331378.960996605,0.031258,0.286223,0.277512,-0.086675,0.031529,0.039517,-0.11455000000000023,-0.08019999999999972,0.002949999999998787,-0.044850000000000445,-0.11449999999999984,0.0166999999999997,0.037194252014160156,0.2889680862426758,0.2721824645996094,-0.08983707427978516,0.036431312561035156,0.040627479553222656,-0.27692222595214844,-0.11868095397949219,-0.03076934814453125,-0.07692337036132812,-0.27472686767578125,-0.010990142822265625,-0.6748715209960936,0.732308349609375,5.700511779785155,1.3922107543945312,-0.08759524536132812,-0.0279556884765625,0.005936252014160155,0.002745086242675776,-0.005329535400390606,-0.003162074279785154,0.004902312561035155,0.0011104795532226597,
438,331378.970994867,0.030114,0.285422,0.277541,-0.087123,0.030386,0.039684,-0.11410000000000013,-0.07985000000000075,0.0029000000000001247,-0.0446999999999996,-0.11410000000000013,0.016700000000000048,0.035668373107910156,0.2878236770629883,0.2721824645996094,-0.09060001373291016,0.035286903381347656,0.040627479553222656,-0.15384674072265625,-0.09230804443359375,-0.013187408447265625,-0.09889984130859375,-0.23077011108398438,-0.03296661376953125,-0.732308349609375,0.5312831878662109,5.93025909423828,1.4183031616210937,-0.06895838928222656,-0.024228317260742187,0.005554373107910158,0.002401677062988272,-0.005358535400390607,-0.0034770137329101503,0.0049009033813476564,0.0009434795532226592,
439,331378.98096455,0.028976000000000064,0.28462600000000005,0.27757,-0.08756899999999997,0.029247000000000065,0.03985099999999999,-0.1134999999999999,-0.07945000000000035,0.0029000000000001247,-0.044450000000000066,-0.11354999999999998,0.016600000000000316,0.034523963928222656,0.2870607376098633,0.2721824645996094,-0.09136295318603516,0.032998085021972656,0.040627479553222656,-0.0659332275390625,-0.07472610473632812,0.021978378295898438,-0.14285659790039062,-0.40659332275390625,0.03296661376953125,-0.9046150970458983,0.3015396118164062,5.93025909423828,1.4406681976318358,-0.03168386840820312,-0.024228317260742187,0.005547963928222592,0.0024347376098632356,-0.005387535400390608,-0.00379395318603519,0.0037510850219725916,0.0007764795532226657,
440,331378.990965885,0.027843999999999938,0.28383299999999995,0.277599,-0.08801200000000003,0.02811499999999994,0.04001600000000001,-0.11284999999999988,-0.07904999999999994,0.0029000000000001303,-0.04415000000000041,-0.11284999999999988,0.016450000000000135,0.033761024475097656,0.2862977981567383,0.2721824645996094,-0.09250736236572266,0.031472206115722656,0.040627479553222656,-0.07472610473632812,-0.07472610473632812,-0.0043964385986328125,-0.14285659790039062,-0.120880126953125,-0.0549468994140625,-0.646153106689453,0.3589727020263671,5.815385437011718,1.4518503112792969,-0.020500946044921874,-0.024228317260742187,0.005917024475097718,0.002464798156738335,-0.00541653540039061,-0.004495362365722622,0.0033572061157227176,0.0006114795532226464,
441,331379.000966236,0.026719,0.283045,0.277628,-0.088452,0.02699,0.04018,-0.11210000000000005,-0.07850000000000079,0.0028500000000014625,-0.043899999999999495,-0.11210000000000005,0.016399999999999748,0.032998085021972656,0.2859163284301758,0.2721824645996094,-0.09288883209228516,0.03032684326171875,0.040627479553222656,-0.1362628936767578,-0.08351707458496094,-0.0043964385986328125,-0.09889984130859375,-0.25274658203125,0.03296661376953125,-0.6748715209960936,0.1292291259765625,6.0164068603515615,1.4406681976318358,-0.03168386840820312,-0.01677357482910156,0.0062790850219726566,0.00287132843017579,-0.005445535400390611,-0.004436832092285153,0.00333684326171875,0.0004474795532226558,
442,331379.010963078,0.025602,0.282263,0.277656,-0.08889,0.025873,0.040344,-0.11125000000000006,-0.07790000000000019,0.0028000000000000247,-0.04354999999999984,-0.11125000000000006,0.016299999999999995,0.031472206115722656,0.2851533889770508,0.2721824645996094,-0.09327030181884766,0.02918243408203125,0.041008949279785156,-0.1362628936767578,-0.05714225769042969,0.0043964385986328125,-0.0549468994140625,-0.16483688354492188,0.010990142822265625,-0.5887162780761718,-0.01435920715332031,6.102562103271484,1.4369408264160155,-0.03168386840820312,-0.020500946044921874,0.0058702061157226565,0.002890388977050795,-0.005473535400390639,-0.0043803018188476595,0.00330943408203125,0.0006649492797851583,
443,331379.020961555,0.024494,0.281487,0.277684,-0.089323,0.024765,0.040506,-0.11035000000000003,-0.07724999999999815,0.0028000000000000247,-0.04315000000000013,-0.11035000000000003,0.016100000000000142,0.03032684326171875,0.2847719192504883,0.2721824645996094,-0.09327030181884766,0.02841949462890625,0.040627479553222656,-0.09230804443359375,-0.05714225769042969,-0.021978378295898438,-0.03296661376953125,-0.14285659790039062,-0.03296661376953125,-0.7897451782226562,-0.5600016021728514,5.90154067993164,1.4071210479736327,-0.054048095703125,-0.01677357482910156,0.005832843261718752,0.003284919250488294,-0.005501535400390611,-0.003947301818847657,0.003654494628906251,0.00012147955322265591,
444,331379.030961375,0.023394999999999937,0.28071799999999997,0.277712,-0.08975300000000003,0.023665999999999937,0.04066600000000001,-0.10934999999999982,-0.0765500000000002,0.0028000000000000247,-0.04279999999999977,-0.10934999999999982,0.015949999999999992,0.02918243408203125,0.2843904495239258,0.2721824645996094,-0.09365177154541016,0.02689361572265625,0.041008949279785156,-0.08351707458496094,-0.05714225769042969,-0.0043964385986328125,-0.03296661376953125,-0.1868133544921875,0.03296661376953125,-0.5887162780761718,-0.4738463592529296,6.102562103271484,1.4033936767578126,-0.05032072448730469,-0.01304620361328125,0.005787434082031313,0.0036724495239258137,-0.005529535400390639,-0.003898771545410129,0.003227615722656313,0.00034294927978514855,
445,331379.040997823,0.022307,0.279956,0.27774,-0.090179,0.022578,0.040825,-0.10825000000000001,-0.0757500000000022,0.0028000000000000247,-0.042350000000000027,-0.10825000000000001,0.015799999999999842,0.02841949462890625,0.2836275100708008,0.2721824645996094,-0.09327030181884766,0.02613067626953125,0.041008949279785156,-0.08351707458496094,-0.048351287841796875,0.0043964385986328125,-0.03296661376953125,-0.16483688354492188,0.010990142822265625,-0.9907703399658202,0.7035899353027343,5.815385437011718,1.3847560119628906,-0.06150364685058594,-0.009318832397460937,0.0061124946289062496,0.0036715100708007986,-0.005557535400390612,-0.003091301818847661,0.003552676269531249,0.00018394927978515607,
446,331379.050996434,0.02123,0.279203,0.277768,-0.0906,0.021501,0.040982,-0.10710000000000007,-0.07489999999999997,0.0027500000000013625,-0.04190000000000027,-0.10710000000000007,0.015599999999999989,0.02765655517578125,0.2832460403442383,0.2721824645996094,-0.09365177154541016,0.02498626708984375,0.041008949279785156,-0.11868095397949219,-0.05714225769042969,-0.021978378295898438,-0.0549468994140625,-0.120880126953125,-0.010990142822265625,-0.3876911163330078,-0.01435920715332031,5.93025909423828,1.3810286407470702,-0.06523101806640624,-0.005591461181640625,0.006426555175781251,0.004043040344238302,-0.00558553540039064,-0.0030517715454101563,0.0034852670898437507,2.6949279785158653e-05,
447,331379.060964264,0.020165,0.278458,0.277795,-0.091017,0.020436,0.041137,-0.10579999999999999,-0.07404999999999773,0.0026999999999999247,-0.04139999999999977,-0.10579999999999999,0.015450000000000186,0.02536773681640625,0.2828645706176758,0.2721824645996094,-0.09403419494628906,0.02460479736328125,0.041008949279785156,-0.2593402862548828,-0.0659332275390625,0.013187408447265625,-0.07692337036132812,-0.09889984130859375,-0.010990142822265625,-0.3876911163330078,-0.01435920715332031,5.8441038513183585,1.3810286407470702,-0.09132342529296875,-0.005591461181640625,0.005202736816406251,0.004406570617675798,-0.005612535400390639,-0.003017194946289062,0.004168797363281251,-0.0001280507202148437,
448,331379.070965763,0.01911399999999994,0.27772199999999997,0.277822,-0.09142800000000002,0.01938499999999994,0.04129100000000001,-0.10439999999999992,-0.07309999999999812,0.00269999999999993,-0.040849999999999886,-0.10439999999999992,0.015300000000000032,0.02384185791015625,0.2824831008911133,0.2721824645996094,-0.09441566467285156,0.02346038818359375,0.041008949279785156,-0.15384674072265625,-0.07472610473632812,-0.013187408447265625,-0.09889984130859375,-0.16483688354492188,-0.010990142822265625,-0.4738463592529296,-0.21538436889648435,6.0164068603515615,1.388483383178711,-0.09132342529296875,-0.005591461181640625,0.00472785791015631,0.004761100891113312,-0.005639535400390638,-0.0029876646728515394,0.0040753881835938095,-0.000282050720214852,
449,331379.080963246,0.018077,0.276996,0.277849,-0.091834,0.018348,0.041443,-0.10294999999999992,-0.07205000000000128,0.002649999999998487,-0.04030000000000006,-0.10294999999999992,0.015049999999999786,0.02269744873046875,0.2817201614379883,0.2721824645996094,-0.09479713439941406,0.02193450927734375,0.041008949279785156,-0.11868095397949219,-0.0659332275390625,-0.013187408447265625,-0.07692337036132812,-0.27472686767578125,-0.010990142822265625,-0.6174346923828123,-0.3876911163330078,6.0164068603515615,1.3959381256103516,-0.06523101806640624,-0.0018640899658203124,0.004620448730468751,0.004724161437988261,-0.005666535400390638,-0.0029631343994140635,0.0035865092773437503,-0.0004340507202148444,
450,331379.090998447,0.017055,0.276281,0.277875,-0.092234,0.017326,0.041592,-0.10139999999999992,-0.07095000000000018,0.0025999999999998247,-0.0396500000000001,-0.10135000000000005,0.014799999999999883,0.02193450927734375,0.2809562683105469,0.2721824645996094,-0.09556007385253906,0.02079010009765625,0.041008949279785156,-0.05714225769042969,-0.09230804443359375,0.0043964385986328125,-0.1868133544921875,-0.25274658203125,-0.010990142822265625,-0.3876911163330078,0.3015396118164062,5.987695922851562,1.422030532836914,-0.046593353271484374,-0.0018640899658203124,0.004879509277343749,0.004675268310546876,-0.005692535400390608,-0.003326073852539066,0.003464100097656249,-0.0005830507202148408,
451,331379.100961966,0.016049,0.275577,0.277901,-0.092627,0.016321,0.041739,-0.09980000000000006,-0.06984999999999908,0.0025500000000011624,-0.039000000000000146,-0.0997500000000001,0.01460000000000003,0.02117156982421875,0.2805747985839844,0.2721824645996094,-0.09632301330566406,0.01850128173828125,0.041008949279785156,-0.0659332275390625,-0.0659332275390625,-0.0043964385986328125,-0.120880126953125,-0.25274658203125,0.010990142822265625,-1.3066654205322263,-0.41640953063964836,5.8441038513183585,1.4481229400634765,-0.024228317260742187,0.0018640899658203124,0.005122569824218749,0.004997798583984359,-0.005718535400390634,-0.0036960133056640615,0.0021802817382812513,-0.0007300507202148421,
452,331379.110961476,0.015059000000000055,0.2748840000000001,0.277926,-0.09301399999999997,0.015331000000000055,0.04188399999999999,-0.09810000000000012,-0.06865000000000074,0.002499999999999719,-0.03835000000000023,-0.09810000000000005,0.014350000000000149,0.02079010009765625,0.2798118591308594,0.2721824645996094,-0.09708595275878906,0.01811981201171875,0.041008949279785156,-0.0659332275390625,-0.0659332275390625,0.013187408447265625,-0.09889984130859375,-0.0549468994140625,-0.010990142822265625,-0.9907703399658202,0.043077621459960934,5.90154067993164,1.4369408264160155,-0.024228317260742187,0.0018640899658203124,0.005731100097656195,0.004927859130859302,-0.005743535400390631,-0.004071952758789091,0.0027888120117186953,-0.0008750507202148344,
453,331379.120962977,0.014087,0.274204,0.277951,-0.093394,0.014359,0.042026,-0.09629999999999994,-0.06740000000000079,0.0024999999999997247,-0.03765000000000018,-0.09629999999999994,0.014100000000000223,0.02002716064453125,0.2794303894042969,0.2721824645996094,-0.09746742248535156,0.01773834228515625,0.041008949279785156,-0.08351707458496094,-0.05714225769042969,-0.0043964385986328125,-0.07692337036132812,-0.09889984130859375,0.03296661376953125,-1.5938458251953123,-0.10051445007324217,5.90154067993164,1.4332134552001952,-0.046593353271484374,0.005591461181640625,0.0059401606445312494,0.005226389404296872,-0.005768535400390629,-0.004073422485351558,0.0033793422851562498,-0.0010170507202148446,
454,331379.130961569,0.013133,0.273536,0.277976,-0.093767,0.013405,0.042166,-0.09445,-0.06605000000000083,0.0024500000000010624,-0.03689999999999943,-0.09445,0.013799999999999923,0.01888275146484375,0.2790489196777344,0.2721824645996094,-0.09784889221191406,0.01735687255859375,0.041008949279785156,-0.10109901428222656,-0.048351287841796875,-0.0043964385986328125,-0.07692337036132812,-0.03296661376953125,-0.010990142822265625,-1.134358673095703,0.1579475402832031,6.159998931884765,1.4332134552001952,-0.0801405029296875,0.0018640899658203124,0.005749751464843749,0.005512919677734374,-0.005793535400390626,-0.004081892211914059,0.00395187255859375,-0.0011570507202148458,
455,331379.140961194,0.012198,0.272883,0.278,-0.094132,0.01247,0.042302,-0.09244999999999999,-0.06464999999999943,0.0023999999999996247,-0.03610000000000002,-0.09250000000000004,0.01349999999999997,0.01811981201171875,0.2782859802246094,0.2721824645996094,-0.09784889221191406,0.01697540283203125,0.041390419006347656,-0.048351287841796875,-0.048351287841796875,0.013187408447265625,-0.010990142822265625,-0.07692337036132812,-0.010990142822265625,-0.7897451782226562,-0.1866659545898437,6.0164068603515615,1.4145757904052734,-0.11368765258789063,0.0018640899658203124,0.0059218120117187495,0.005402980224609388,-0.00581753540039065,-0.003716892211914069,0.00450540283203125,-0.0009115809936523431,
456,331379.150961249,0.011284000000000053,0.27224300000000007,0.278024,-0.09448899999999999,0.011555000000000051,0.042435999999999995,-0.0903500000000002,-0.06324999999999813,0.002349999999998198,-0.03530000000000065,-0.09040000000000016,0.013200000000000052,0.01735687255859375,0.2779045104980469,0.2721824645996094,-0.09823036193847656,0.01659393310546875,0.041008949279785156,-0.048351287841796875,-0.03956031799316406,0.0043964385986328125,-0.03296661376953125,-0.09889984130859375,-0.03296661376953125,-0.5887162780761718,-0.1866659545898437,6.102562103271484,1.3922107543945312,-0.12487057495117188,0.005591461181640625,0.006072872558593697,0.005661510498046807,-0.005841535400390618,-0.003741361938476573,0.005038933105468699,-0.0014270507202148383,
457,331379.160960794,0.010391,0.271618,0.278047,-0.094838,0.010662,0.042566,-0.08825000000000005,-0.061749999999999305,0.0022999999999995246,-0.03444999999999976,-0.08824999999999995,0.012900000000000064,0.01697540283203125,0.2775230407714844,0.2721824645996094,-0.09823036193847656,0.01544952392578125,0.041390419006347656,-0.03956031799316406,-0.03076934814453125,0.03076934814453125,0.010990142822265625,-0.16483688354492188,-0.010990142822265625,-0.732308349609375,-0.1866659545898437,5.815385437011718,1.3773012695312499,-0.11741502380371094,0.009318832397460937,0.006584402832031251,0.005905040771484349,-0.005864535400390614,-0.003392361938476557,0.00478752392578125,-0.0011755809936523434,
458,331379.170961197,0.009519,0.271008,0.27807,-0.095178,0.00979,0.042694,-0.08604999999999993,-0.06020000000000192,0.0022500000000008624,-0.0335999999999996,-0.08599999999999997,0.012600000000000111,0.01621246337890625,0.2767601013183594,0.2721824645996094,-0.09784889221191406,0.01468658447265625,0.041390419006347656,-0.10109901428222656,-0.08351707458496094,-0.013187408447265625,0.010990142822265625,-0.16483688354492188,0.03296661376953125,-0.9620519256591795,-0.01435920715332031,6.131280517578125,1.3698465270996094,-0.09505079650878906,0.005591461181640625,0.00669346337890625,0.005752101318359348,-0.005887535400390609,-0.002670892211914064,0.00489658447265625,-0.0013035809936523465,
459,331379.180961985,0.00867,0.270414,0.278092,-0.09551,0.008942,0.042818,-0.08370000000000001,-0.058550000000001656,0.0021999999999994246,-0.03270000000000009,-0.08365000000000004,0.012199999999999711,0.01506805419921875,0.2759971618652344,0.2721824645996094,-0.09784889221191406,0.01392364501953125,0.041390419006347656,-0.10988998413085938,-0.07472610473632812,-0.013187408447265625,0.010990142822265625,-0.120880126953125,-0.010990142822265625,-0.3876911163330078,0.445127944946289,5.987695922851562,1.3623909759521484,-0.10250553894042969,0.005591461181640625,0.006398054199218749,0.005583161865234387,-0.005909535400390631,-0.002338892211914065,0.00498164501953125,-0.0014275809936523456,
460,331379.190996535,0.007845000000000046,0.26983700000000005,0.278114,-0.09583199999999999,0.008117000000000046,0.04293799999999999,-0.08130000000000018,-0.05685000000000005,0.0021500000000007737,-0.03169999999999984,-0.08130000000000018,0.011850000000000067,0.01354217529296875,0.2752342224121094,0.2721824645996094,-0.09823036193847656,0.01316070556640625,0.041390419006347656,-0.15384674072265625,-0.09230804443359375,0.0043964385986328125,-0.03296661376953125,-0.09889984130859375,-0.010990142822265625,-0.6174346923828123,0.1579475402832031,5.815385437011718,1.3661183471679688,-0.10996028137207031,0.009318832397460937,0.005697175292968704,0.005397222412109326,-0.005931535400390597,-0.002398361938476576,0.005043705566406204,-0.0015475809936523338,
461,331379.200963027,0.007043999999999955,0.26927699999999993,0.278135,-0.09614400000000001,0.0073159999999999545,0.04305500000000001,-0.07884999999999982,-0.05519999999999961,0.002050000000000651,-0.03075000000000018,-0.07884999999999984,0.011500000000000022,0.01239776611328125,0.2744712829589844,0.2721824645996094,-0.09823036193847656,0.01239776611328125,0.041390419006347656,-0.16263771057128906,-0.08351707458496094,0.013187408447265625,-0.03296661376953125,-0.120880126953125,-0.010990142822265625,-0.3015396118164062,0.1579475402832031,6.274872589111328,1.3698465270996094,-0.10623291015625,0.01304620361328125,0.005353766113281295,0.005194282958984442,-0.005952535400390646,-0.0020863619384765553,0.0050817661132812955,-0.0016645809936523537,
462,331379.210961371,0.006268,0.268733,0.278155,-0.096447,0.00654,0.043168,-0.0764,-0.05350000000000077,0.0019999999999992246,-0.02980000000000066,-0.07634999999999999,0.011149999999999702,0.01125335693359375,0.2733268737792969,0.2721824645996094,-0.09861183166503906,0.01010894775390625,0.041771888732910156,-0.08351707458496094,-0.08351707458496094,-0.0043964385986328125,-0.0549468994140625,-0.34066009521484375,0.0549468994140625,-0.8471782684326171,-0.01435920715332031,6.102562103271484,1.3773012695312499,-0.06150364685058594,0.01677357482910156,0.00498535693359375,0.004593873779296875,-0.005972535400390611,-0.0021648316650390576,0.00356894775390625,-0.0013961112670898418,
463,331379.22096123,0.005516,0.268207,0.278175,-0.09674,0.005789,0.043278,-0.07390000000000001,-0.05169999999999897,0.0019500000000005624,-0.02884999999999971,-0.07390000000000001,0.010800000000000046,0.01049041748046875,0.2725639343261719,0.2721824645996094,-0.09899330139160156,0.00934600830078125,0.041771888732910156,-0.0659332275390625,-0.09230804443359375,-0.021978378295898438,-0.07692337036132812,-0.16483688354492188,0.010990142822265625,-0.7897451782226562,0.6174346923828123,6.102562103271484,1.3773012695312499,-0.03913861083984375,0.01304620361328125,0.00497441748046875,0.004356934326171902,-0.005992535400390631,-0.002253301391601556,0.00355700830078125,-0.0015061112670898408,
464,331379.230998905,0.004790000000000041,0.2676990000000001,0.278194,-0.09702399999999999,0.00506200000000004,0.04338399999999999,-0.07135000000000015,-0.0499499999999987,0.001899999999999119,-0.027899999999999515,-0.07145000000000012,0.010400000000000015,0.01010894775390625,0.2718009948730469,0.2721824645996094,-0.09899330139160156,0.00820159912109375,0.041771888732910156,-0.048351287841796875,-0.11868095397949219,0.013187408447265625,-0.0549468994140625,-0.120880126953125,0.010990142822265625,-0.9620519256591795,-0.4738463592529296,6.0164068603515615,1.3773012695312499,-0.04286598205566406,0.009318832397460937,0.005318947753906209,0.004101994873046799,-0.006011535400390622,-0.0019693013916015772,0.0031395991210937096,-0.0016121112670898358,
465,331379.240997784,0.004088999999999961,0.267208,0.278213,-0.09729800000000001,0.004359999999999961,0.043486000000000004,-0.06884999999999986,-0.04820000000000092,0.0018500000000004565,-0.026899999999999778,-0.06889999999999981,0.010049999999999977,0.00972747802734375,0.2706565856933594,0.2721824645996094,-0.09937477111816406,0.00858306884765625,0.041771888732910156,-0.07472610473632812,-0.127471923828125,-0.013187408447265625,-0.0549468994140625,-0.010990142822265625,-0.010990142822265625,-0.9620519256591795,0.445127944946289,6.0164068603515615,1.3773012695312499,-0.06895838928222656,0.009318832397460937,0.005638478027343789,0.003448585693359374,-0.006030535400390613,-0.002076771118164053,0.004223068847656289,-0.0017141112670898476,
466,331379.250963775,0.003413,0.266735,0.278231,-0.097562,0.003684,0.043585,-0.06634999999999998,-0.04639999999999922,0.0017500000000003624,-0.02595000000000028,-0.06635,0.009699999999999986,0.00934600830078125,0.2698936462402344,0.2721824645996094,-0.09975624084472656,0.00743865966796875,0.041771888732910156,-0.03956031799316406,-0.07472610473632812,0.013187408447265625,-0.03296661376953125,-0.120880126953125,-0.010990142822265625,-0.7897451782226562,0.1579475402832031,5.815385437011718,1.3810286407470702,-0.08759524536132812,0.009318832397460937,0.005933008300781251,0.003158646240234375,-0.006048535400390631,-0.0021942408447265666,0.00375465966796875,-0.0018131112670898425,
467,331379.260963352,0.002762,0.26628,0.278248,-0.097817,0.003033,0.04368,-0.06384999999999999,-0.04464999999999886,0.0016999999999989246,-0.024949999999999972,-0.06385000000000002,0.009349999999999983,0.00896453857421875,0.2691307067871094,0.2721824645996094,-0.10013771057128906,0.00667572021484375,0.042153358459472656,-0.0659332275390625,-0.09230804443359375,-0.013187408447265625,-0.07692337036132812,-0.120880126953125,0.03296661376953125,-0.732308349609375,0.8471782684326171,6.217435760498046,1.3847560119628906,-0.07641313171386718,0.005591461181640625,0.0062025385742187494,0.0028507067871093583,-0.00606553540039062,-0.0023207105712890613,0.00364272021484375,-0.0015266415405273404,
468,331379.271007389,0.002136,0.265842,0.278265,-0.098061,0.002407,0.043772,-0.0613,-0.04290000000000127,0.0016500000000002624,-0.023899999999999616,-0.0613,0.009000000000000327,0.00820159912109375,0.2683677673339844,0.2721824645996094,-0.10051918029785156,0.00629425048828125,0.042534828186035156,-0.08351707458496094,-0.07472610473632812,-0.013187408447265625,-0.07692337036132812,-0.120880126953125,0.03296661376953125,-0.4738463592529296,0.3015396118164062,6.0164068603515615,1.388483383178711,-0.08759524536132812,-0.005591461181640625,0.00606559912109375,0.0025257673339843523,-0.00608253540039061,-0.002458180297851567,0.00388725048828125,-0.0012371718139648422,
469,331379.280963193,0.0015359999999999666,0.265422,0.278281,-0.09829500000000001,0.0018069999999999666,0.04386000000000001,-0.05874999999999985,-0.041100000000002135,0.0015500000000001567,-0.022950000000000016,-0.05874999999999985,0.008599999999999905,0.00705718994140625,0.2676048278808594,0.2721824645996094,-0.10051918029785156,0.00591278076171875,0.043297767639160156,-0.08351707458496094,-0.07472610473632812,-0.0043964385986328125,-0.03296661376953125,-0.07692337036132812,0.14285659790039062,-0.5025647735595702,0.445127944946289,6.0164068603515615,1.3773012695312499,-0.09877816772460937,-0.020500946044921874,0.005521189941406284,0.0021828278808593837,-0.006098535400390626,-0.002224180297851555,0.004105780761718783,-0.0005622323608398538,
470,331379.290961449,0.000961,0.26502,0.278296,-0.09852,0.001232,0.043944,-0.0562,-0.03934999999999911,0.0014500000000000624,-0.02195000000000044,-0.0562,0.008199999999999874,0.00629425048828125,0.2668418884277344,0.2721824645996094,-0.10051918029785156,0.00591278076171875,0.044442176818847656,-0.021978378295898438,-0.048351287841796875,0.013187408447265625,-0.010990142822265625,-0.03296661376953125,0.14285659790039062,-1.0194887542724609,0.3876911163330078,6.303591003417968,1.3623909759521484,-0.12487057495117188,-0.03913861083984375,0.00533325048828125,0.0018218884277343972,-0.006113535400390613,-0.001999180297851566,0.0046807807617187495,0.0004981768188476593,
471,331379.300961523,0.000412,0.264635,0.27831,-0.098734,0.000683,0.044024,-0.0536,-0.03755000000000008,0.0014000000000014001,-0.020900000000000085,-0.0536,0.007850000000000218,0.00629425048828125,0.2668418884277344,0.2721824645996094,-0.10090065002441406,0.00553131103515625,0.044823646545410156,-0.013187408447265625,-0.021978378295898438,-0.013187408447265625,-0.0549468994140625,-0.07692337036132812,0.010990142822265625,-0.9620519256591795,0.445127944946289,6.274872589111328,1.3623909759521484,-0.1285979461669922,-0.046593353271484374,0.00588225048828125,0.002206888427734366,-0.006127535400390627,-0.00216665002441406,0.00484831103515625,0.0007996465454101556,
472,331379.31096305,-0.000111,0.264269,0.278324,-0.098938,0.00016,0.044101,-0.051000000000000004,-0.03569999999999962,0.0013499999999999623,-0.01989999999999978,-0.051000000000000004,0.007499999999999868,0.00629425048828125,0.2664604187011719,0.2721824645996094,-0.10090065002441406,0.00438690185546875,0.044442176818847656,-0.0043964385986328125,-0.021978378295898438,-0.013187408447265625,-0.03296661376953125,-0.14285659790039062,-0.0549468994140625,-0.5600016021728514,0.1292291259765625,5.987695922851562,1.3512088623046874,-0.09132342529296875,-0.035411239624023434,0.00640525048828125,0.002191418701171899,-0.006141535400390641,-0.0019626500244140643,0.00422690185546875,0.00034117681884765494,
473,331379.320966123,-0.0006080000000000276,0.263921,0.278337,-0.09913200000000001,-0.0003370000000000275,0.044174000000000005,-0.04839999999999987,-0.033899999999997724,0.0012499999999998565,-0.01895000000000018,-0.04834999999999984,0.007049999999999725,0.00591278076171875,0.2664604187011719,0.2721824645996094,-0.10090065002441406,0.00362396240234375,0.044442176818847656,-0.03076934814453125,-0.03076934814453125,-0.021978378295898438,-0.0549468994140625,-0.20878982543945312,0.010990142822265625,-0.9907703399658202,0.01435920715332031,6.102562103271484,1.3549362335205077,-0.06523101806640624,-0.0279556884765625,0.006520780761718778,0.0025394187011718583,-0.006154535400390626,-0.0017686500244140507,0.003960962402343777,0.0002681768188476513,
474,331379.330965579,-0.001079,0.263591,0.278349,-0.099317,-0.000807,0.044242,-0.045799999999999993,-0.032050000000000134,0.0011499999999997623,-0.01794999999999991,-0.04575,0.006650000000000059,0.00591278076171875,0.2664604187011719,0.2721824645996094,-0.10090065002441406,0.00286102294921875,0.044823646545410156,-0.021978378295898438,0.0043964385986328125,0.013187408447265625,-0.0549468994140625,-0.09889984130859375,-0.010990142822265625,-0.933333511352539,0.5025647735595702,6.303591003417968,1.3623909759521484,-0.05032072448730469,-0.024228317260742187,0.00699178076171875,0.0028694187011718553,-0.006166535400390638,-0.00158365002441406,0.00366802294921875,0.0005816465454101596,
475,331379.340962234,-0.001524,0.26328,0.27836,-0.099491,-0.001252,0.044307,-0.043149999999999994,-0.03019999999999967,0.0010499999999996623,-0.016899999999999554,-0.04315,0.0063000000000000556,0.00553131103515625,0.2664604187011719,0.2721824645996094,-0.10128211975097656,0.00247955322265625,0.044442176818847656,-0.03076934814453125,-0.013187408447265625,-0.0043964385986328125,-0.03296661376953125,-0.09889984130859375,-0.010990142822265625,-0.933333511352539,0.33025802612304683,6.0164068603515615,1.3623909759521484,-0.06150364685058594,-0.024228317260742187,0.00705531103515625,0.003180418701171861,-0.006177535400390621,-0.0017911197509765664,0.00373155322265625,0.0001351768188476571,
476,331379.350962543,-0.001942,0.262987,0.27837,-0.099655,-0.00167,0.044368,-0.04050000000000001,-0.028350000000001985,0.0009499999999995623,-0.015899999999999942,-0.040499999999999994,0.0059000000000000025,0.00514984130859375,0.2664604187011719,0.2721824645996094,-0.10166358947753906,0.00209808349609375,0.044823646545410156,-0.03076934814453125,-0.013187408447265625,-0.03076934814453125,-0.0549468994140625,-0.010990142822265625,0.010990142822265625,-0.9046150970458983,0.33025802612304683,5.90154067993164,1.3661183471679688,-0.09132342529296875,-0.020500946044921874,0.00709184130859375,0.0034734187011718487,-0.006187535400390631,-0.002008589477539069,0.00376808349609375,0.00045564654541015853,
477,331379.360964312,-0.0023339999999999785,0.262713,0.278379,-0.09980899999999998,-0.0020619999999999783,0.044425,-0.03785000000000016,-0.02650000000000162,0.0008499999999994679,-0.014900000000000387,-0.037850000000000154,0.005550000000000011,0.00514984130859375,0.2664604187011719,0.2721824645996094,-0.10204505920410156,0.00209808349609375,0.044823646545410156,-0.013187408447265625,-0.013187408447265625,0.0043964385986328125,-0.09889984130859375,-0.0549468994140625,0.010990142822265625,-0.7035899353027343,0.3015396118164062,5.93025909423828,1.3810286407470702,-0.10996028137207031,-0.020500946044921874,0.0074838413085937285,0.0037474187011719007,-0.006196535400390613,-0.0022360592041015814,0.004160083496093729,0.00039864654541015704,
478,331379.370962702,-0.002699,0.262457,0.278387,-0.099953,-0.002427,0.044479,-0.03519999999999999,-0.024649999999998284,0.0008000000000008001,-0.013900000000000023,-0.03515,0.005149999999999946,0.00476837158203125,0.2664604187011719,0.2721824645996094,-0.10280799865722656,0.00171661376953125,0.044442176818847656,-0.0043964385986328125,-0.0043964385986328125,-0.013187408447265625,-0.16483688354492188,-0.09889984130859375,-0.010990142822265625,-1.0194887542724609,0.4738463592529296,5.815385437011718,1.4145757904052734,-0.10623291015625,-0.020500946044921874,0.00746737158203125,0.004003418701171879,-0.006204535400390621,-0.0028549986572265623,0.00414361376953125,-3.6823181152341455e-05,
479,331379.380997515,-0.003038,0.26222,0.278395,-0.100087,-0.002765,0.044528,-0.03255,-0.02274999999999916,0.0007000000000007001,-0.012849999999999667,-0.0325,0.00475000000000024,0.00476837158203125,0.2664604187011719,0.2721824645996094,-0.10395240783691406,0.00095367431640625,0.044823646545410156,-0.0043964385986328125,0.0043964385986328125,-0.013187408447265625,-0.120880126953125,-0.07692337036132812,-0.010990142822265625,-0.933333511352539,0.1292291259765625,5.815385437011718,1.4481229400634765,-0.08386787414550781,-0.01677357482910156,0.00780637158203125,0.004240418701171866,-0.006212535400390629,-0.003865407836914067,0.00371867431640625,0.0002956465454101581,
480,331379.390962923,-0.00335,0.262002,0.278401,-0.10021,-0.003077,0.044574,-0.029850000000000015,-0.020850000000000035,0.0006000000000006,-0.011800000000000005,-0.029849999999999995,0.004400000000000237,0.00438690185546875,0.2664604187011719,0.2721824645996094,-0.10433387756347656,-0.00019073486328125,0.044823646545410156,-0.013187408447265625,-0.0043964385986328125,0.0043964385986328125,-0.09889984130859375,-0.14285659790039062,-0.010990142822265625,-0.8471782684326171,0.1579475402832031,6.217435760498046,1.4555776824951172,-0.054048095703125,-0.01677357482910156,0.0077369018554687505,0.004458418701171862,-0.006218535400390635,-0.004123877563476569,0.00288626513671875,0.00024964654541015374,
481,331379.400962968,-0.0036349999999999846,0.261803,0.278407,-0.100323,-0.0033619999999999844,0.044616,-0.02725000000000013,-0.019050000000001097,0.0005000000000005227,-0.010800000000000448,-0.02720000000000015,0.00399999999999986,0.00438690185546875,0.2664604187011719,0.2721824645996094,-0.10509681701660156,-0.00057220458984375,0.044823646545410156,-0.021978378295898438,-0.0043964385986328125,-0.013187408447265625,-0.09889984130859375,-0.09889984130859375,-0.010990142822265625,-0.9046150970458983,-0.043077621459960934,6.102562103271484,1.463033233642578,-0.03913861083984375,-0.01677357482910156,0.008021901855468735,0.004657418701171867,-0.006224535400390641,-0.004773817016601567,0.0027897954101562344,0.00020764654541015337,
482,331379.410962435,-0.003895,0.261621,0.278411,-0.100426,-0.003621,0.044654,-0.024699999999999982,-0.017300000000000648,0.00044999999999906226,-0.009850000000000136,-0.02465,0.003599999999999784,0.00400543212890625,0.2664604187011719,0.2721824645996094,-0.10585975646972656,-0.00095367431640625,0.044823646545410156,-0.021978378295898438,-0.0043964385986328125,-0.013187408447265625,-0.09889984130859375,-0.07692337036132812,-0.010990142822265625,-0.9907703399658202,-0.1866659545898437,6.303591003417968,1.4779427185058593,-0.035411239624023434,-0.01677357482910156,0.00790043212890625,0.0048394187011718826,-0.006228535400390645,-0.005433756469726561,0.00266732568359375,0.000169646545410157,
483,331379.420961831,-0.004129,0.261457,0.278416,-0.10052,-0.003855,0.044688,-0.02230000000000001,-0.015599999999998948,0.00040000000000040004,-0.00889999999999988,-0.022250000000000002,0.003250000000000128,0.00400543212890625,0.2664604187011719,0.2721824645996094,-0.10585975646972656,-0.00133514404296875,0.044823646545410156,-0.021978378295898438,-0.0043964385986328125,0.0043964385986328125,-0.0549468994140625,-0.03296661376953125,0.010990142822265625,-0.8184598541259764,0.1866659545898437,6.0164068603515615,1.474215347290039,-0.03913861083984375,-0.01304620361328125,0.00813443212890625,0.00500341870117188,-0.006233535400390622,-0.005339756469726564,0.00251985595703125,0.0001356465454101577,
484,331379.430965108,-0.004341,0.261309,0.278419,-0.100604,-0.004066,0.044719,-0.020050000000000016,-0.014049999999998786,0.0003000000000003,-0.008000000000000368,-0.020000000000000007,0.0029000000000001247,0.00362396240234375,0.2664604187011719,0.2721824645996094,-0.10624122619628906,-0.00171661376953125,0.044823646545410156,-0.03076934814453125,-0.013187408447265625,-0.0043964385986328125,-0.0549468994140625,-0.0549468994140625,-0.010990142822265625,-0.7897451782226562,-0.043077621459960934,6.102562103271484,1.4593058624267579,-0.046593353271484374,-0.01304620361328125,0.007964962402343751,0.0051514187011718615,-0.006236535400390653,-0.0056372261962890635,0.00234938623046875,0.00010464654541015445,
485,331379.440961601,-0.00452999999999999,0.261176,0.278422,-0.10068,-0.00425499999999999,0.044746,-0.017900000000000086,-0.012550000000000146,0.0002499999999988736,-0.007200000000000308,-0.0178500000000001,0.0025999999999998247,0.00362396240234375,0.2664604187011719,0.2721824645996094,-0.10624122619628906,-0.00209808349609375,0.044823646545410156,-0.013187408447265625,0.0043964385986328125,-0.013187408447265625,0.010990142822265625,-0.07692337036132812,-0.010990142822265625,-1.1056402587890624,0.043077621459960934,6.102562103271484,1.4443955688476562,-0.03913861083984375,-0.01304620361328125,0.008153962402343739,0.005284418701171856,-0.006239535400390628,-0.005561226196289057,0.0021569165039062397,7.76465454101552e-05,
486,331379.450961376,-0.004699000000000009,0.261058,0.278424,-0.100748,-0.0044230000000000085,0.044771,-0.015899999999999866,-0.011099999999999914,0.0002000000000002057,-0.006399999999999416,-0.015799999999999894,0.0022999999999998373,0.00324249267578125,0.2664604187011719,0.2721824645996094,-0.10585975646972656,-0.00324249267578125,0.044823646545410156,-0.048351287841796875,-0.013187408447265625,-0.0043964385986328125,-0.03296661376953125,-0.09889984130859375,0.010990142822265625,-0.8471782684326171,-0.1292291259765625,5.93025909423828,1.4369408264160155,-0.03168386840820312,-0.01304620361328125,0.007941492675781259,0.005402418701171863,-0.00624153540039063,-0.005111756469726558,0.0011805073242187585,5.264654541015795e-05,
487,331379.460961306,-0.004848,0.260954,0.278426,-0.100808,-0.004571,0.044792,-0.013949999999999987,-0.009750000000000036,0.00014999999999876223,-0.005600000000000049,-0.013900000000000023,0.0019999999999999185,0.00247955322265625,0.2664604187011719,0.2721824645996094,-0.10585975646972656,-0.00362396240234375,0.044823646545410156,-0.10988998413085938,0.0043964385986328125,-0.013187408447265625,-0.03296661376953125,-0.09889984130859375,0.010990142822265625,-1.2492323303222654,0.3876911163330078,6.102562103271484,1.4369408264160155,-0.01677357482910156,-0.01304620361328125,0.00732755322265625,0.005506418701171856,-0.006243535400390632,-0.005051756469726568,0.0009470375976562504,3.164654541015777e-05,
488,331379.470964985,-0.004978,0.260863,0.278427,-0.10086,-0.004701,0.044811,-0.012150000000000008,-0.008500000000000174,0.00010000000000010001,-0.004849999999999993,-0.012149999999999965,0.0018000000000000654,0.00133514404296875,0.2660789489746094,0.2721824645996094,-0.10585975646972656,-0.00438690185546875,0.044823646545410156,-0.1362628936767578,-0.013187408447265625,0.05714225769042969,-0.010990142822265625,-0.07692337036132812,-0.010990142822265625,-0.01435920715332031,-0.01435920715332031,5.987695922851562,1.4369408264160155,-0.0018640899658203124,-0.01304620361328125,0.00631314404296875,0.0052159489746093635,-0.006244535400390605,-0.004999756469726557,0.0003140981445312503,1.2646545410159582e-05,
489,331379.480966479,-0.005090999999999994,0.260784,0.278428,-0.100905,-0.004813999999999994,0.044828,-0.01050000000000009,-0.007300000000001817,0.00010000000000010001,-0.004200000000000066,-0.010450000000000095,0.0015500000000001851,0.00019073486328125,0.2660789489746094,0.2721824645996094,-0.10585975646972656,-0.00476837158203125,0.044823646545410156,-0.10988998413085938,-0.021978378295898438,-0.013187408447265625,-0.010990142822265625,-0.09889984130859375,0.010990142822265625,-0.732308349609375,0.1579475402832031,6.389746246337889,1.4406681976318358,0.0018640899658203124,-0.01304620361328125,0.005281734863281244,0.005294948974609359,-0.006245535400390634,-0.004954756469726568,4.562841796874363e-05,-4.353454589843542e-06,
490,331379.490964972,-0.005188000000000005,0.260717,0.278429,-0.100944,-0.0049100000000000055,0.044842,-0.008949999999999925,-0.006200000000000588,0.00014999999999877928,-0.003600000000000097,-0.008899999999999929,0.0012999999999999008,-0.00057220458984375,0.2660789489746094,0.2721824645996094,-0.10585975646972656,-0.00476837158203125,0.044823646545410156,-0.09230804443359375,-0.0043964385986328125,-0.013187408447265625,-0.010990142822265625,-0.010990142822265625,-0.010990142822265625,-0.732308349609375,-0.1579475402832031,6.0164068603515615,1.4369408264160155,-0.0018640899658203124,-0.01677357482910156,0.004615795410156255,0.0053619489746093985,-0.006246535400390607,-0.0049157564697265566,0.0001416284179687555,-1.8353454589843665e-05,
491,331379.500966838,-0.00527,0.26066,0.278431,-0.100977,-0.004992,0.044854,-0.007499999999999998,-0.005249999999998312,0.0001500000000015378,-0.002999999999999531,-0.007499999999999998,0.0011000000000000593,-0.00095367431640625,0.2660789489746094,0.2721824645996094,-0.10624122619628906,-0.00438690185546875,0.044823646545410156,-0.0659332275390625,-0.0043964385986328125,0.03076934814453125,-0.010990142822265625,0.0549468994140625,-0.010990142822265625,-0.1292291259765625,0.1579475402832031,6.274872589111328,1.4332134552001952,-0.020500946044921874,-0.01304620361328125,0.00431632568359375,0.005418948974609372,-0.006248535400390609,-0.005264226196289065,0.0006050981445312499,-3.035345458984179e-05,
492,331379.510999195,-0.005338,0.260612,0.278432,-0.101004,-0.00506,0.044864,-0.006199999999999999,-0.004350000000000187,0.00010000000000010001,-0.0024500000000003685,-0.006199999999999999,0.0009000000000002062,-0.00133514404296875,0.2660789489746094,0.2721824645996094,-0.10585975646972656,-0.00438690185546875,0.044823646545410156,-0.048351287841796875,-0.013187408447265625,0.021978378295898438,0.010990142822265625,0.010990142822265625,-0.010990142822265625,-0.646153106689453,-0.1866659545898437,5.987695922851562,1.429486083984375,-0.03168386840820312,-0.01304620361328125,0.00400285595703125,0.005466948974609365,-0.006249535400390638,-0.004855756469726566,0.0006730981445312503,-4.035345458984485e-05,
493,331379.520996084,-0.005394,0.260573,0.278433,-0.101026,-0.005116,0.044872,-0.005000000000000013,-0.0035000000000007248,0.00014999999999876223,-0.0019499999999998685,-0.00499999999999997,0.0007000000000000062,-0.00133514404296875,0.2660789489746094,0.2721824645996094,-0.10585975646972656,-0.00476837158203125,0.044823646545410156,-0.013187408447265625,0.013187408447265625,0.021978378295898438,-0.010990142822265625,-0.03296661376953125,-0.010990142822265625,-0.4738463592529296,-0.07179603576660155,6.102562103271484,1.4257579040527344,-0.0279556884765625,-0.009318832397460937,0.00405885595703125,0.005505948974609376,-0.006250535400390611,-0.004833756469726558,0.0003476284179687499,-4.835345458984591e-05,
494,331379.530963045,-0.005438000000000003,0.260542,0.278435,-0.101043,-0.005160000000000002,0.044878,-0.0038999999999999348,-0.0027499999999985414,0.00020000000000019433,-0.001500000000000095,-0.003899999999999929,0.0005499999999998505,-0.00133514404296875,0.2660789489746094,0.2721824645996094,-0.10585975646972656,-0.00476837158203125,0.044823646545410156,-0.0043964385986328125,-0.0043964385986328125,-0.013187408447265625,-0.010990142822265625,0.010990142822265625,-0.010990142822265625,-0.646153106689453,0.1579475402832031,6.102562103271484,1.429486083984375,-0.020500946044921874,-0.009318832397460937,0.004102855957031253,0.005536948974609379,-0.006252535400390613,-0.004816756469726569,0.00039162841796875226,-5.4353454589844974e-05,
495,331379.540961465,-0.005472,0.260518,0.278437,-0.101056,-0.005194,0.044883,-0.0029500000000000012,-0.0020999999999993246,0.0002500000000016378,-0.0010500000000003562,-0.003000000000000008,0.0004500000000001031,-0.00171661376953125,0.2660789489746094,0.2721824645996094,-0.10624122619628906,-0.00438690185546875,0.044823646545410156,-0.03076934814453125,-0.013187408447265625,-0.048351287841796875,-0.010990142822265625,0.03296661376953125,-0.010990142822265625,-0.41640953063964836,-0.7610267639160155,5.987695922851562,1.4332134552001952,-0.035411239624023434,-0.009318832397460937,0.0037553862304687503,0.005560948974609348,-0.006254535400390615,-0.005185226196289056,0.0008070981445312498,-5.9353454589843035e-05,
496,331379.550995544,-0.005497,0.2605,0.27844,-0.101064,-0.00522,0.044887,-0.002149999999999982,-0.0015000000000015001,0.0003000000000003,-0.0006499999999999562,-0.0021999999999999884,0.0003500000000000031,-0.00171661376953125,0.2660789489746094,0.2721824645996094,-0.10624122619628906,-0.00400543212890625,0.044823646545410156,-0.0043964385986328125,-0.013187408447265625,-0.0043964385986328125,0.010990142822265625,-0.03296661376953125,-0.010990142822265625,-0.445127944946289,-0.24410278320312498,6.188717346191405,1.4332134552001952,-0.046593353271484374,-0.01304620361328125,0.00378038623046875,0.005578948974609366,-0.006257535400390646,-0.0051772261962890614,0.0012145678710937498,-6.335345458984704e-05,
497,331379.560996482,-0.005515,0.260488,0.278443,-0.101069,-0.005238,0.04489,-0.0014499999999999756,-0.001000000000001,0.00034999999999896225,-0.00029999999999960614,-0.0015000000000000256,0.00019999999999985307,-0.00171661376953125,0.2660789489746094,0.2721824645996094,-0.10624122619628906,-0.00438690185546875,0.044823646545410156,-0.03076934814453125,-0.0043964385986328125,0.0043964385986328125,-0.010990142822265625,-0.03296661376953125,-0.010990142822265625,-0.41640953063964836,0.1579475402832031,5.90154067993164,1.4369408264160155,-0.04286598205566406,-0.01304620361328125,0.00379838623046875,0.005590948974609378,-0.006260535400390621,-0.0051722261962890564,0.0008510981445312496,-6.63534545898431e-05,
498,331379.570996581,-0.0055260000000000005,0.26048,0.278447,-0.10107,-0.005250000000000001,0.044891,-0.0007999999999999683,-0.0006499999999992509,0.000449999999999068,5.000000000007274e-05,-0.0009500000000000053,0.00015000000000017278,-0.00171661376953125,0.2660789489746094,0.2721824645996094,-0.10624122619628906,-0.00438690185546875,0.044823646545410156,0.013187408447265625,-0.0043964385986328125,0.013187408447265625,-0.03296661376953125,-0.0549468994140625,-0.010990142822265625,-0.6748715209960936,0.10051445007324217,6.303591003417968,1.4369408264160155,-0.03168386840820312,-0.01304620361328125,0.0038093862304687505,0.005598948974609386,-0.006264535400390625,-0.005171226196289069,0.0008630981445312512,-6.73534545898441e-05,
499,331379.580997481,-0.005531,0.260475,0.278452,-0.101068,-0.005257,0.044893,-0.0003500000000000031,-0.0003000000000003,0.0005499999999991623,0.00029999999999960614,-0.0004999999999999796,0.00010000000000010001,-0.00171661376953125,0.2660789489746094,0.2721824645996094,-0.10624122619628906,-0.00476837158203125,0.044823646545410156,-0.021978378295898438,-0.0043964385986328125,-0.03076934814453125,-0.010990142822265625,-0.03296661376953125,0.010990142822265625,-0.3876911163330078,-0.1866659545898437,6.0164068603515615,1.4332134552001952,-0.03168386840820312,-0.01304620361328125,0.0038143862304687503,0.005603948974609363,-0.006269535400390602,-0.0051732261962890574,0.0004886284179687504,-6.93534545898461e-05,
500,331379.590966459,-0.005533,0.260474,0.278458,-0.101064,-0.00526,0.044893,0.0,0.0,0.0006500000000020378,0.0005000000000005,-0.00014999999999997654,0.0,-0.00171661376953125,0.2660789489746094,0.2721824645996094,-0.10624122619628906,-0.00438690185546875,0.044823646545410156,-0.0043964385986328125,-0.0043964385986328125,-0.013187408447265625,-0.010990142822265625,-0.010990142822265625,-0.010990142822265625,-0.5887162780761718,0.2728211975097656,6.0164068603515615,1.4332134552001952,-0.035411239624023434,-0.01304620361328125,0.0038163862304687497,0.005604948974609392,-0.006275535400390608,-0.0051772261962890614,0.0008730981445312499,-6.93534545898461e-05,
501,331379.600963523,-0.005531,0.260475,0.278465,-0.101058,-0.00526,0.044893,0.0003500000000000031,0.00020000000000020002,0.0007500000000021378,0.0008000000000001062,0.00019999999999998318,-5.0000000000050004e-05,-0.00171661376953125,0.2660789489746094,0.2721824645996094,-0.10624122619628906,-0.00476837158203125,0.044823646545410156,-0.03076934814453125,-0.0043964385986328125,0.0043964385986328125,-0.010990142822265625,-0.03296661376953125,-0.03296661376953125,-0.6748715209960936,0.21538436889648435,6.188717346191405,1.4332134552001952,-0.035411239624023434,-0.009318832397460937,0.0038143862304687503,0.005603948974609363,-0.006282535400390643,-0.0051832261962890674,0.0004916284179687499,-6.93534545898461e-05,
502,331379.610963502,-0.0055260000000000005,0.260478,0.278473,-0.101048,-0.005256,0.044892,0.0008499999999999635,0.0005499999999991168,0.0009499999999995339,0.0011999999999997896,0.0005999999999999702,-0.00010000000000010569,-0.00171661376953125,0.2660789489746094,0.2721824645996094,-0.10624122619628906,-0.00476837158203125,0.044823646545410156,0.013187408447265625,0.013187408447265625,-0.013187408447265625,-0.010990142822265625,-0.03296661376953125,-0.010990142822265625,-0.3589727020263671,0.043077621459960934,6.102562103271484,1.4332134552001952,-0.03168386840820312,-0.01304620361328125,0.0038093862304687505,0.005600948974609388,-0.006290535400390651,-0.005193226196289064,0.00048762841796875026,-6.83534545898451e-05,
503,331379.620962908,-0.005514,0.260486,0.278484,-0.101034,-0.005248,0.044891,0.0014499999999999756,0.0009499999999995623,0.0012999999999985246,0.0016999999999996185,0.001100000000000016,-0.00020000000000020002,-0.00171661376953125,0.2660789489746094,0.2721824645996094,-0.10624122619628906,-0.00514984130859375,0.044823646545410156,-0.0043964385986328125,0.013187408447265625,-0.0043964385986328125,-0.010990142822265625,-0.0549468994140625,-0.010990142822265625,-0.6748715209960936,0.33025802612304683,6.303591003417968,1.429486083984375,-0.024228317260742187,-0.01304620361328125,0.00379738623046875,0.00559294897460938,-0.006301535400390634,-0.005207226196289064,9.815869140625006e-05,-6.73534545898441e-05,
504,331379.630962456,-0.005497,0.260497,0.278499,-0.101014,-0.005234,0.044888,0.002099999999999975,0.0014000000000014001,0.0017500000000003624,0.0023500000000002685,0.0017000000000000088,-0.0003500000000000031,-0.00171661376953125,0.2660789489746094,0.2721824645996094,-0.10624122619628906,-0.00514984130859375,0.044823646545410156,-0.021978378295898438,-0.013187408447265625,-0.0043964385986328125,-0.010990142822265625,-0.03296661376953125,-0.010990142822265625,-0.445127944946289,-0.07179603576660155,5.93025909423828,1.429486083984375,-0.01677357482910156,-0.01304620361328125,0.00378038623046875,0.005581948974609396,-0.0063165354003906216,-0.005227226196289056,8.415869140624994e-05,-6.43534545898411e-05,
505,331379.640999279,-0.005472,0.260514,0.278519,-0.100987,-0.005214,0.044884,0.0029500000000000012,0.0019500000000005624,0.0022500000000008624,0.0031000000000003247,0.002400000000000015,-0.00044999999999975615,-0.00171661376953125,0.2660789489746094,0.2721824645996094,-0.10624122619628906,-0.00514984130859375,0.044823646545410156,-0.021978378295898438,-0.0043964385986328125,-0.013187408447265625,-0.010990142822265625,-0.010990142822265625,-0.010990142822265625,-0.6748715209960936,0.2728211975097656,5.93025909423828,1.4369408264160155,-0.01677357482910156,-0.01304620361328125,0.0037553862304687503,0.005564948974609352,-0.0063365354003906416,-0.005254226196289069,6.415869140624988e-05,-6.0353454589844036e-05,
506,331379.650967162,-0.005438000000000003,0.260536,0.278544,-0.100952,-0.005186000000000001,0.044879,0.0038999999999999348,0.0025499999999983357,0.002799999999999985,0.0039999999999997685,0.0031999999999999455,-0.0005499999999998505,-0.00171661376953125,0.2660789489746094,0.2721824645996094,-0.10624122619628906,-0.00514984130859375,0.044823646545410156,0.0043964385986328125,-0.013187408447265625,-0.0043964385986328125,-0.010990142822265625,0.010990142822265625,0.010990142822265625,-0.7610267639160155,-0.1866659545898437,5.8441038513183585,1.4369408264160155,-0.020500946044921874,-0.009318832397460937,0.0037213862304687527,0.005542948974609385,-0.006361535400390639,-0.005289226196289062,3.615869140625137e-05,-5.5353454589845974e-05,
507,331379.661007085,-0.005394,0.260565,0.278575,-0.100907,-0.00515,0.044873,0.0049500000000000065,0.0033000000000005247,0.003499999999997949,0.005000000000000143,0.00409999999999998,-0.0007000000000000062,-0.00171661376953125,0.2660789489746094,0.2721824645996094,-0.10624122619628906,-0.00476837158203125,0.044823646545410156,-0.013187408447265625,-0.0043964385986328125,-0.03956031799316406,0.010990142822265625,0.010990142822265625,-0.010990142822265625,-0.5600016021728514,-0.10051445007324217,6.303591003417968,1.4369408264160155,-0.024228317260742187,-0.009318832397460937,0.0036773862304687504,0.005513948974609384,-0.006392535400390642,-0.005334226196289066,0.00038162841796875006,-4.935345458984691e-05,
508,331379.670963451,-0.005339,0.260602,0.278614,-0.100852,-0.005104,0.044865,0.006150000000000036,0.004100000000001325,0.004299999999998749,0.0060999999999998555,0.005099999999999983,-0.0009000000000002062,-0.00171661376953125,0.2660789489746094,0.2721824645996094,-0.10624122619628906,-0.00476837158203125,0.044823646545410156,0.0043964385986328125,-0.0043964385986328125,0.021978378295898438,-0.010990142822265625,-0.010990142822265625,-0.03296661376953125,-0.6748715209960936,-0.1866659545898437,6.045125274658202,1.4406681976318358,-0.0279556884765625,-0.009318832397460937,0.00362238623046875,0.005476948974609375,-0.006431535400390598,-0.005389226196289065,0.00033562841796875003,-4.135345458984585e-05,
509,331379.680965254,-0.005271,0.260647,0.278661,-0.100785,-0.005048,0.044855,0.007449999999999991,0.004950000000000787,0.005150000000000987,0.007399999999999768,0.006199999999999999,-0.0011000000000000593,-0.00171661376953125,0.2660789489746094,0.2721824645996094,-0.10624122619628906,-0.00476837158203125,0.044823646545410156,-0.0043964385986328125,-0.0043964385986328125,0.0043964385986328125,0.010990142822265625,-0.010990142822265625,-0.010990142822265625,-0.445127944946289,-0.10051445007324217,6.102562103271484,1.4406681976318358,-0.0279556884765625,-0.009318832397460937,0.0035543862304687496,0.0054319489746093574,-0.006478535400390617,-0.005456226196289063,0.0002796284179687504,-3.135345458984279e-05,
510,331379.690996252,-0.005190000000000005,0.260701,0.278717,-0.100704,-0.004980000000000004,0.044843,0.008899999999999858,0.005900000000000287,0.006100000000000487,0.008799999999999702,0.007449999999999955,-0.001299999999999901,-0.00171661376953125,0.2660789489746094,0.2721824645996094,-0.10624122619628906,-0.00476837158203125,0.044823646545410156,0.0043964385986328125,-0.0043964385986328125,-0.03076934814453125,-0.010990142822265625,-0.010990142822265625,-0.010990142822265625,-0.5600016021728514,0.6174346923828123,5.815385437011718,1.4406681976318358,-0.024228317260742187,-0.01304620361328125,0.0034733862304687554,0.005377948974609359,-0.0065345354003906175,-0.005537226196289061,0.0002116284179687544,-1.9353454589844665e-05,
511,331379.70096309,-0.005092999999999994,0.260765,0.278783,-0.100609,-0.0048989999999999945,0.044829,0.010450000000000067,0.006950000000000074,0.007150000000000268,0.010299999999999978,0.008750000000000058,-0.001500000000000118,-0.00171661376953125,0.2660789489746094,0.2721824645996094,-0.10624122619628906,-0.00476837158203125,0.044823646545410156,-0.0043964385986328125,0.0043964385986328125,0.0043964385986328125,-0.010990142822265625,-0.010990142822265625,0.010990142822265625,-0.3876911163330078,-0.07179603576660155,6.0738436889648435,1.4443955688476562,-0.0279556884765625,-0.01304620361328125,0.0033763862304687442,0.0053139489746093505,-0.006600535400390628,-0.0056322261962890585,0.0001306284179687445,-5.353454589844542e-06,
512,331379.710967696,-0.004981,0.26084,0.27886,-0.100498,-0.004805,0.044813,0.012100000000000001,0.008049999999998336,0.008299999999999974,0.011950000000000155,0.010099999999999996,-0.0017500000000000154,-0.00171661376953125,0.2660789489746094,0.2721824645996094,-0.10624122619628906,-0.00476837158203125,0.044823646545410156,-0.0043964385986328125,0.0043964385986328125,-0.0043964385986328125,-0.03296661376953125,-0.010990142822265625,-0.010990142822265625,-0.2728211975097656,0.1579475402832031,6.389746246337889,1.4481229400634765,-0.0279556884765625,-0.01677357482910156,0.00326438623046875,0.005238948974609359,-0.006677535400390622,-0.0057432261962890585,3.662841796875024e-05,1.0646545410157582e-05,
513,331379.720996334,-0.004851,0.260926,0.278949,-0.10037,-0.004697,0.044794,0.013850000000000017,0.009249999999999536,0.009500000000001174,0.013700000000000517,0.011600000000000022,-0.0019999999999999185,-0.00171661376953125,0.2660789489746094,0.2721824645996094,-0.10624122619628906,-0.00476837158203125,0.044823646545410156,0.013187408447265625,-0.0043964385986328125,-0.013187408447265625,-0.010990142822265625,-0.010990142822265625,-0.03296661376953125,-0.3015396118164062,0.21538436889648435,6.389746246337889,1.4555776824951172,-0.020500946044921874,-0.01304620361328125,0.0031343862304687503,0.005152948974609384,-0.0067665354003906275,-0.005871226196289062,-7.137158203125021e-05,2.9646545410155767e-05,
514,331379.730995692,-0.004704,0.261025,0.27905,-0.100224,-0.004573,0.044773,0.015750000000000007,0.010550000000000836,0.010799999999999699,0.015600000000000336,0.013199999999999974,-0.0022500000000001685,-0.00171661376953125,0.2660789489746094,0.2721824645996094,-0.10624122619628906,-0.00476837158203125,0.044823646545410156,-0.021978378295898438,-0.0043964385986328125,-0.021978378295898438,-0.010990142822265625,-0.010990142822265625,-0.010990142822265625,-0.5600016021728514,0.10051445007324217,5.815385437011718,1.4593058624267579,-0.01304620361328125,-0.01677357482910156,0.00298738623046875,0.005053948974609368,-0.006867535400390645,-0.006017226196289069,-0.0001953715820312502,5.064654541015595e-05,
515,331379.740995212,-0.004536,0.261137,0.279165,-0.100058,-0.004433,0.044749,0.017799999999999976,0.011849999999999361,0.012249999999999761,0.01764999999999961,0.014849999999999976,-0.0025500000000001216,-0.00171661376953125,0.2660789489746094,0.2721824645996094,-0.10624122619628906,-0.00476837158203125,0.044823646545410156,0.0043964385986328125,-0.0043964385986328125,0.0043964385986328125,-0.03296661376953125,-0.010990142822265625,-0.010990142822265625,-0.33025802612304683,0.1579475402832031,5.8728222656249995,1.463033233642578,-0.005591461181640625,-0.01677357482910156,0.00281938623046875,0.004941948974609367,-0.0069825354003906215,-0.006183226196289068,-0.0003353715820312497,7.464654541015914e-05,
516,331379.750958969,-0.004348,0.261262,0.279295,-0.099871,-0.004276,0.044722,0.019899999999999994,0.013250000000000761,0.013750000000001261,0.01979999999999968,0.016600000000000035,-0.0028499999999997278,-0.00171661376953125,0.2660789489746094,0.2721824645996094,-0.10624122619628906,-0.00476837158203125,0.044823646545410156,-0.0043964385986328125,-0.0043964385986328125,-0.0043964385986328125,-0.03296661376953125,0.010990142822265625,-0.010990142822265625,-0.2728211975097656,0.24410278320312498,5.93025909423828,1.4667606048583983,0.0018640899658203124,-0.01677357482910156,0.0026313862304687503,0.004816948974609381,-0.0071125354003906405,-0.006370226196289061,-0.0004923715820312497,0.00010164654541015838,
517,331379.760960991,-0.004138,0.261402,0.27944,-0.099662,-0.004101,0.044692,0.02220000000000002,0.014800000000000924,0.015350000000000086,0.021999999999999797,0.018500000000000006,-0.003199999999999731,-0.00171661376953125,0.2660789489746094,0.2721824645996094,-0.10624122619628906,-0.00476837158203125,0.044823646545410156,0.0043964385986328125,-0.0043964385986328125,-0.03076934814453125,-0.010990142822265625,-0.010990142822265625,-0.010990142822265625,-0.445127944946289,0.3015396118164062,6.0164068603515615,1.4704879760742187,0.005591461181640625,-0.01677357482910156,0.00242138623046875,0.004676948974609352,-0.007257535400390647,-0.006579226196289062,-0.0006673715820312504,0.0001316465454101537,
518,331379.770961491,-0.003904,0.261558,0.279602,-0.099431,-0.003906,0.044658,0.024550000000000006,0.01634999999999831,0.016999999999997573,0.024400000000000116,0.020499999999999987,-0.003550000000000081,-0.00171661376953125,0.2660789489746094,0.2721824645996094,-0.10624122619628906,-0.00476837158203125,0.044823646545410156,-0.013187408447265625,0.013187408447265625,0.013187408447265625,-0.03296661376953125,0.03296661376953125,0.010990142822265625,-0.3589727020263671,0.3876911163330078,6.389746246337889,1.4779427185058593,0.005591461181640625,-0.01677357482910156,0.00218738623046875,0.004520948974609362,-0.007419535400390642,-0.006810226196289057,-0.0008623715820312498,0.000165646545410153,
519,331379.780998672,-0.003647,0.261729,0.27978,-0.099174,-0.003691,0.044621,0.02704999999999999,0.017999999999998573,0.018749999999997935,0.026950000000000585,0.02255,-0.003900000000000084,-0.00171661376953125,0.2660789489746094,0.2721824645996094,-0.10624122619628906,-0.00476837158203125,0.044823646545410156,0.013187408447265625,0.0043964385986328125,0.013187408447265625,-0.010990142822265625,0.010990142822265625,-0.03296661376953125,-0.445127944946289,0.1292291259765625,6.0738436889648435,1.4816700897216797,0.005591461181640625,-0.01677357482910156,0.00193038623046875,0.0043499489746093856,-0.007597535400390598,-0.007067226196289064,-0.0010773715820312502,0.0002026465454101553,
520,331379.79096325,-0.003363,0.261918,0.279977,-0.098892,-0.003455,0.04458,0.029699999999999994,0.01975000000000171,0.02065000000000261,0.029549999999999715,0.024699999999999982,-0.004300000000000137,-0.00171661376953125,0.2660789489746094,0.2721824645996094,-0.10585975646972656,-0.00438690185546875,0.044823646545410156,0.013187408447265625,0.013187408447265625,0.0043964385986328125,0.010990142822265625,0.010990142822265625,0.010990142822265625,0.043077621459960934,0.1292291259765625,6.102562103271484,1.4891256408691407,0.009318832397460937,-0.01677357482910156,0.00164638623046875,0.004160948974609391,-0.007794535400390601,-0.006967756469726569,-0.0009319018554687498,0.00024364654541015468,
521,331379.800966986,-0.003053,0.262124,0.280193,-0.098583,-0.003197,0.044535,0.03235,0.021500000000002073,0.022500000000000298,0.03224999999999964,0.026949999999999998,-0.00465000000000014,-0.00171661376953125,0.2660789489746094,0.2721824645996094,-0.10585975646972656,-0.00476837158203125,0.044823646545410156,-0.0043964385986328125,0.0043964385986328125,0.013187408447265625,0.03296661376953125,-0.03296661376953125,-0.03296661376953125,-0.10051445007324217,0.1579475402832031,6.102562103271484,1.4965803833007811,0.01677357482910156,-0.01677357482910156,0.0013363862304687502,0.003954948974609351,-0.00801053540039065,-0.0072767564697265585,-0.0015713715820312498,0.00028864654541015805,
522,331379.810963708,-0.002716,0.262348,0.280427,-0.098247,-0.002916,0.044487,0.03505000000000001,0.023299999999998322,0.024399999999999422,0.03495000000000026,0.029200000000000014,-0.005049999999999846,-0.00171661376953125,0.2660789489746094,0.2721824645996094,-0.10585975646972656,-0.00476837158203125,0.044823646545410156,-0.0043964385986328125,-0.0043964385986328125,-0.03076934814453125,0.010990142822265625,-0.010990142822265625,-0.010990142822265625,-0.1292291259765625,0.5025647735595702,6.0164068603515615,1.5040351257324218,0.024228317260742187,-0.01677357482910156,0.00099938623046875,0.0037309489746093494,-0.008244535400390607,-0.0076127564697265615,-0.0018523715820312498,0.0003366465454101575,
523,331379.820999605,-0.002352,0.26259,0.280681,-0.097884,-0.002613,0.044434,0.0377,0.025049999999998684,0.026300000000001322,0.03760000000000013,0.03135000000000002,-0.005449999999999899,-0.00171661376953125,0.2660789489746094,0.2721824645996094,-0.10585975646972656,-0.00438690185546875,0.044823646545410156,0.013187408447265625,-0.0043964385986328125,-0.013187408447265625,0.010990142822265625,-0.010990142822265625,-0.010990142822265625,-0.1579475402832031,0.33025802612304683,6.217435760498046,1.5114898681640625,0.0279556884765625,-0.01677357482910156,0.0006353862304687499,0.003488948974609385,-0.008498535400390639,-0.007975756469726564,-0.0017739018554687501,0.000389646545410155,
524,331379.830962976,-0.001962,0.262849,0.280953,-0.097495,-0.002289,0.044378,0.040299999999999996,0.026800000000001822,0.02814999999999901,0.04025000000000001,0.03349999999999999,-0.0057999999999999025,-0.00171661376953125,0.2660789489746094,0.2721824645996094,-0.10585975646972656,-0.00438690185546875,0.044823646545410156,-0.013187408447265625,-0.0043964385986328125,-0.013187408447265625,0.010990142822265625,0.010990142822265625,-0.010990142822265625,0.1579475402832031,0.1579475402832031,6.475894012451171,1.5189454193115235,0.0279556884765625,-0.020500946044921874,0.0002453862304687502,0.0032299489746093757,-0.008770535400390633,-0.008364756469726564,-0.00209790185546875,0.00044564654541015547,
525,331379.840965154,-0.001546,0.263126,0.281244,-0.097079,-0.001943,0.044318,0.042900000000000015,0.02854999999999941,0.02999999999999947,0.04289999999999988,0.03569999999999999,-0.0061499999999999055,-0.00171661376953125,0.2660789489746094,0.2721824645996094,-0.10547828674316406,-0.00438690185546875,0.044823646545410156,-0.013187408447265625,0.0043964385986328125,0.013187408447265625,0.010990142822265625,0.010990142822265625,-0.010990142822265625,0.1579475402832031,0.1579475402832031,6.389746246337889,1.5226727905273436,0.04286598205566406,-0.020500946044921874,-0.00017061376953124993,0.0029529489746093485,-0.009061535400390619,-0.008399286743164064,-0.0024439018554687497,0.000505646545410153,
526,331379.850963073,-0.001104,0.26342,0.281553,-0.096637,-0.001575,0.044255,0.04555,0.030249999999998334,0.031849999999999934,0.04549999999999971,0.03785,-0.006550000000000306,-0.00133514404296875,0.2660789489746094,0.2721824645996094,-0.10547828674316406,-0.00438690185546875,0.044823646545410156,-0.021978378295898438,-0.0043964385986328125,0.0043964385986328125,-0.010990142822265625,0.010990142822265625,-0.03296661376953125,0.1579475402832031,0.33025802612304683,6.590767669677734,1.526400161743164,0.046593353271484374,-0.024228317260742187,-0.00023114404296875005,0.0026589489746093875,-0.009370535400390623,-0.008841286743164062,-0.00281190185546875,0.0005686465454101536,
527,331379.860966464,-0.000635,0.263731,0.281881,-0.096169,-0.001186,0.044187,0.04814999999999999,0.03200000000000147,0.033700000000000396,0.048150000000000276,0.04,-0.006950000000000012,-0.00133514404296875,0.2660789489746094,0.2721824645996094,-0.10547828674316406,-0.00400543212890625,0.044823646545410156,-0.013187408447265625,0.0043964385986328125,-0.0043964385986328125,0.010990142822265625,0.0549468994140625,0.010990142822265625,-0.01435920715332031,0.10051445007324217,6.361027832031249,1.537582275390625,0.046593353271484374,-0.020500946044921874,-0.00070014404296875,0.002347948974609382,-0.009698535400390618,-0.009309286743164058,-0.00281943212890625,0.0006366465454101591,
528,331379.87099697,-0.000141,0.26406,0.282227,-0.095674,-0.000775,0.044116,0.05070000000000001,0.03374999999999906,0.03549999999999942,0.0507500000000001,0.04215,-0.007300000000000015,-0.00133514404296875,0.2660789489746094,0.2721824645996094,-0.10547828674316406,-0.00362396240234375,0.044823646545410156,-0.0043964385986328125,-0.0043964385986328125,-0.013187408447265625,0.010990142822265625,0.010990142822265625,-0.010990142822265625,-0.07179603576660155,0.445127944946289,6.303591003417968,1.5413096466064453,0.046593353271484374,-0.020500946044921874,-0.00119414404296875,0.002018948974609358,-0.01004453540039063,-0.009804286743164067,-0.00284896240234375,0.0007076465454101538,
529,331379.880967136,0.000379,0.264406,0.282591,-0.095154,-0.000343,0.044041,0.05330000000000001,0.03544999999999798,0.03734999999999988,0.053349999999999925,0.0443,-0.007700000000000068,-0.00133514404296875,0.2660789489746094,0.2725639343261719,-0.10509681701660156,-0.00324249267578125,0.044823646545410156,0.0043964385986328125,-0.013187408447265625,0.0043964385986328125,-0.010990142822265625,0.0549468994140625,-0.010990142822265625,0.1579475402832031,0.7035899353027343,6.562049255371092,1.5487651977539063,0.05032072448730469,-0.020500946044921874,-0.00171414404296875,0.0016729489746094006,-0.010027065673828106,-0.00994281701660156,-0.00289949267578125,0.0007826465454101594,
530,331379.890963547,0.000925,0.264769,0.282974,-0.094607,0.000111,0.043962,0.05585,0.03710000000000102,0.039200000000000346,0.055950000000000444,0.0465,-0.008049999999999724,-0.00133514404296875,0.2664604187011719,0.2721824645996094,-0.10509681701660156,-0.00324249267578125,0.044823646545410156,0.013187408447265625,0.013187408447265625,-0.0043964385986328125,0.03296661376953125,0.010990142822265625,-0.010990142822265625,0.1866659545898437,0.5025647735595702,6.504612426757811,1.559947311401367,0.054048095703125,-0.024228317260742187,-0.00226014404296875,0.0016914187011718984,-0.010791535400390628,-0.010489817016601566,-0.00335349267578125,0.0008616465454101552,
531,331379.90096666,0.001496,0.265148,0.283375,-0.094035,0.000587,0.04388,0.05839999999999999,0.038799999999999946,0.04095000000000071,0.05845000000000017,0.0486,-0.008400000000000074,-0.00133514404296875,0.2664604187011719,0.2725639343261719,-0.10471534729003906,-0.00286102294921875,0.044823646545410156,0.03076934814453125,0.0043964385986328125,0.0043964385986328125,-0.010990142822265625,0.0549468994140625,0.010990142822265625,0.1579475402832031,0.445127944946289,6.504612426757811,1.5711294250488281,0.054048095703125,-0.024228317260742187,-0.00283114404296875,0.0013124187011718802,-0.010811065673828113,-0.010680347290039069,-0.00344802294921875,0.0009436465454101539,
532,331379.910991767,0.002093,0.265545,0.283793,-0.093438,0.001083,0.043794,0.06095,0.04055000000000031,0.04270000000000107,0.06099999999999994,0.05065,-0.008800000000000127,-0.00133514404296875,0.2664604187011719,0.2725639343261719,-0.10471534729003906,-0.00209808349609375,0.044823646545410156,0.013187408447265625,-0.0043964385986328125,-0.013187408447265625,0.010990142822265625,0.0549468994140625,-0.010990142822265625,0.3876911163330078,0.646153106689453,6.504612426757811,1.5823123474121092,0.046593353271484374,-0.024228317260742187,-0.00342814404296875,0.0009154187011718995,-0.011229065673828142,-0.01127734729003907,-0.0031810834960937498,0.0010296465454101567,
533,331379.920961504,0.002715,0.265959,0.284229,-0.092815,0.0016,0.043704,0.06345,0.04220000000000057,0.044500000000000095,0.06354999999999972,0.05279999999999999,-0.00915000000000013,-0.00095367431640625,0.2664604187011719,0.2725639343261719,-0.10433387756347656,-0.00133514404296875,0.044823646545410156,-0.013187408447265625,0.013187408447265625,0.013187408447265625,0.010990142822265625,0.09889984130859375,-0.010990142822265625,0.5600016021728514,0.4738463592529296,6.7343597412109375,1.58976708984375,0.035411239624023434,-0.0279556884765625,-0.00366867431640625,0.000501418701171874,-0.011665065673828134,-0.011518877563476568,-0.00293514404296875,0.0011196465454101565,
534,331379.930963244,0.003362,0.266389,0.284683,-0.092167,0.002139,0.043611,0.06600000000000002,0.04385000000000083,0.04625000000000046,0.06604999999999944,0.05489999999999999,-0.009500000000000133,-0.00095367431640625,0.2668418884277344,0.2725639343261719,-0.10433387756347656,-0.00095367431640625,0.044823646545410156,-0.0043964385986328125,0.013187408447265625,0.0043964385986328125,0.03296661376953125,0.03296661376953125,0.010990142822265625,0.7610267639160155,0.4738463592529296,6.619486083984374,1.5972218322753906,0.035411239624023434,-0.0279556884765625,-0.00431567431640625,0.0004528884277343881,-0.012119065673828144,-0.012166877563476564,-0.00309267431640625,0.0012126465454101593,
535,331379.940963095,0.004035,0.266836,0.285154,-0.091494,0.002698,0.043514,0.0685,0.04554999999999976,0.047999999999998044,0.06854999999999986,0.056950000000000014,-0.00984999999999979,-0.00095367431640625,0.2668418884277344,0.2725639343261719,-0.10395240783691406,-0.00095367431640625,0.044823646545410156,-0.0043964385986328125,0.0043964385986328125,-0.0043964385986328125,0.010990142822265625,0.010990142822265625,0.010990142822265625,0.6174346923828123,0.4738463592529296,6.619486083984374,1.6046765747070313,0.046593353271484374,-0.03168386840820312,-0.00498867431640625,5.888427734357382e-06,-0.012590065673828144,-0.012458407836914057,-0.00365167431640625,0.0013096465454101591,
536,331379.951004963,0.004732,0.2673,0.285643,-0.090796,0.003278,0.043414,0.07094999999999996,0.04720000000000002,0.04974999999999841,0.07105000000000028,0.059050000000000005,-0.010199999999999793,-0.00095367431640625,0.2668418884277344,0.2725639343261719,-0.10395240783691406,-0.00057220458984375,0.044823646545410156,0.0043964385986328125,0.021978378295898438,0.021978378295898438,0.010990142822265625,0.0549468994140625,-0.010990142822265625,0.7610267639160155,0.7035899353027343,6.705641326904296,1.6195868682861327,0.06895838928222656,-0.03168386840820312,-0.00568567431640625,-0.00045811157226560706,-0.013079065673828105,-0.01315640783691406,-0.00385020458984375,0.001409646545410155,
537,331379.960967258,0.005454,0.26778,0.286149,-0.090073,0.003879,0.04331,0.07344999999999999,0.04885000000000028,0.051500000000001545,0.07355,0.061099999999999974,-0.010550000000000143,-0.00057220458984375,0.2672233581542969,0.2725639343261719,-0.10357093811035156,-0.00019073486328125,0.044823646545410156,0.021978378295898438,0.021978378295898438,0.0043964385986328125,0.03296661376953125,0.03296661376953125,-0.010990142822265625,0.9620519256591795,0.7035899353027343,6.6769229125976555,1.6382245330810545,0.07641313171386718,-0.03168386840820312,-0.00602620458984375,-0.000556641845703143,-0.013585065673828112,-0.013497938110351562,-0.0040697348632812505,0.001513646545410155,
538,331379.970997743,0.006201,0.268277,0.286673,-0.089325,0.0045,0.043203,0.07595000000000002,0.05054999999999921,0.05325000000000191,0.07599999999999968,0.06309999999999998,-0.010900000000000146,-0.00057220458984375,0.2672233581542969,0.2729454040527344,-0.10357093811035156,0.00019073486328125,0.044823646545410156,-0.013187408447265625,0.03076934814453125,0.03076934814453125,0.03296661376953125,0.07692337036132812,0.010990142822265625,0.933333511352539,0.5887162780761718,6.87795181274414,1.6456792755126952,0.06895838928222656,-0.03168386840820312,-0.00677320458984375,-0.0010536418457031127,-0.013727595947265636,-0.014245938110351561,-0.00430926513671875,0.001620646545410158,
539,331379.98096324,0.006973,0.268791,0.287214,-0.088553,0.005141,0.043092,0.0784,0.05215000000000081,0.054949999999998056,0.07845000000000005,0.06515000000000001,-0.011299999999999852,-0.00019073486328125,0.2676048278808594,0.2729454040527344,-0.10318946838378906,0.00133514404296875,0.044823646545410156,0.03956031799316406,0.021978378295898438,-0.0043964385986328125,0.0549468994140625,0.14285659790039062,-0.010990142822265625,0.9620519256591795,0.732308349609375,6.935381164550781,1.653134017944336,0.05032072448730469,-0.035411239624023434,-0.00716373486328125,-0.0011861721191406271,-0.01426859594726565,-0.014636468383789056,-0.0038058559570312497,0.0017316465454101579,
540,331379.990963171,0.007769,0.26932,0.287772,-0.087756,0.005803,0.042977,0.08079999999999997,0.05374999999999963,0.056649999999999756,0.08090000000000042,0.06720000000000002,-0.011649999999999855,-0.00019073486328125,0.2679862976074219,0.2729454040527344,-0.10242652893066406,0.00247955322265625,0.044823646545410156,0.03956031799316406,0.03956031799316406,-0.0043964385986328125,0.0549468994140625,0.16483688354492188,-0.010990142822265625,0.8184598541259764,0.646153106689453,6.705641326904296,1.6494066467285156,0.03168386840820312,-0.03913861083984375,-0.00795973486328125,-0.0013337023925781288,-0.014826595947265597,-0.014670528930664062,-0.00332344677734375,0.001846646545410155,
541,331380.000962802,0.008589,0.269866,0.288347,-0.086935,0.006485,0.042859,0.08320000000000002,0.055349999999998456,0.05830000000000002,0.08324999999999999,0.06919999999999998,-0.012000000000000205,0.00019073486328125,0.2687492370605469,0.2729454040527344,-0.10166358947753906,0.00324249267578125,0.044823646545410156,0.05714225769042969,0.03076934814453125,-0.0043964385986328125,0.120880126953125,0.07692337036132812,-0.010990142822265625,1.4215390777587888,0.7897451782226562,7.136410064697265,1.6494066467285156,0.024228317260742187,-0.046593353271484374,-0.00839826513671875,-0.0011167629394531198,-0.015401595947265645,-0.014728589477539064,-0.0032425073242187503,0.001964646545410155,
542,331380.010997558,0.009433,0.270427,0.288938,-0.086091,0.007187,0.042737,0.08555000000000003,0.056849999999999956,0.05989999999999884,0.08555000000000021,0.07110000000000002,-0.012300000000000158,0.00095367431640625,0.2691307067871094,0.2729454040527344,-0.10090065002441406,0.00362396240234375,0.044823646545410156,0.08351707458496094,0.03956031799316406,-0.021978378295898438,0.09889984130859375,0.03296661376953125,-0.03296661376953125,0.41640953063964836,0.9620519256591795,6.935381164550781,1.6419519042968749,0.035411239624023434,-0.046593353271484374,-0.00847932568359375,-0.001296293212890598,-0.015992595947265598,-0.014809650024414062,-0.00356303759765625,0.002086646545410159,
543,331380.02096329,0.0103,0.271003,0.289545,-0.085224,0.007907,0.042613,0.08774999999999998,0.05830000000000002,0.06145000000000178,0.08780000000000038,0.07294999999999997,-0.012599999999999764,0.00133514404296875,0.2695121765136719,0.2729454040527344,-0.09975624084472656,0.00362396240234375,0.044823646545410156,0.048351287841796875,0.03956031799316406,0.03956031799316406,0.23077011108398438,0.010990142822265625,-0.010990142822265625,0.6174346923828123,0.8184598541259764,7.107691650390623,1.6195868682861327,0.054048095703125,-0.05032072448730469,-0.00896485595703125,-0.001490823486328119,-0.016599595947265622,-0.014532240844726568,-0.004283037597656251,0.002210646545410158,
544,331380.030967999,0.011188,0.271593,0.290167,-0.084335,0.008646,0.042485,0.08985,0.05970000000000142,0.0629500000000005,0.0898999999999997,0.07474999999999998,-0.012949999999999767,0.00209808349609375,0.2702751159667969,0.2733268737792969,-0.09861183166503906,0.00400543212890625,0.044823646545410156,0.08351707458496094,0.07472610473632812,0.021978378295898438,0.14285659790039062,0.03296661376953125,-0.010990142822265625,0.9620519256591795,1.6800010681152342,7.251283721923826,1.600949203491211,0.0801405029296875,-0.05032072448730469,-0.00908991650390625,-0.0013178840332030983,-0.016840126220703133,-0.01427683166503907,-0.004640567871093749,0.0023386465454101543,
545,331380.040995293,0.012097,0.272197,0.290804,-0.083426,0.009402,0.042354,0.09189999999999997,0.06110000000000004,0.06434999999999913,0.09194999999999967,0.07645000000000005,-0.013200000000000017,0.00286102294921875,0.2710380554199219,0.2733268737792969,-0.09670448303222656,0.00476837158203125,0.044823646545410156,0.11868095397949219,0.10988998413085938,0.0043964385986328125,0.23077011108398438,0.09889984130859375,-0.010990142822265625,0.7035899353027343,0.1579475402832031,6.791796569824218,1.559947311401367,0.07641313171386718,-0.054048095703125,-0.00923597705078125,-0.0011589445800781473,-0.017477126220703132,-0.013278483032226562,-0.004633628417968751,0.0024696465454101535,
546,331380.050997587,0.013026,0.272815,0.291454,-0.082496,0.010175,0.042221,0.09385,0.06239999999999857,0.06569999999999909,0.09390000000000023,0.07809999999999996,-0.01349999999999997,0.00476837158203125,0.2718009948730469,0.2737083435058594,-0.09632301330566406,0.00667572021484375,0.044823646545410156,0.16263771057128906,0.03956031799316406,0.013187408447265625,0.09889984130859375,0.25274658203125,-0.010990142822265625,0.5025647735595702,0.5600016021728514,7.251283721923826,1.5823123474121092,0.03913861083984375,-0.054048095703125,-0.00825762841796875,-0.0010140051269530992,-0.017745656494140616,-0.013827013305664063,-0.00349927978515625,0.0026026465454101547,
547,331380.06099955,0.013974,0.273445,0.292118,-0.081548,0.010964,0.042084,0.09575,0.0636500000000012,0.06705000000000183,0.09575,0.07965000000000003,-0.013799999999999923,0.00629425048828125,0.2721824645996094,0.2737083435058594,-0.09517860412597656,0.00820159912109375,0.044823646545410156,0.127471923828125,0.021978378295898438,0.03076934814453125,0.16483688354492188,0.20878982543945312,-0.010990142822265625,0.646153106689453,0.7610267639160155,7.509741973876952,1.5860397186279296,0.009318832397460937,-0.054048095703125,-0.00767974951171875,-0.0012625354003906186,-0.018409656494140614,-0.013630604125976567,-0.00276240087890625,0.002739646545410153,
548,331380.070998025,0.014941,0.274088,0.292795,-0.080581,0.011768,0.041945,0.09755000000000007,0.06484999999999963,0.06830000000000169,0.09754999999999972,0.08114999999999997,-0.014050000000000173,0.00743865966796875,0.2725639343261719,0.2740898132324219,-0.09441566467285156,0.00972747802734375,0.044442176818847656,0.10988998413085938,0.03076934814453125,-0.0043964385986328125,0.09889984130859375,0.2967033386230469,-0.03296661376953125,0.4738463592529296,0.7897451782226562,7.36615737915039,1.58976708984375,-0.020500946044921874,-0.05777546691894531,-0.007502340332031249,-0.0015240656738281233,-0.018705186767578152,-0.013834664672851563,-0.0020405219726562507,0.002497176818847653,
549,331380.080997675,0.015925,0.274742,0.293484,-0.079597,0.012587,0.041803,0.09925000000000003,0.06599999999999939,0.06944999999999868,0.09930000000000008,0.08254999999999998,-0.014300000000000077,0.00858306884765625,0.2733268737792969,0.2744712829589844,-0.09250736236572266,0.01125335693359375,0.044442176818847656,0.10988998413085938,0.05714225769042969,0.013187408447265625,0.25274658203125,0.14285659790039062,0.010990142822265625,1.3928206634521483,0.7610267639160155,8.227694854736328,1.5748567962646485,-0.054048095703125,-0.06150364685058594,-0.007341931152343752,-0.0014151262207031112,-0.019012717041015648,-0.012910362365722655,-0.0013336430664062492,0.0026391768188476564,
550,331380.091005197,0.016926,0.275408,0.294184,-0.078595,0.013419,0.041659,0.10089999999999995,0.06710000000000049,0.07059999999999844,0.1009000000000003,0.08385000000000006,-0.01449999999999993,0.01010894775390625,0.2740898132324219,0.2744712829589844,-0.09174442291259766,0.01125335693359375,0.044823646545410156,0.1890106201171875,0.0659332275390625,0.0043964385986328125,0.120880126953125,0.03296661376953125,-0.03296661376953125,0.7610267639160155,0.6174346923828123,7.883073883056639,1.5748567962646485,0.0018640899658203124,-0.06150364685058594,-0.00681705224609375,-0.0013181867675781112,-0.019712717041015626,-0.013149422912597658,-0.0021656430664062504,0.0031646465454101547,
551,331380.10099776,0.017943,0.276084,0.294896,-0.077579,0.014264,0.041513,0.10240000000000006,0.06810000000000149,0.07169999999999954,0.10239999999999971,0.08514999999999998,-0.01475000000000018,0.01163482666015625,0.2740898132324219,0.2744712829589844,-0.09021854400634766,0.01125335693359375,0.044442176818847656,0.1362628936767578,0.03076934814453125,0.013187408447265625,0.23077011108398438,-0.010990142822265625,-0.03296661376953125,0.4738463592529296,0.8758966827392577,7.165128479003905,1.5823123474121092,0.03168386840820312,-0.06150364685058594,-0.006308173339843751,-0.001994186767578121,-0.020424717041015616,-0.012639544006347661,-0.0030106430664062506,0.002929176818847655,
552,331380.110999519,0.018974,0.27677,0.295618,-0.076547,0.015122,0.041364,0.10379999999999989,0.06905000000000105,0.07270000000000054,0.10384999999999978,0.08634999999999989,-0.015000000000000083,0.01277923583984375,0.2744712829589844,0.2744712829589844,-0.08945560455322266,0.01163482666015625,0.044442176818847656,0.127471923828125,0.03956031799316406,0.013187408447265625,0.07692337036132812,0.120880126953125,-0.010990142822265625,0.646153106689453,0.646153106689453,7.624615631103515,1.5487651977539063,0.046593353271484374,-0.06150364685058594,-0.006194764160156251,-0.002298717041015641,-0.021146717041015617,-0.012908604553222652,-0.00348717333984375,0.0030781768188476583,
553,331380.121006682,0.020019,0.277465,0.29635,-0.075502,0.015991,0.041213,0.1051999999999999,0.06994999999999918,0.0736500000000001,0.10520000000000043,0.08750000000000008,-0.015149999999999886,0.01392364501953125,0.2752342224121094,0.2748527526855469,-0.08792972564697266,0.01277923583984375,0.044442176818847656,0.03076934814453125,0.03956031799316406,0.0043964385986328125,0.20878982543945312,0.120880126953125,-0.03296661376953125,0.646153106689453,0.4738463592529296,7.739489288330077,1.5674020538330078,0.03913861083984375,-0.06523101806640624,-0.006095354980468749,-0.002230777587890642,-0.021497247314453127,-0.012427725646972657,-0.0032117641601562483,0.0032291768188476566,
554,331380.13096354,0.021078,0.278169,0.297091,-0.074443,0.016872,0.041061,0.10645000000000011,0.07079999999999864,0.07449999999999957,0.10649999999999965,0.08855000000000009,-0.015300000000000036,0.01468658447265625,0.2756156921386719,0.2748527526855469,-0.08716678619384766,0.01392364501953125,0.044442176818847656,0.11868095397949219,0.048351287841796875,0.03956031799316406,0.07692337036132812,0.120880126953125,-0.0549468994140625,0.9046150970458983,0.6174346923828123,7.509741973876952,1.5748567962646485,0.020500946044921874,-0.06523101806640624,-0.0063914155273437495,-0.0025533078613281246,-0.02223824731445312,-0.012723786193847661,-0.0029483549804687516,0.003381176818847656,
555,331380.140994915,0.022148,0.278881,0.29784,-0.073372,0.017762,0.040907,0.10760000000000006,0.07155000000000078,0.07534999999999903,0.1076500000000001,0.0895,-0.015499999999999889,0.01621246337890625,0.2763786315917969,0.2752342224121094,-0.08678531646728516,0.01354217529296875,0.044442176818847656,0.1802196502685547,0.07472610473632812,0.03956031799316406,0.07692337036132812,-0.0549468994140625,0.010990142822265625,0.646153106689453,0.5025647735595702,7.739489288330077,1.6046765747070313,0.03913861083984375,-0.06895838928222656,-0.005935536621093751,-0.002502368408203115,-0.02260577758789062,-0.01341331646728515,-0.00421982470703125,0.0035351768188476573,
556,331380.150963251,0.02323,0.2796,0.298598,-0.07229,0.018662,0.040751,0.10869999999999994,0.07230000000000014,0.07614999999999983,0.10875000000000051,0.09045000000000007,-0.01565000000000004,0.01773834228515625,0.2771415710449219,0.2756156921386719,-0.08602237701416016,0.01430511474609375,0.044442176818847656,0.127471923828125,0.05714225769042969,0.021978378295898438,0.09889984130859375,0.0549468994140625,-0.010990142822265625,0.5600016021728514,0.7897451782226562,7.854355468749999,1.6195868682861327,0.0801405029296875,-0.06895838928222656,-0.005491657714843751,-0.00245842895507814,-0.0229823078613281,-0.013732377014160163,-0.0043568852539062515,0.0036911768188476538,
557,331380.160995725,0.024322,0.280327,0.299363,-0.071197,0.019571,0.040594,0.1096999999999999,0.07299999999999807,0.07685000000000053,0.10979999999999948,0.09124999999999983,-0.01580000000000019,0.01888275146484375,0.2779045104980469,0.2759971618652344,-0.08525943756103516,0.01506805419921875,0.044442176818847656,0.0659332275390625,0.05714225769042969,0.021978378295898438,0.120880126953125,0.120880126953125,0.010990142822265625,0.41640953063964836,0.5312831878662109,7.682052459716796,1.6307689819335938,0.07641313171386718,-0.07268576049804687,-0.00543924853515625,-0.002422489501953118,-0.023365838134765615,-0.01406243756103516,-0.004502945800781252,0.003848176818847658,
558,331380.170962821,0.025424,0.28106,0.300135,-0.070094,0.020487,0.040435,0.11064999999999998,0.07360000000000144,0.07745000000000113,0.11069999999999969,0.09199999999999989,-0.016000000000000042,0.02002716064453125,0.2786674499511719,0.2763786315917969,-0.08411502838134766,0.01659393310546875,0.044442176818847656,0.07472610473632812,0.10109901428222656,0.048351287841796875,0.120880126953125,0.16483688354492188,-0.03296661376953125,0.1579475402832031,0.445127944946289,7.567178802490233,1.6158594970703124,0.05032072448730469,-0.07641313171386718,-0.005396839355468749,-0.0023925500488281015,-0.02375636840820311,-0.014021028381347653,-0.0038930668945312483,0.0040071768188476575,
559,331380.180963278,0.026535,0.281799,0.300912,-0.068983,0.021411,0.040274,0.11150000000000014,0.0741500000000006,0.07805000000000173,0.11154999999999984,0.09275000000000012,-0.016099999999999795,0.02079010009765625,0.2794303894042969,0.2767601013183594,-0.08373355865478516,0.01735687255859375,0.044442176818847656,0.08351707458496094,0.10109901428222656,0.048351287841796875,0.0549468994140625,0.120880126953125,-0.010990142822265625,0.5887162780761718,0.445127944946289,7.710770874023436,1.634496353149414,0.04286598205566406,-0.0801405029296875,-0.0057448999023437496,-0.0023686105957031467,-0.024151898681640638,-0.014750558654785154,-0.0040541274414062495,0.004168176818847659,
560,331380.190963136,0.027654,0.282543,0.301696,-0.067863,0.022342,0.040113,0.11225000000000002,0.07464999999999833,0.07864999999999955,0.11234999999999995,0.09335000000000003,-0.016199999999999895,0.02193450927734375,0.2809562683105469,0.2775230407714844,-0.08220767974853516,0.01850128173828125,0.044442176818847656,0.10109901428222656,0.11868095397949219,0.09230804443359375,0.1868133544921875,0.20878982543945312,-0.010990142822265625,-0.043077621459960934,0.732308349609375,7.595897216796875,1.623314239501953,0.03168386840820312,-0.0801405029296875,-0.0057194907226562515,-0.0015867316894531136,-0.024172959228515645,-0.01434467974853515,-0.0038407182617187507,0.004329176818847653,
561,331380.200995176,0.02878,0.283292,0.302485,-0.066736,0.023278,0.03995,0.11289999999999997,0.07510000000000017,0.07909999999999862,0.11295000000000055,0.09389999999999989,-0.016299999999999995,0.02307891845703125,0.2821016311645508,0.2786674499511719,-0.08182621002197266,0.01926422119140625,0.044442176818847656,0.08351707458496094,0.10988998413085938,0.11868095397949219,0.0549468994140625,0.120880126953125,-0.010990142822265625,0.7035899353027343,0.445127944946289,7.768207702636717,1.634496353149414,0.0279556884765625,-0.08386787414550781,-0.00570108154296875,-0.001190368835449207,-0.02381755004882813,-0.015090210021972653,-0.00401377880859375,0.004492176818847657,
562,331380.210963188,0.029912,0.284045,0.303278,-0.065604,0.02422,0.039787,0.11345000000000001,0.07550000000000057,0.07949999999999902,0.1135000000000004,0.09434999999999999,-0.016350000000000045,0.02384185791015625,0.2836275100708008,0.2798118591308594,-0.08106327056884766,0.02117156982421875,0.044442176818847656,0.07472610473632812,0.15384674072265625,0.14505577087402344,0.07692337036132812,0.27472686767578125,-0.03296661376953125,0.5600016021728514,0.1579475402832031,7.165128479003905,1.653134017944336,0.01677357482910156,-0.08386787414550781,-0.006070142089843751,-0.0004174899291992107,-0.023466140869140617,-0.01545927056884766,-0.0030484301757812485,0.004655176818847653,
563,331380.221010888,0.031049,0.284802,0.304075,-0.064466,0.025165,0.039623,0.11390000000000011,0.07580000000000087,0.07979999999999932,0.11399999999999952,0.09469999999999999,-0.016450000000000145,0.02422332763671875,0.2847719192504883,0.2817201614379883,-0.08068180084228516,0.02193450927734375,0.044442176818847656,-0.021978378295898438,0.10988998413085938,0.15384674072265625,0.010990142822265625,0.16483688354492188,-0.010990142822265625,0.8758966827392577,0.1292291259765625,7.136410064697265,1.686681167602539,-0.0018640899658203124,-0.09132342529296875,-0.00682567236328125,-3.0080749511718352e-05,-0.022354838562011703,-0.01621580084228516,-0.00323049072265625,0.004819176818847658,
564,331380.230966538,0.03219,0.285561,0.304874,-0.063324,0.026114,0.039458,0.11425000000000012,0.07600000000000107,0.07999999999999952,0.11434999999999987,0.09499999999999995,-0.016499999999999848,0.02460479736328125,0.2859163284301758,0.2836275100708008,-0.08030033111572266,0.02231597900390625,0.044442176818847656,0.07472610473632812,0.11868095397949219,0.1890106201171875,0.03296661376953125,0.0549468994140625,-0.010990142822265625,0.933333511352539,0.445127944946289,7.3374389648437495,1.7127735748291015,0.0279556884765625,-0.09505079650878906,-0.007585202636718753,0.000355328430175772,-0.021246489929199197,-0.01697633111572265,-0.0037980209960937483,0.004984176818847656,
565,331380.240995631,0.033334,0.286322,0.305675,-0.062179,0.027065,0.039293,0.11444999999999997,0.07614999999999983,0.08019999999999972,0.11460000000000012,0.09520000000000015,-0.016499999999999848,0.02536773681640625,0.2874422073364258,0.2855348587036133,-0.07991886138916016,0.02231597900390625,0.044060707092285156,0.07472610473632812,0.11868095397949219,0.11868095397949219,0.07692337036132812,-0.010990142822265625,-0.03296661376953125,0.8184598541259764,0.6174346923828123,7.280002136230468,1.727683868408203,0.08759524536132812,-0.08759524536132812,-0.007966263183593753,0.0011202073364257603,-0.020140141296386693,-0.017739861389160158,-0.004749020996093749,0.004767707092285155,
566,331380.25096361,0.034479,0.287084,0.306478,-0.061032,0.028018,0.039128,0.11459999999999977,0.07619999999999849,0.08030000000000259,0.11474999999999992,0.09535000000000012,-0.016550000000000245,0.02651214599609375,0.2882051467895508,0.2866792678833008,-0.07724857330322266,0.02269744873046875,0.044060707092285156,0.08351707458496094,0.07472610473632812,0.16263771057128906,0.4285697937011719,0.010990142822265625,-0.010990142822265625,0.9620519256591795,0.445127944946289,7.36615737915039,1.653134017944336,0.11741502380371094,-0.09132342529296875,-0.007966854003906253,0.0011211467895507754,-0.01979873211669919,-0.016216573303222653,-0.005320551269531251,0.004932707092285153,
567,331380.260962773,0.035626,0.287846,0.307281,-0.059884,0.028972,0.038962,0.11464999999999982,0.07624999999999993,0.08030000000000259,0.11475000000000027,0.09534999999999995,-0.016550000000000245,0.02689361572265625,0.2889680862426758,0.2874422073364258,-0.07495975494384766,0.02269744873046875,0.044060707092285156,0.07472610473632812,0.0659332275390625,0.0659332275390625,0.4285697937011719,0.010990142822265625,-0.03296661376953125,0.9620519256591795,1.3066654205322263,6.791796569824218,1.5636746826171875,0.12487057495117188,-0.09505079650878906,-0.008732384277343748,0.0011220862426757905,-0.019838792663574245,-0.015075754943847657,-0.006274551269531251,0.00509870709228516,
568,331380.27096168,0.036772,0.288609,0.308084,-0.058737,0.029925,0.038797,0.11455000000000007,0.07624999999999993,0.08024999999999838,0.11464999999999982,0.09525000000000002,-0.016499999999999848,0.02803802490234375,0.2893495559692383,0.2882051467895508,-0.07190799713134766,0.02384185791015625,0.044060707092285156,0.127471923828125,0.03956031799316406,0.0659332275390625,0.40659332275390625,0.14285659790039062,-0.010990142822265625,0.5600016021728514,1.1056402587890624,7.940510711669921,1.4667606048583983,0.10996028137207031,-0.09132342529296875,-0.008733975097656249,0.0007405559692382768,-0.019878853210449243,-0.013170997131347659,-0.00608314208984375,0.005263707092285158,
569,331380.28099717,0.037917,0.289371,0.308886,-0.057591,0.030877,0.038632,0.11439999999999992,0.07609999999999839,0.08014999999999828,0.11450000000000002,0.0951500000000001,-0.016499999999999848,0.02994537353515625,0.2897310256958008,0.2889680862426758,-0.07000064849853516,0.02460479736328125,0.044060707092285156,0.1802196502685547,0.03956031799316406,0.10109901428222656,0.2967033386230469,0.14285659790039062,-0.010990142822265625,0.7897451782226562,0.933333511352539,7.222565307617186,1.4853974609375,0.08759524536132812,-0.09877816772460937,-0.00797162646484375,0.0003600256958007919,-0.019917913757324213,-0.012409648498535153,-0.006272202636718752,0.005428707092285157,
570,331380.290971761,0.03906,0.290131,0.309687,-0.056447,0.031828,0.038467,0.11415000000000002,0.07594999999999963,0.07995000000000085,0.11420000000000007,0.0949499999999999,-0.016450000000000145,0.03070831298828125,0.2897310256958008,0.2901124954223633,-0.06923770904541016,0.02613067626953125,0.044060707092285156,0.10988998413085938,0.0043964385986328125,0.10109901428222656,0.14285659790039062,0.27472686767578125,-0.010990142822265625,0.7610267639160155,0.9620519256591795,7.3087205505371085,1.5226727905273436,0.06523101806640624,-0.10250553894042969,-0.008351687011718747,-0.000399974304199191,-0.01957450457763671,-0.012790709045410159,-0.005697323730468752,0.005593707092285155,
571,331380.300975896,0.0402,0.29089,0.310485,-0.055307,0.032776,0.038303,0.11374999999999996,0.07570000000000077,0.07965000000000055,0.11380000000000001,0.09459999999999989,-0.016400000000000095,0.032235145568847656,0.2897310256958008,0.2912569046020508,-0.06885623931884766,0.02803802490234375,0.044060707092285156,0.14505577087402344,-0.0043964385986328125,0.08351707458496094,0.07692337036132812,0.23077011108398438,-0.010990142822265625,0.646153106689453,1.048203430175781,7.136410064697265,1.5860397186279296,0.024228317260742187,-0.10250553894042969,-0.007964854431152343,-0.0011589743041992007,-0.01922809539794923,-0.013549239318847654,-0.00473797509765625,0.0057577070922851595,
572,331380.310971714,0.041335,0.291645,0.31128,-0.054171,0.03372,0.038139,0.11325000000000016,0.0753500000000018,0.07929999999999882,0.11335000000000026,0.09420000000000019,-0.016349999999999698,0.033379554748535156,0.2897310256958008,0.2924013137817383,-0.06733036041259766,0.02918243408203125,0.044060707092285156,0.10109901428222656,0.0043964385986328125,0.10988998413085938,0.23077011108398438,0.120880126953125,-0.010990142822265625,0.5312831878662109,0.5025647735595702,7.509741973876952,1.5711294250488281,0.020500946044921874,-0.10996028137207031,-0.00795544525146484,-0.0019139743041992063,-0.01887868621826172,-0.01315936041259766,-0.00453756591796875,0.005921707092285157,
573,331380.320962187,0.042465,0.292397,0.312071,-0.05304,0.03466,0.037976,0.1127000000000003,0.0749500000000014,0.07890000000000119,0.11275,0.09375000000000008,-0.016249999999999945,0.034905433654785156,0.2901124954223633,0.2935457229614258,-0.06580448150634766,0.02956390380859375,0.044060707092285156,0.16263771057128906,0.0043964385986328125,0.07472610473632812,0.20878982543945312,0.0549468994140625,0.010990142822265625,0.8184598541259764,0.9620519256591795,6.849233398437499,1.5487651977539063,0.04286598205566406,-0.10996028137207031,-0.0075595663452148465,-0.0022845045776367368,-0.018525277038574206,-0.01276448150634766,-0.005096096191406253,0.0060847070922851534,
574,331380.330963129,0.043589,0.293144,0.312858,-0.051916,0.035595,0.037814,0.11205,0.07444999999999813,0.07844999999999935,0.11205,0.09314999999999983,-0.016150000000000192,0.036431312561035156,0.2901124954223633,0.2946901321411133,-0.06427860260009766,0.03108978271484375,0.044060707092285156,0.15384674072265625,0.013187408447265625,0.127471923828125,0.20878982543945312,0.1868133544921875,-0.03296661376953125,0.6174346923828123,0.933333511352539,6.992817993164062,1.537582275390625,0.05777546691894531,-0.10623291015625,-0.0071576874389648465,-0.0030315045776367344,-0.018167867858886744,-0.01236260260009766,-0.004505217285156252,0.006246707092285156,
575,331380.340964029,0.044706,0.293886,0.31364,-0.050799,0.036523,0.037653,0.11124999999999989,0.07389999999999897,0.07784999999999875,0.11124999999999989,0.09249999999999987,-0.016000000000000042,0.037575721740722656,0.2901124954223633,0.2962160110473633,-0.06351566314697266,0.032616615295410156,0.044060707092285156,0.05714225769042969,0.021978378295898438,0.15384674072265625,0.0549468994140625,0.25274658203125,-0.010990142822265625,0.8471782684326171,0.5887162780761718,7.251283721923826,1.559947311401367,0.035411239624023434,-0.11368765258789063,-0.007130278259277346,-0.0037735045776366993,-0.017423988952636693,-0.01271666314697266,-0.003906384704589844,0.006407707092285157,
576,331380.350995193,0.045814,0.294622,0.314415,-0.049691,0.037445,0.037494,0.11035000000000003,0.07330000000000114,0.07720000000000227,0.11029999999999998,0.09179999999999987,-0.015849999999999892,0.037957191467285156,0.2908754348754883,0.2977418899536133,-0.062371253967285156,0.033761024475097656,0.044060707092285156,0.03076934814453125,0.09230804443359375,0.10988998413085938,0.1868133544921875,0.09889984130859375,-0.010990142822265625,1.2492323303222654,0.41640953063964836,6.763078155517578,1.5711294250488281,0.01304620361328125,-0.11368765258789063,-0.007856808532714844,-0.0037465651245117138,-0.01667311004638672,-0.012680253967285157,-0.003683975524902343,0.006566707092285157,
577,331380.360998868,0.046913,0.295352,0.315184,-0.048593,0.038359,0.037336,0.10935000000000007,0.0726499999999991,0.07649999999999879,0.10930000000000002,0.09095000000000006,-0.01570000000000009,0.038720130920410156,0.2916383743286133,0.2988862991333008,-0.060845375061035156,0.033761024475097656,0.044060707092285156,0.07472610473632812,0.0659332275390625,0.09230804443359375,0.25274658203125,0.010990142822265625,-0.0549468994140625,0.646153106689453,0.6174346923828123,6.849233398437499,1.5562199401855468,0.03913861083984375,-0.11741502380371094,-0.008192869079589847,-0.003713625671386722,-0.01629770086669924,-0.012252375061035159,-0.004597975524902341,0.006724707092285155,
578,331380.37096522,0.048001,0.296075,0.315945,-0.047505,0.039264,0.03718,0.10824999999999967,0.07189999999999974,0.07569999999999799,0.10814999999999991,0.09000000000000015,-0.015499999999999889,0.039864540100097656,0.2924013137817383,0.2996492385864258,-0.058938026428222656,0.033761024475097656,0.043679237365722656,0.10109901428222656,0.07472610473632812,0.05714225769042969,0.3186798095703125,-0.0549468994140625,-0.010990142822265625,0.01435920715332031,0.5025647735595702,6.791796569824218,1.5003077545166015,0.10996028137207031,-0.10996028137207031,-0.008136459899902346,-0.003673686218261696,-0.016295761413574195,-0.011433026428222658,-0.005502975524902344,0.0064992373657226585,
579,331380.380996238,0.049078,0.29679,0.316698,-0.04643,0.040159,0.037026,0.10704999999999985,0.07110000000000172,0.0748500000000013,0.10690000000000005,0.08899999999999984,-0.015300000000000036,0.041008949279785156,0.2931642532348633,0.3004121780395508,-0.057412147521972656,0.034142494201660156,0.043679237365722656,0.20659255981445312,0.0659332275390625,0.09230804443359375,0.23077011108398438,0.0549468994140625,-0.03296661376953125,0.4738463592529296,0.5600016021728514,6.964099578857421,1.4779427185058593,0.12487057495117188,-0.11368765258789063,-0.00806905072021484,-0.003625746765136717,-0.0162858219604492,-0.010982147521972657,-0.006016505798339844,0.006653237365722653,
580,331380.390965813,0.050142,0.297497,0.317442,-0.045367,0.041044,0.036874,0.10575000000000029,0.07020000000000082,0.07390000000000174,0.10559999999999979,0.08794999999999983,-0.015100000000000183,0.043297767639160156,0.2939271926879883,0.3011751174926758,-0.055886268615722656,0.034905433654785156,0.043679237365722656,0.17142868041992188,0.07472610473632812,0.0659332275390625,0.25274658203125,0.16483688354492188,-0.010990142822265625,0.5025647735595702,0.7035899353027343,7.222565307617186,1.4816700897216797,0.10996028137207031,-0.12114320373535156,-0.006844232360839843,-0.00356980731201173,-0.01626688250732422,-0.010519268615722659,-0.006138566345214841,0.006805237365722659,
581,331380.400994538,0.051193,0.298194,0.318176,-0.044318,0.041918,0.036724,0.10434999999999993,0.06924999999999848,0.0729499999999994,0.10419999999999978,0.08680000000000007,-0.014899999999999983,0.044823646545410156,0.2946901321411133,0.3019380569458008,-0.054741859436035156,0.036812782287597656,0.043679237365722656,0.14505577087402344,0.07472610473632812,0.07472610473632812,0.14285659790039062,0.25274658203125,-0.03296661376953125,0.043077621459960934,0.9907703399658202,6.705641326904296,1.5003077545166015,0.06150364685058594,-0.12114320373535156,-0.006369353454589846,-0.0035038678588867334,-0.016237943054199233,-0.010423859436035153,-0.005105217712402341,0.0069552373657226566,
582,331380.410962667,0.052229,0.298882,0.318901,-0.043283,0.04278,0.036576,0.10284999999999982,0.06829999999999892,0.07189999999999974,0.10275000000000006,0.08555000000000021,-0.01470000000000013,0.045586585998535156,0.2958345413208008,0.3027009963989258,-0.053978919982910156,0.038338661193847656,0.043679237365722656,0.0659332275390625,0.1362628936767578,0.08351707458496094,0.120880126953125,0.16483688354492188,-0.010990142822265625,0.7610267639160155,0.1866659545898437,6.7343597412109375,1.5301275329589843,0.035411239624023434,-0.12487057495117188,-0.006642414001464841,-0.0030474586791991998,-0.01620000360107421,-0.010695919982910154,-0.004441338806152342,0.007103237365722659,
583,331380.420996621,0.05325,0.29956,0.319614,-0.042263,0.043629,0.03643,0.10135000000000005,0.06725000000000203,0.07080000000000142,0.10120000000000025,0.0843,-0.01444999999999988,0.046349525451660156,0.2969789505004883,0.3034639358520508,-0.053597450256347656,0.039101600646972656,0.043679237365722656,0.0659332275390625,0.07472610473632812,0.048351287841796875,0.03296661376953125,0.14285659790039062,-0.010990142822265625,0.24410278320312498,0.5600016021728514,6.90667022705078,1.5487651977539063,0.035411239624023434,-0.1285979461669922,-0.0069004745483398425,-0.0025810494995117117,-0.016150064147949228,-0.011334450256347654,-0.004527399353027345,0.007249237365722659,
584,331380.430996868,0.054256,0.300227,0.320317,-0.041259,0.044466,0.036287,0.09975000000000019,0.06615000000000093,0.06970000000000032,0.09954999999999999,0.08300000000000009,-0.014199999999999977,0.047112464904785156,0.2977418899536133,0.3042268753051758,-0.052834510803222656,0.040246009826660156,0.043679237365722656,0.11868095397949219,0.09230804443359375,0.0659332275390625,0.07692337036132812,0.120880126953125,-0.010990142822265625,0.933333511352539,0.7897451782226562,6.964099578857421,1.5785849761962891,0.04286598205566406,-0.1285979461669922,-0.007143535095214842,-0.0024851100463867404,-0.016090124694824237,-0.01157551080322266,-0.004219990173339842,0.0073922373657226564,
585,331380.440996404,0.055245,0.300883,0.321008,-0.040272,0.045289,0.036146,0.09805000000000022,0.06504999999999983,0.06849999999999912,0.09785000000000002,0.08160000000000008,-0.013950000000000073,0.048638343811035156,0.2988862991333008,0.3049898147583008,-0.052453041076660156,0.041771888732910156,0.043679237365722656,0.11868095397949219,0.10109901428222656,0.10109901428222656,0.03296661376953125,0.20878982543945312,0.010990142822265625,0.5312831878662109,0.7035899353027343,6.504612426757811,1.5748567962646485,0.0279556884765625,-0.1323253173828125,-0.006606656188964846,-0.0019967008666992303,-0.016018185241699234,-0.012181041076660154,-0.0035171112670898466,0.007533237365722659,
586,331380.450997018,0.056217,0.301528,0.321687,-0.039302,0.046098,0.036008,0.09634999999999991,0.06390000000000007,0.06729999999999792,0.0961,0.08009999999999996,-0.013749999999999873,0.049401283264160156,0.3000307083129883,0.3057527542114258,-0.051690101623535156,0.043297767639160156,0.043679237365722656,0.05714225769042969,0.10988998413085938,0.0659332275390625,0.07692337036132812,0.20878982543945312,-0.010990142822265625,0.7610267639160155,0.646153106689453,7.050254821777343,1.5860397186279296,0.01677357482910156,-0.1323253173828125,-0.006815716735839847,-0.001497291687011737,-0.01593424578857422,-0.01238810162353516,-0.002800232360839844,0.007671237365722658,
587,331380.460997749,0.057172,0.302161,0.322354,-0.03835,0.046891,0.035871,0.09449999999999979,0.0626500000000002,0.06599999999999939,0.09424999999999989,0.07855000000000015,-0.01349999999999997,0.050164222717285156,0.3007936477661133,0.3061342239379883,-0.051308631896972656,0.043679237365722656,0.043679237365722656,0.05714225769042969,0.0659332275390625,0.048351287841796875,0.07692337036132812,0.120880126953125,-0.010990142822265625,0.8184598541259764,0.646153106689453,7.423586730957029,1.5785849761962891,0.0018640899658203124,-0.1323253173828125,-0.007007777282714844,-0.0013673522338867317,-0.016219776062011693,-0.012958631896972654,-0.003211762634277346,0.007808237365722656,
588,331380.470961847,0.058107,0.302781,0.323007,-0.037417,0.047669,0.035738,0.09254999999999992,0.06140000000000034,0.0646500000000022,0.09235000000000007,0.07694999999999994,-0.013200000000000017,0.050927162170410156,0.3015565872192383,0.3068971633911133,-0.050545692443847656,0.043679237365722656,0.043679237365722656,0.09230804443359375,0.08351707458496094,0.05714225769042969,0.07692337036132812,-0.010990142822265625,-0.010990142822265625,0.8184598541259764,1.5364089965820311,7.136410064697265,1.5785849761962891,0.03168386840820312,-0.13978005981445313,-0.007179837829589843,-0.001224412780761741,-0.016109836608886707,-0.013128692443847657,-0.003989762634277347,0.007941237365722657,
589,331380.480962894,0.059023,0.303389,0.323647,-0.036503,0.04843,0.035607,0.09055,0.06009999999999904,0.06329999999999947,0.09039999999999986,0.07530000000000002,-0.012950000000000114,0.051308631896972656,0.3023195266723633,0.3076601028442383,-0.050164222717285156,0.044060707092285156,0.043297767639160156,0.048351287841796875,0.07472610473632812,0.07472610473632812,0.0549468994140625,0.0549468994140625,-0.0549468994140625,0.9620519256591795,0.7897451782226562,7.193846893310546,1.6084047546386717,0.06150364685058594,-0.1323253173828125,-0.007714368103027343,-0.0010694733276367385,-0.015986897155761737,-0.013661222717285156,-0.004369292907714845,0.0076907676391601565,
590,331380.490961823,0.059918,0.303983,0.324273,-0.035609,0.049175,0.035479,0.08850000000000004,0.05869999999999764,0.061849999999999405,0.08839999999999994,0.07360000000000005,-0.012650000000000161,0.052071571350097656,0.3030824661254883,0.3084230422973633,-0.050164222717285156,0.044823646545410156,0.043297767639160156,0.07472610473632812,0.07472610473632812,0.048351287841796875,-0.010990142822265625,0.0549468994140625,-0.010990142822265625,0.3589727020263671,0.5312831878662109,6.820514984130859,1.6419519042968749,0.06895838928222656,-0.1323253173828125,-0.007846428649902343,-0.000900533874511722,-0.015849957702636697,-0.014555222717285154,-0.004351353454589847,0.00781876763916016,
591,331380.500963079,0.060793,0.304563,0.324884,-0.034735,0.049902,0.035354,0.08634999999999997,0.057350000000000456,0.06040000000000212,0.08629999999999992,0.07179999999999999,-0.012399999999999911,0.052834510803222656,0.3038454055786133,0.3088045120239258,-0.049782752990722656,0.045205116271972656,0.043297767639160156,0.10988998413085938,0.048351287841796875,0.048351287841796875,0.0549468994140625,0.0549468994140625,0.010990142822265625,0.5025647735595702,0.5025647735595702,6.935381164550781,1.653134017944336,0.07641313171386718,-0.13605268859863281,-0.007958489196777344,-0.0007175944213866914,-0.016079487976074225,-0.015047752990722654,-0.004696883728027346,0.00794376763916016,
592,331380.510963169,0.061645,0.30513,0.325481,-0.033883,0.050611,0.035231,0.08410000000000015,0.05595000000000183,0.05890000000000062,0.08410000000000015,0.06994999999999987,-0.012149999999999661,0.054360389709472656,0.3042268753051758,0.3095674514770508,-0.049019813537597656,0.045205116271972656,0.043297767639160156,0.17142868041992188,0.0659332275390625,0.0659332275390625,0.0549468994140625,0.010990142822265625,-0.03296661376953125,0.5600016021728514,0.7610267639160155,6.90667022705078,1.6494066467285156,0.08759524536132812,-0.13605268859863281,-0.007284610290527342,-0.0009031246948242311,-0.01591354852294924,-0.015136813537597653,-0.005405883728027347,0.008066767639160158,
593,331380.520960873,0.062475,0.305682,0.326062,-0.033053,0.051301,0.035111,0.08185000000000033,0.05445000000000033,0.05734999999999768,0.08190000000000003,0.06804999999999971,-0.011800000000000005,0.055886268615722656,0.3049898147583008,0.3099489212036133,-0.048256874084472656,0.045968055725097656,0.043297767639160156,0.08351707458496094,0.07472610473632812,0.013187408447265625,0.09889984130859375,0.07692337036132812,-0.010990142822265625,0.6174346923828123,0.8184598541259764,6.90667022705078,1.6382245330810545,0.09132342529296875,-0.13978005981445313,-0.0065887313842773465,-0.000692185241699228,-0.016113078796386737,-0.015203874084472657,-0.005332944274902343,0.008186767639160153,
594,331380.530961031,0.063282,0.306219,0.326628,-0.032245,0.051972,0.034995,0.07944999999999966,0.05290000000000017,0.055749999999998856,0.07964999999999986,0.06614999999999989,-0.011500000000000052,0.056649208068847656,0.3057527542114258,0.3103303909301758,-0.046730995178222656,0.047112464904785156,0.043297767639160156,0.07472610473632812,0.05714225769042969,0.0043964385986328125,0.20878982543945312,0.16483688354492188,-0.010990142822265625,0.7897451782226562,0.3589727020263671,7.136410064697265,1.6158594970703124,0.06895838928222656,-0.14350743103027344,-0.006632791931152349,-0.0004662457885742377,-0.016297609069824193,-0.014485995178222653,-0.004859535095214841,0.008302767639160158,
595,331380.540996559,0.064064,0.30674,0.327177,-0.03146,0.052624,0.034881,0.07699999999999999,0.05135000000000001,0.05404999999999993,0.07725000000000005,0.06410000000000027,-0.011199999999999752,0.057412147521972656,0.3061342239379883,0.3107118606567383,-0.045586585998535156,0.048256874084472656,0.043297767639160156,0.0659332275390625,0.03956031799316406,0.013187408447265625,0.20878982543945312,0.16483688354492188,-0.010990142822265625,0.8184598541259764,0.2728211975097656,6.964099578857421,1.5748567962646485,0.046593353271484374,-0.14350743103027344,-0.00665185247802734,-0.0006057760620117314,-0.016465139343261714,-0.014126585998535154,-0.004367125915527341,0.008416767639160154,
596,331380.550965596,0.064822,0.307246,0.327709,-0.0307,0.053254,0.034771,0.07450000000000026,0.04974999999999841,0.05235000000000101,0.07480000000000003,0.0619500000000002,-0.010850000000000096,0.058175086975097656,0.3068971633911133,0.3107118606567383,-0.043679237365722656,0.048638343811035156,0.043297767639160156,0.05714225769042969,0.048351287841796875,0.021978378295898438,0.27472686767578125,0.0549468994140625,-0.010990142822265625,0.9046150970458983,-0.07179603576660155,7.107691650390623,1.5226727905273436,0.05032072448730469,-0.14350743103027344,-0.006646913024902348,-0.00034883660888673784,-0.01699713934326169,-0.012979237365722655,-0.0046156561889648465,0.008526767639160153,
597,331380.560962397,0.065554,0.307735,0.328224,-0.029964,0.053863,0.034664,0.07194999999999979,0.048099999999998144,0.050600000000000644,0.07230000000000014,0.059799999999999784,-0.010600000000000193,0.058556556701660156,0.3072786331176758,0.3110933303833008,-0.042916297912597656,0.049019813537597656,0.042916297912597656,0.03956031799316406,0.048351287841796875,0.05714225769042969,0.09889984130859375,0.0549468994140625,-0.0549468994140625,0.8184598541259764,-0.01435920715332031,7.078973236083983,1.526400161743164,0.06150364685058594,-0.13605268859863281,-0.006997443298339845,-0.00045636688232419953,-0.017130669616699234,-0.012952297912597655,-0.004843186462402345,0.008252297912597656,
598,331380.570962325,0.066261,0.308208,0.328721,-0.029254,0.05445,0.034559,0.06929999999999992,0.046400000000001995,0.04885000000000028,0.06975000000000002,0.05760000000000001,-0.01025000000000019,0.058938026428222656,0.3076601028442383,0.3114748001098633,-0.042153358459472656,0.049019813537597656,0.042916297912597656,0.05714225769042969,0.03956031799316406,0.03956031799316406,0.0549468994140625,0.010990142822265625,-0.010990142822265625,0.3876911163330078,0.4738463592529296,6.935381164550781,1.559947311401367,0.10250553894042969,-0.1323253173828125,-0.007322973571777344,-0.0005478971557617007,-0.017246199890136704,-0.012899358459472657,-0.005430186462402342,0.008357297912597657,
599,331380.580962845,0.06694,0.308663,0.329201,-0.028569,0.055015,0.034459,0.06649999999999989,0.044600000000000195,0.04699999999999982,0.06715000000000002,0.05535000000000019,-0.00989999999999984,0.060082435607910156,0.3084230422973633,0.3122377395629883,-0.041771888732910156,0.049401283264160156,0.042916297912597656,0.07472610473632812,0.03956031799316406,0.013187408447265625,0.03296661376953125,0.010990142822265625,-0.010990142822265625,0.4738463592529296,0.33025802612304683,7.107691650390623,1.5934944610595703,0.11368765258789063,-0.1323253173828125,-0.006857564392089843,-0.00023995770263673943,-0.01696326043701174,-0.013202888732910156,-0.005613716735839845,0.00845729791259766,
600,331380.590961604,0.067591,0.3091,0.329661,-0.027911,0.055557,0.034361,0.06369999999999987,0.042799999999998395,0.04504999999999926,0.06445000000000009,0.05299999999999992,-0.009599999999999886,0.061226844787597656,0.3088045120239258,0.3122377395629883,-0.041008949279785156,0.049782752990722656,0.042534828186035156,0.07472610473632812,0.021978378295898438,-0.0043964385986328125,0.120880126953125,0.0549468994140625,-0.03296661376953125,0.3589727020263671,0.3015396118164062,6.7343597412109375,1.5860397186279296,0.11741502380371094,-0.1323253173828125,-0.006364155212402342,-0.00029548797607420463,-0.0174232604370117,-0.013097949279785158,-0.005774247009277346,0.008173828186035154,
601,331380.600962701,0.068214,0.309519,0.330102,-0.02728,0.056075,0.034267,0.06089999999999984,0.04105000000000081,0.04320000000000157,0.06175,0.05065,-0.00925000000000023,0.061608314514160156,0.3088045120239258,0.3122377395629883,-0.039483070373535156,0.050164222717285156,0.042153358459472656,0.03076934814453125,0.0043964385986328125,-0.0043964385986328125,0.16483688354492188,0.03296661376953125,-0.0549468994140625,0.1866659545898437,0.7610267639160155,7.3087205505371085,1.5450370178222657,0.10623291015625,-0.12487057495117188,-0.006605685485839841,-0.0007144879760742073,-0.017864260437011725,-0.012203070373535158,-0.005910777282714844,0.007886358459472657,
602,331380.610993927,0.068809,0.309921,0.330525,-0.026676,0.05657,0.034176,0.05809999999999982,0.03925000000000178,0.04129999999999967,0.0590499999999999,0.04835000000000013,-0.00889999999999988,0.061989784240722656,0.3091859817504883,0.3122377395629883,-0.038720130920410156,0.050545692443847656,0.041771888732910156,0.03956031799316406,0.0043964385986328125,-0.0043964385986328125,0.09889984130859375,0.0549468994140625,-0.120880126953125,0.445127944946289,0.33025802612304683,7.481023559570311,1.5413096466064453,0.09132342529296875,-0.10623291015625,-0.006819215759277339,-0.0007350182495117208,-0.018287260437011732,-0.012044130920410158,-0.006024307556152346,0.007595888732910158,
603,331380.620962658,0.069376,0.310304,0.330928,-0.026099,0.057042,0.034089,0.05540000000000059,0.03744999999999998,0.039400000000000546,0.056349999999999976,0.04609999999999996,-0.008499999999999827,0.062371253967285156,0.3091859817504883,0.3122377395629883,-0.038338661193847656,0.050927162170410156,0.041008949279785156,0.048351287841796875,0.013187408447265625,0.013187408447265625,0.09889984130859375,0.03296661376953125,-0.14285659790039062,1.0194887542724609,0.1579475402832031,7.394868316650389,1.5524925689697264,0.09132342529296875,-0.08759524536132812,-0.007004746032714837,-0.001118018249511743,-0.01869026043701172,-0.012239661193847656,-0.006114837829589846,0.006919949279785155,
604,331380.630962312,0.069917,0.31067,0.331313,-0.025549,0.057492,0.034006,0.05275000000000002,0.03569999999999962,0.037599999999998746,0.0537000000000001,0.04389999999999984,-0.008150000000000171,0.06275272369384766,0.3095674514770508,0.3122377395629883,-0.037194252014160156,0.051690101623535156,0.040246009826660156,0.021978378295898438,0.03076934814453125,0.0043964385986328125,0.120880126953125,0.0549468994140625,-0.07692337036132812,0.8184598541259764,1.1056402587890624,7.251283721923826,1.5524925689697264,0.09132342529296875,-0.08386787414550781,-0.007164276306152351,-0.0011025485229492205,-0.019075260437011743,-0.011645252014160157,-0.005801898376464845,0.006240009826660155,
605,331380.640962373,0.070431,0.311018,0.33168,-0.025025,0.05792,0.033926,0.05009999999999945,0.03394999999999926,0.03574999999999828,0.05109999999999993,0.04170000000000007,-0.007750000000000118,0.06351566314697266,0.3095674514770508,0.3122377395629883,-0.036812782287597656,0.052453041076660156,0.040627479553222656,0.0659332275390625,0.0043964385986328125,0.013187408447265625,0.07692337036132812,0.07692337036132812,0.010990142822265625,0.7610267639160155,-0.1866659545898437,7.050254821777343,1.5338549041748046,0.0801405029296875,-0.09505079650878906,-0.006915336853027337,-0.0014505485229492354,-0.019442260437011694,-0.011787782287597658,-0.005466958923339843,0.006701479553222658,
606,331380.650961939,0.070919,0.311349,0.332028,-0.024527,0.058326,0.033851,0.04755000000000037,0.032250000000000334,0.033900000000000596,0.04849999999999993,0.03955,-0.007349999999999718,0.06427860260009766,0.3099489212036133,0.3122377395629883,-0.036049842834472656,0.052834510803222656,0.040246009826660156,0.07472610473632812,-0.0043964385986328125,0.0043964385986328125,0.07692337036132812,0.03296661376953125,-0.010990142822265625,0.445127944946289,0.6174346923828123,7.481023559570311,1.5450370178222657,0.08386787414550781,-0.10623291015625,-0.00664039739990234,-0.0014000787963867056,-0.01979026043701171,-0.011522842834472656,-0.005491489196777347,0.006395009826660157,
607,331380.660961493,0.071382,0.311663,0.332358,-0.024055,0.058711,0.033779,0.04504999999999995,0.03055000000000141,0.032150000000000234,0.045899999999999934,0.037499999999999686,-0.007000000000000062,0.06504154205322266,0.3099489212036133,0.3126192092895508,-0.036049842834472656,0.052834510803222656,0.040246009826660156,0.0659332275390625,-0.0043964385986328125,0.013187408447265625,0.010990142822265625,0.010990142822265625,-0.03296661376953125,0.7035899353027343,0.2728211975097656,7.423586730957029,1.5636746826171875,0.10623291015625,-0.10996028137207031,-0.006340457946777345,-0.001714078796386742,-0.019738790710449206,-0.011994842834472656,-0.005876489196777343,0.006467009826660153,
608,331380.670961148,0.07182,0.31196,0.332671,-0.023609,0.059076,0.033711,0.04260000000000028,0.02884999999999971,0.03039999999999987,0.043349999999999986,0.035450000000000065,-0.006600000000000009,0.06580448150634766,0.3099489212036133,0.3126192092895508,-0.035668373107910156,0.053215980529785156,0.040246009826660156,0.10988998413085938,0.0043964385986328125,0.013187408447265625,0.03296661376953125,0.010990142822265625,0.010990142822265625,0.3015396118164062,0.646153106689453,7.251283721923826,1.5785849761962891,0.11741502380371094,-0.10996028137207031,-0.006015518493652339,-0.002011078796386734,-0.020051790710449213,-0.012059373107910155,-0.00586001947021484,0.006535009826660158,
609,331380.680960881,0.072234,0.31224,0.332966,-0.023188,0.05942,0.033647,0.04019999999999996,0.02714999999999801,0.028600000000000847,0.04085000000000009,0.033450000000000146,-0.0061499999999999055,0.06656742095947266,0.3099489212036133,0.3130006790161133,-0.035668373107910156,0.053597450256347656,0.040246009826660156,0.048351287841796875,0.0043964385986328125,0.0043964385986328125,-0.010990142822265625,0.0549468994140625,-0.010990142822265625,0.41640953063964836,0.9620519256591795,7.3374389648437495,1.5972218322753906,0.11368765258789063,-0.11368765258789063,-0.00566657904052735,-0.0022910787963867363,-0.019965320983886703,-0.012480373107910156,-0.005822549743652344,0.006599009826660153,
610,331380.690960908,0.072624,0.312503,0.333243,-0.022792,0.059745,0.033588,0.03784999999999969,0.025499999999997747,0.026850000000000485,0.038350000000000016,0.03149999999999993,-0.005700000000000149,0.06694889068603516,0.3099489212036133,0.3130006790161133,-0.035668373107910156,0.053978919982910156,0.040246009826660156,0.05714225769042969,-0.013187408447265625,0.013187408447265625,-0.010990142822265625,0.120880126953125,-0.010990142822265625,0.5312831878662109,1.2779470062255858,7.394868316650389,1.612132125854492,0.09505079650878906,-0.11368765258789063,-0.005675109313964838,-0.002554078796386694,-0.02024232098388673,-0.012876373107910156,-0.005766080017089843,0.0066580098266601564,
611,331380.700961316,0.072991,0.31275,0.333503,-0.022421,0.06005,0.033533,0.035550000000000165,0.02385000000000026,0.025100000000000122,0.035849999999999944,0.029550000000000062,-0.005300000000000096,0.06733036041259766,0.3099489212036133,0.3133821487426758,-0.035668373107910156,0.054741859436035156,0.040246009826660156,0.048351287841796875,-0.0043964385986328125,0.0043964385986328125,-0.010990142822265625,0.0549468994140625,-0.010990142822265625,0.4738463592529296,0.6174346923828123,7.940510711669921,1.6158594970703124,0.06895838928222656,-0.11741502380371094,-0.005660639587402344,-0.002801078796386691,-0.020120851257324213,-0.013247373107910156,-0.005308140563964843,0.006713009826660156,
612,331380.710963327,0.073335,0.31298,0.333745,-0.022075,0.060336,0.033482,0.033299999999999996,0.022199999999999998,0.02334999999999976,0.03339999999999992,0.027699999999999947,-0.004849999999999993,0.06771183013916016,0.3103303909301758,0.3133821487426758,-0.035668373107910156,0.055504798889160156,0.040246009826660156,0.048351287841796875,0.013187408447265625,0.013187408447265625,-0.010990142822265625,0.0549468994140625,-0.03296661376953125,0.5312831878662109,0.3015396118164062,7.682052459716796,1.6195868682861327,0.06150364685058594,-0.11368765258789063,-0.005623169860839841,-0.002649609069824199,-0.020362851257324233,-0.013593373107910155,-0.0048312011108398445,0.006764009826660158,
613,331380.720966805,0.073657,0.313194,0.33397,-0.021753,0.060604,0.033436,0.031149999999999928,0.020600000000001173,0.02164999999999806,0.031000000000000125,0.02589999999999988,-0.00439999999999989,0.06771183013916016,0.3103303909301758,0.3133821487426758,-0.035286903381347656,0.055886268615722656,0.040246009826660156,0.03956031799316406,0.0043964385986328125,0.021978378295898438,0.03296661376953125,0.07692337036132812,-0.010990142822265625,0.732308349609375,0.7610267639160155,7.3087205505371085,1.6158594970703124,0.06150364685058594,-0.11368765258789063,-0.005945169860839844,-0.002863609069824191,-0.020587851257324208,-0.013533903381347655,-0.004717731384277342,0.006810009826660156,
614,331380.730964302,0.073958,0.313392,0.334178,-0.021455,0.060854,0.033394,0.02899999999999986,0.01900000000000235,0.020000000000000573,0.028600000000000153,0.024100000000000163,-0.003950000000000134,0.06809329986572266,0.3103303909301758,0.3137636184692383,-0.035286903381347656,0.056267738342285156,0.040246009826660156,-0.0043964385986328125,0.0043964385986328125,0.03076934814453125,0.010990142822265625,0.010990142822265625,-0.010990142822265625,0.4738463592529296,0.646153106689453,7.452305145263671,1.6195868682861327,0.06895838928222656,-0.11368765258789063,-0.00586470013427734,-0.0030616090698242227,-0.020414381530761694,-0.013831903381347658,-0.004586261657714842,0.006852009826660156,
615,331380.740962698,0.074237,0.313574,0.33437,-0.021181,0.061086,0.033357,0.026900000000000535,0.017400000000000748,0.01835000000000031,0.026199999999999835,0.022350000000000148,-0.003449999999999981,0.06809329986572266,0.3103303909301758,0.3141450881958008,-0.035668373107910156,0.056267738342285156,0.040246009826660156,0.0043964385986328125,0.013187408447265625,0.0043964385986328125,-0.03296661376953125,0.010990142822265625,-0.010990142822265625,0.6174346923828123,1.048203430175781,7.567178802490233,1.6382245330810545,0.0801405029296875,-0.11368765258789063,-0.006143700134277341,-0.003243609069824238,-0.02022491180419922,-0.014487373107910158,-0.004818261657714845,0.0068890098266601585,
616,331380.750966658,0.074496,0.31374,0.334545,-0.020931,0.061301,0.033325,0.024899999999999922,0.01584999999999781,0.016700000000000048,0.023849999999999913,0.020649999999999835,-0.0029499999999998278,0.06809329986572266,0.3107118606567383,0.3141450881958008,-0.035286903381347656,0.056267738342285156,0.040246009826660156,0.013187408447265625,0.021978378295898438,0.021978378295898438,-0.010990142822265625,0.010990142822265625,-0.010990142822265625,0.6174346923828123,0.41640953063964836,7.394868316650389,1.6382245330810545,0.08386787414550781,-0.11741502380371094,-0.00640270013427735,-0.0030281393432617376,-0.0203999118041992,-0.014355903381347655,-0.005033261657714845,0.006921009826660156,
617,331380.76096623,0.074735,0.313891,0.334704,-0.020704,0.061499,0.033298,0.022900000000000004,0.014300000000000423,0.015049999999999786,0.021500000000000165,0.01904999999999997,-0.0025000000000000716,0.06809329986572266,0.3107118606567383,0.3145265579223633,-0.034905433654785156,0.056267738342285156,0.040246009826660156,0.0043964385986328125,0.021978378295898438,0.021978378295898438,0.0549468994140625,-0.010990142822265625,-0.03296661376953125,0.445127944946289,0.7610267639160155,7.107691650390623,1.6270416107177734,0.09505079650878906,-0.12114320373535156,-0.00664170013427734,-0.0031791393432616943,-0.02017744207763672,-0.014201433654785156,-0.005231261657714842,0.006948009826660155,
618,331380.770965328,0.074954,0.314026,0.334846,-0.020501,0.061682,0.033275,0.021000000000000185,0.012700000000001599,0.013450000000000961,0.019199999999999946,0.017450000000000104,-0.0020499999999999685,0.06809329986572266,0.3110933303833008,0.3149080276489258,-0.034905433654785156,0.056649208068847656,0.040246009826660156,-0.03076934814453125,0.0043964385986328125,0.03956031799316406,0.0549468994140625,0.010990142822265625,-0.010990142822265625,0.7610267639160155,0.7610267639160155,7.107691650390623,1.6195868682861327,0.09505079650878906,-0.11741502380371094,-0.0068607001342773505,-0.002932669616699246,-0.019937972351074196,-0.014404433654785158,-0.0050327919311523445,0.006971009826660157,
619,331380.780962707,0.075155,0.314145,0.334973,-0.02032,0.061848,0.033257,0.019149999999999723,0.011199999999997323,0.011900000000000799,0.01694999999999995,0.015849999999999892,-0.0015000000000001124,0.06847476959228516,0.3110933303833008,0.3152894973754883,-0.034905433654785156,0.056649208068847656,0.040246009826660156,0.0043964385986328125,0.021978378295898438,0.03076934814453125,0.010990142822265625,0.03296661376953125,0.010990142822265625,0.646153106689453,0.7035899353027343,7.165128479003905,1.6307689819335938,0.09505079650878906,-0.12114320373535156,-0.006680230407714843,-0.0030516696166992263,-0.01968350262451174,-0.014585433654785155,-0.005198791931152344,0.006989009826660154,
620,331380.790962437,0.075337,0.31425,0.335084,-0.020162,0.061999,0.033245,0.017299999999999954,0.009750000000000036,0.010299999999999199,0.01470000000000013,0.014350000000000127,-0.0009500000000002562,0.06847476959228516,0.3114748001098633,0.3156709671020508,-0.034905433654785156,0.057030677795410156,0.040246009826660156,0.0043964385986328125,0.03076934814453125,0.048351287841796875,-0.010990142822265625,0.010990142822265625,-0.03296661376953125,0.5887162780761718,0.7897451782226562,7.280002136230468,1.6456792755126952,0.09505079650878906,-0.12114320373535156,-0.006862230407714845,-0.0027751998901366925,-0.01941303289794921,-0.014743433654785157,-0.004968322204589842,0.0070010098266601595,
621,331380.80096123,0.075501,0.31434,0.335179,-0.020026,0.062135,0.033238,0.015550000000000286,0.008299999999999974,0.008800000000000474,0.012549999999999888,0.012900000000000064,-0.0004999999999998062,0.06847476959228516,0.3118562698364258,0.3160524368286133,-0.034905433654785156,0.057030677795410156,0.040246009826660156,0.0043964385986328125,0.03956031799316406,0.0043964385986328125,-0.010990142822265625,-0.010990142822265625,-0.010990142822265625,0.4738463592529296,0.646153106689453,7.050254821777343,1.6568613891601562,0.09877816772460937,-0.12114320373535156,-0.007026230407714842,-0.002483730163574227,-0.019126563171386723,-0.014879433654785158,-0.0051043222045898465,0.0070080098266601595,
622,331380.810965601,0.075648,0.314416,0.33526,-0.019911,0.062257,0.033235,0.013799999999999923,0.006999999999998674,0.007399999999999074,0.010600000000000019,0.011450000000000002,-9.999999999975306e-05,0.06847476959228516,0.3122377395629883,0.3164339065551758,-0.034523963928222656,0.057412147521972656,0.040246009826660156,-0.0043964385986328125,0.03956031799316406,0.013187408447265625,0.010990142822265625,0.03296661376953125,-0.03296661376953125,1.4502574920654296,0.5312831878662109,7.050254821777343,1.6456792755126952,0.09132342529296875,-0.12114320373535156,-0.007173230407714851,-0.002178260437011692,-0.01882609344482422,-0.014612963928222655,-0.004844852478027344,0.007011009826660156,
623,331380.820995951,0.075777,0.31448,0.335327,-0.019814,0.062364,0.033236,0.012149999999999661,0.005800000000000249,0.006149999999999212,0.008800000000000127,0.01004999999999999,0.0002499999999999031,0.06847476959228516,0.3122377395629883,0.3168153762817383,-0.034523963928222656,0.057793617248535156,0.040246009826660156,-0.048351287841796875,0.013187408447265625,0.03956031799316406,0.010990142822265625,0.07692337036132812,0.010990142822265625,0.6174346923828123,0.6174346923828123,7.423586730957029,1.6270416107177734,0.07641313171386718,-0.11741502380371094,-0.007302230407714841,-0.0022422604370117005,-0.018511623718261705,-0.014709963928222658,-0.0045703827514648465,0.007010009826660155,
624,331380.830997522,0.075891,0.314532,0.335383,-0.019735,0.062458,0.03324,0.010600000000000193,0.004700000000001925,0.005050000000000887,0.007149999999999865,0.00874999999999973,0.0004999999999998062,0.06847476959228516,0.3126192092895508,0.3171968460083008,-0.034523963928222656,0.058175086975097656,0.040246009826660156,0.0043964385986328125,0.021978378295898438,0.07472610473632812,-0.010990142822265625,0.0549468994140625,-0.03296661376953125,0.933333511352539,0.6748715209960936,6.992817993164062,1.6382245330810545,0.05777546691894531,-0.12114320373535156,-0.007416230407714844,-0.001912790710449197,-0.018186153991699205,-0.014788963928222657,-0.004282913024902343,0.0070060098266601575,
625,331380.840966217,0.075989,0.314574,0.335428,-0.019671,0.062539,0.033246,0.00905000000000003,0.0037500000000023626,0.004000000000001225,0.005699999999999976,0.007449999999999818,0.0007000000000000062,0.06847476959228516,0.3130006790161133,0.3179597854614258,-0.034905433654785156,0.058556556701660156,0.040246009826660156,0.021978378295898438,0.03076934814453125,0.05714225769042969,-0.03296661376953125,0.07692337036132812,-0.010990142822265625,0.6174346923828123,0.9907703399658202,6.820514984130859,1.653134017944336,0.05032072448730469,-0.12114320373535156,-0.007514230407714845,-0.001573320983886739,-0.017468214538574223,-0.015234433654785155,-0.003982443298339841,0.0070000098266601585,
626,331380.850995053,0.076072,0.314607,0.335463,-0.019621,0.062607,0.033254,0.007549999999999918,0.0029000000000001247,0.0031000000000003247,0.004450000000000114,0.0061999999999999555,0.0007500000000000562,0.06847476959228516,0.3130006790161133,0.3183412551879883,-0.034905433654785156,0.058938026428222656,0.040246009826660156,0.021978378295898438,0.03076934814453125,0.05714225769042969,-0.010990142822265625,0.0549468994140625,-0.010990142822265625,0.7610267639160155,0.9620519256591795,6.849233398437499,1.6568613891601562,0.03913861083984375,-0.12114320373535156,-0.0075972304077148445,-0.0016063209838867443,-0.01712174481201173,-0.015284433654785157,-0.0036689735717773397,0.006992009826660157,
627,331380.860994841,0.07614,0.314632,0.33549,-0.019582,0.062663,0.033261,0.0060999999999998555,0.0021999999999994246,0.002349999999998187,0.0033500000000000543,0.005050000000000193,0.0007500000000000562,0.06847476959228516,0.3133821487426758,0.3191041946411133,-0.034523963928222656,0.059700965881347656,0.040246009826660156,-0.021978378295898438,0.03076934814453125,0.03956031799316406,0.03296661376953125,0.07692337036132812,-0.03296661376953125,0.8184598541259764,0.8184598541259764,6.964099578857421,1.6419519042968749,0.0279556884765625,-0.12114320373535156,-0.007665230407714843,-0.0012498512573242415,-0.01638580535888673,-0.014941963928222658,-0.0029620341186523402,0.006985009826660157,
628,331380.870998577,0.076194,0.314651,0.33551,-0.019554,0.062708,0.033269,0.004749999999999893,0.0015999999999988246,0.0016999999999989246,0.0023999999999999716,0.003950000000000481,0.0007000000000000062,0.06885623931884766,0.3141450881958008,0.3194856643676758,-0.034523963928222656,0.059700965881347656,0.040246009826660156,0.0043964385986328125,0.03076934814453125,0.05714225769042969,0.03296661376953125,0.010990142822265625,-0.010990142822265625,0.3015396118164062,0.445127944946289,6.791796569824218,1.6270416107177734,0.024228317260742187,-0.12114320373535156,-0.007337760681152342,-0.0005059118041992328,-0.016024335632324194,-0.014969963928222658,-0.0030070341186523436,0.006977009826660156,
629,331380.880996901,0.076235,0.314664,0.335524,-0.019534,0.062742,0.033275,0.003399999999999931,0.0010499999999996623,0.0011500000000025379,0.0016499999999999154,0.0028000000000000247,0.0005499999999998562,0.06885623931884766,0.3141450881958008,0.3202486038208008,-0.034523963928222656,0.059700965881347656,0.040246009826660156,0.0043964385986328125,0.05714225769042969,0.07472610473632812,-0.0549468994140625,-0.010990142822265625,-0.010990142822265625,0.5025647735595702,0.4738463592529296,6.87795181274414,1.6382245330810545,0.03168386840820312,-0.11741502380371094,-0.007378760681152341,-0.000518911804199218,-0.015275396179199208,-0.014989963928222657,-0.00304103411865235,0.006971009826660157,
630,331380.890999292,0.076262,0.314672,0.335533,-0.019521,0.062764,0.03328,0.0021500000000000685,0.0007000000000007001,0.0007499999999993623,0.0010500000000000093,0.0017499999999996685,0.0003500000000000031,0.06885623931884766,0.3149080276489258,0.3206300735473633,-0.034142494201660156,0.059700965881347656,0.040246009826660156,0.021978378295898438,0.03076934814453125,0.03076934814453125,0.0549468994140625,-0.010990142822265625,0.010990142822265625,0.646153106689453,0.5025647735595702,6.0738436889648435,1.6419519042968749,0.03913861083984375,-0.12114320373535156,-0.00740576068115234,0.000236027648925774,-0.014902926452636744,-0.014621494201660156,-0.003063034118652344,0.006966009826660159,
631,331380.900963315,0.076278,0.314678,0.335539,-0.019513,0.062777,0.033282,0.0009500000000002562,0.00044999999999906226,0.00044999999999906226,0.0006499999999999562,0.0008000000000001062,0.0,0.06885623931884766,0.3149080276489258,0.3210115432739258,-0.033761024475097656,0.059700965881347656,0.040246009826660156,0.0043964385986328125,-0.0043964385986328125,0.013187408447265625,0.09889984130859375,0.010990142822265625,-0.010990142822265625,0.646153106689453,0.5312831878662109,6.763078155517578,1.6046765747070313,0.04286598205566406,-0.11741502380371094,-0.007421760681152342,0.000230027648925768,-0.014527456726074195,-0.014248024475097657,-0.0030760341186523432,0.006964009826660157,
632,331380.911005528,0.076281,0.314681,0.335542,-0.019508,0.06278,0.03328,-0.00025000000000025,0.00024999999999886224,0.0002500000000016378,0.0004499999999999296,-0.00020000000000020002,-0.0004000000000000531,0.06885623931884766,0.3149080276489258,0.3210115432739258,-0.032616615295410156,0.059700965881347656,0.040246009826660156,-0.0043964385986328125,-0.021978378295898438,0.0043964385986328125,0.120880126953125,-0.010990142822265625,0.010990142822265625,0.5887162780761718,0.4738463592529296,6.820514984130859,1.559947311401367,0.04286598205566406,-0.11741502380371094,-0.007424760681152345,0.00022702764892579275,-0.014530456726074226,-0.013108615295410155,-0.0030790341186523462,0.006966009826660159,
633,331380.920966568,0.076273,0.314683,0.335544,-0.019504,0.062773,0.033274,-0.0013499999999999623,0.0002500000000016378,0.00024999999999886224,0.0004000000000000531,-0.0011000000000004062,-0.0008499999999998092,0.06885623931884766,0.3149080276489258,0.3213930130004883,-0.031853675842285156,0.059700965881347656,0.040246009826660156,-0.0043964385986328125,-0.0043964385986328125,-0.0043964385986328125,0.09889984130859375,-0.010990142822265625,-0.010990142822265625,1.2779470062255858,0.7610267639160155,6.6482044982910145,1.5487651977539063,0.04286598205566406,-0.11741502380371094,-0.007416760681152337,0.00022502764892579075,-0.014150986999511728,-0.012349675842285156,-0.0030720341186523392,0.006972009826660158,
634,331380.930997259,0.076254,0.314686,0.335547,-0.0195,0.062758,0.033263,-0.0023499999999995747,0.00040000000000040004,0.00034999999999896225,0.0004999999999999796,-0.0019499999999998685,-0.0013499999999999623,0.06885623931884766,0.3149080276489258,0.3213930130004883,-0.031853675842285156,0.059700965881347656,0.040246009826660156,-0.0043964385986328125,-0.0043964385986328125,0.0043964385986328125,0.03296661376953125,-0.03296661376953125,-0.010990142822265625,0.7035899353027343,0.1579475402832031,6.87795181274414,1.5562199401855468,0.046593353271484374,-0.11741502380371094,-0.007397760681152346,0.00022202764892576,-0.014153986999511703,-0.012353675842285156,-0.003057034118652338,0.006983009826660155,
635,331380.940994593,0.076226,0.314691,0.335551,-0.019494,0.062734,0.033247,-0.003349999999999881,0.0005999999999978245,0.0005500000000019378,0.0007999999999999327,-0.0027499999999999747,-0.0019500000000002154,0.06885623931884766,0.3149080276489258,0.3213930130004883,-0.031472206115722656,0.059700965881347656,0.040246009826660156,-0.021978378295898438,-0.013187408447265625,0.013187408447265625,0.03296661376953125,-0.010990142822265625,-0.010990142822265625,0.8184598541259764,0.4738463592529296,6.849233398437499,1.5711294250488281,0.04286598205566406,-0.11741502380371094,-0.007369760681152346,0.00021702764892578275,-0.014157986999511707,-0.011978206115722655,-0.003033034118652342,0.0069990098266601575,
636,331380.950962535,0.076187,0.314698,0.335558,-0.019484,0.062703,0.033224,-0.004350000000000187,0.0009000000000009001,0.0009000000000009001,0.0012500000000000358,-0.003500000000000031,-0.0026499999999998747,0.06885623931884766,0.3149080276489258,0.3217744827270508,-0.031472206115722656,0.059700965881347656,0.040246009826660156,0.03076934814453125,-0.021978378295898438,-0.0043964385986328125,-0.010990142822265625,-0.010990142822265625,-0.010990142822265625,0.5887162780761718,0.3876911163330078,6.7343597412109375,1.5785849761962891,0.04286598205566406,-0.12114320373535156,-0.0073307606811523485,0.0002100276489258035,-0.013783517272949242,-0.011988206115722655,-0.0030020341186523386,0.00702200982666016,
637,331380.960961935,0.076139,0.314709,0.335569,-0.019469,0.062664,0.033194,-0.005200000000000343,0.0014000000000014001,0.0013499999999999623,0.001899999999999992,-0.004200000000000037,-0.003399999999999931,0.06885623931884766,0.3149080276489258,0.3217744827270508,-0.031472206115722656,0.059700965881347656,0.040246009826660156,-0.0043964385986328125,0.0043964385986328125,-0.013187408447265625,0.010990142822265625,-0.010990142822265625,-0.010990142822265625,0.8184598541259764,0.7610267639160155,6.7343597412109375,1.5748567962646485,0.04286598205566406,-0.12114320373535156,-0.007282760681152342,0.00019902764892576474,-0.013794517272949225,-0.012003206115722656,-0.0029630341186523412,0.007052009826660155,
638,331380.970997271,0.076083,0.314726,0.335585,-0.019446,0.062619,0.033156,-0.0059999999999997555,0.0019999999999992246,0.0019500000000005624,0.0027499999999999747,-0.004849999999999993,-0.004250000000000087,0.06885623931884766,0.3149080276489258,0.3217744827270508,-0.031472206115722656,0.059700965881347656,0.040246009826660156,-0.013187408447265625,-0.0043964385986328125,0.013187408447265625,0.010990142822265625,-0.010990142822265625,-0.03296661376953125,0.5887162780761718,0.7610267639160155,6.935381164550781,1.5711294250488281,0.03913861083984375,-0.12114320373535156,-0.007226760681152342,0.0001820276489257755,-0.013810517272949241,-0.012026206115722655,-0.002918034118652338,0.007090009826660158,
639,331380.98099527,0.076019,0.314749,0.335608,-0.019414,0.062567,0.033109,-0.006799999999999862,0.002649999999998487,0.002649999999998487,0.0037500000000001074,-0.005499999999999949,-0.005199999999999996,0.06885623931884766,0.3149080276489258,0.3217744827270508,-0.03108978271484375,0.059700965881347656,0.040246009826660156,0.013187408447265625,-0.013187408447265625,0.021978378295898438,0.010990142822265625,-0.010990142822265625,-0.010990142822265625,1.048203430175781,0.7610267639160155,6.7343597412109375,1.5636746826171875,0.04286598205566406,-0.12114320373535156,-0.007162760681152347,0.00015902764892578025,-0.013833517272949236,-0.01167578271484375,-0.0028660341186523414,0.007137009826660157,
640,331380.990994103,0.075947,0.314779,0.335638,-0.019371,0.062509,0.033052,-0.007549999999999918,0.003449999999999287,0.003449999999999287,0.004900000000000043,-0.0060999999999998555,-0.0061999999999999555,0.06885623931884766,0.3149080276489258,0.3221559524536133,-0.03108978271484375,0.060082435607910156,0.040246009826660156,0.013187408447265625,0.013187408447265625,0.0043964385986328125,0.010990142822265625,-0.010990142822265625,-0.010990142822265625,0.33025802612304683,0.646153106689453,6.935381164550781,1.559947311401367,0.03913861083984375,-0.12114320373535156,-0.007090760681152344,0.00012902764892580576,-0.01348204754638671,-0.01171878271484375,-0.002426564392089839,0.007194009826660158,
641,331381.000994439,0.075868,0.314818,0.335677,-0.019316,0.062445,0.032985,-0.008299999999999974,0.004350000000000187,0.004300000000001525,0.0061999999999999555,-0.006699999999999762,-0.007300000000000015,0.06885623931884766,0.3152894973754883,0.3221559524536133,-0.03108978271484375,0.059700965881347656,0.040246009826660156,-0.013187408447265625,-0.0043964385986328125,-0.0043964385986328125,0.010990142822265625,-0.010990142822265625,-0.010990142822265625,0.7035899353027343,0.1292291259765625,6.820514984130859,1.5636746826171875,0.03913861083984375,-0.12114320373535156,-0.007011760681152349,0.0004714973754882945,-0.013521047546386722,-0.01177378271484375,-0.0027440341186523443,0.007261009826660156,
642,331381.010994688,0.075781,0.314866,0.335724,-0.019247,0.062375,0.032906,-0.00915000000000013,0.005250000000001087,0.005250000000001087,0.007599999999999968,-0.007350000000000065,-0.008549999999999877,0.06885623931884766,0.3152894973754883,0.3221559524536133,-0.03070831298828125,0.060082435607910156,0.040246009826660156,-0.021978378295898438,0.0043964385986328125,0.013187408447265625,0.010990142822265625,-0.010990142822265625,-0.010990142822265625,0.5312831878662109,0.445127944946289,6.964099578857421,1.5674020538330078,0.04286598205566406,-0.12487057495117188,-0.006924760681152345,0.000423497375488302,-0.013568047546386741,-0.01146131298828125,-0.0022925643920898436,0.0073400098266601585,
643,331381.020994276,0.075685,0.314923,0.335782,-0.019164,0.062298,0.032814,-0.010100000000000386,0.006250000000002087,0.006299999999997974,0.00905000000000003,-0.008100000000000121,-0.00979999999999974,0.06885623931884766,0.3152894973754883,0.3221559524536133,-0.03070831298828125,0.060082435607910156,0.040246009826660156,0.013187408447265625,0.013187408447265625,0.0043964385986328125,0.010990142822265625,-0.03296661376953125,0.03296661376953125,0.33025802612304683,0.5312831878662109,6.820514984130859,1.5711294250488281,0.03913861083984375,-0.12487057495117188,-0.006828760681152346,0.00036649737548827277,-0.013626047546386744,-0.01154431298828125,-0.002215564392089843,0.007432009826660153,
644,331381.030963081,0.075579,0.314991,0.33585,-0.019066,0.062213,0.03271,-0.011150000000000049,0.007350000000000412,0.007349999999997636,0.010600000000000019,-0.00894999999999993,-0.011150000000000049,0.06885623931884766,0.3152894973754883,0.3221559524536133,-0.03070831298828125,0.060082435607910156,0.040246009826660156,0.0043964385986328125,0.013187408447265625,-0.07472610473632812,0.010990142822265625,-0.010990142822265625,-0.010990142822265625,0.933333511352539,0.445127944946289,6.87795181274414,1.5674020538330078,0.035411239624023434,-0.12487057495117188,-0.006722760681152337,0.0002984973754882603,-0.0136940475463867,-0.01164231298828125,-0.0021305643920898412,0.007536009826660153,
645,331381.040997351,0.075462,0.31507,0.335929,-0.018952,0.062119,0.032591,-0.012349999999999861,0.008449999999998736,0.008500000000000174,0.012150000000000008,-0.00989999999999984,-0.012600000000000111,0.06885623931884766,0.3152894973754883,0.3221559524536133,-0.03070831298828125,0.060082435607910156,0.040246009826660156,-0.0043964385986328125,0.013187408447265625,-0.03076934814453125,0.010990142822265625,-0.03296661376953125,-0.03296661376953125,0.41640953063964836,0.2728211975097656,6.705641326904296,1.5674020538330078,0.03913861083984375,-0.1323253173828125,-0.006605760681152345,0.00021949737548826453,-0.013773047546386696,-0.01175631298828125,-0.0020365643920898444,0.007655009826660154,
646,331381.050994063,0.075332,0.31516,0.33602,-0.018823,0.062015,0.032458,-0.013649999999999773,0.009599999999998499,0.009700000000001374,0.013849999999999973,-0.010900000000000146,-0.014149999999999927,0.06885623931884766,0.3156709671020508,0.3221559524536133,-0.03032684326171875,0.059700965881347656,0.039864540100097656,-0.0043964385986328125,0.013187408447265625,-0.03076934814453125,0.03296661376953125,-0.010990142822265625,-0.010990142822265625,0.8184598541259764,0.1579475402832031,6.935381164550781,1.5674020538330078,0.035411239624023434,-0.1323253173828125,-0.00647576068115234,0.0005109671020507855,-0.013864047546386704,-0.01150384326171875,-0.0023140341186523444,0.0074065401000976555,
647,331381.060962686,0.075189,0.315262,0.336123,-0.018675,0.061901,0.032308,-0.014999999999999736,0.010850000000001137,0.010950000000001237,0.01565000000000004,-0.012000000000000205,-0.01580000000000019,0.06885623931884766,0.3156709671020508,0.3221559524536133,-0.02994537353515625,0.059700965881347656,0.039864540100097656,0.013187408447265625,0.0043964385986328125,0.0043964385986328125,0.010990142822265625,-0.03296661376953125,-0.010990142822265625,0.1579475402832031,0.646153106689453,6.791796569824218,1.5562199401855468,0.0279556884765625,-0.1323253173828125,-0.00633276068115235,0.00040896710205079456,-0.013967047546386724,-0.01127037353515625,-0.0022000341186523414,0.007556540100097653,
648,331381.070996987,0.075032,0.315377,0.336239,-0.01851,0.061775,0.032142,-0.016450000000000492,0.012100000000000999,0.012249999999999761,0.017450000000000104,-0.013200000000000017,-0.017500000000000154,0.06885623931884766,0.3160524368286133,0.3221559524536133,-0.02994537353515625,0.059700965881347656,0.039864540100097656,-0.03076934814453125,0.013187408447265625,0.013187408447265625,0.010990142822265625,-0.03296661376953125,-0.010990142822265625,0.10051445007324217,0.5025647735595702,6.6769229125976555,1.5524925689697264,0.024228317260742187,-0.13605268859863281,-0.006175760681152345,0.0006754368286132628,-0.014083047546386729,-0.011435373535156251,-0.0020740341186523403,0.007722540100097659,
649,331381.080998093,0.07486,0.315504,0.336368,-0.018326,0.061637,0.031958,-0.01805000000000001,0.013399999999999523,0.013549999999998286,0.019399999999999973,-0.01444999999999988,-0.019399999999999973,0.06885623931884766,0.3160524368286133,0.3221559524536133,-0.02956390380859375,0.059700965881347656,0.039864540100097656,-0.013187408447265625,0.0043964385986328125,0.03076934814453125,0.010990142822265625,-0.03296661376953125,-0.010990142822265625,0.7610267639160155,-0.1292291259765625,6.705641326904296,1.5450370178222657,0.01677357482910156,-0.13978005981445313,-0.00600376068115234,0.0005484368286132746,-0.014212047546386719,-0.011237903808593751,-0.001936034118652341,0.007906540100097656,
650,331381.090963782,0.074671,0.315645,0.33651,-0.018122,0.061486,0.031754,-0.01974999999999963,0.014800000000000924,0.014949999999999686,0.02139999999999989,-0.015749999999999792,-0.02130000000000014,0.06885623931884766,0.3160524368286133,0.3221559524536133,-0.02918243408203125,0.059700965881347656,0.039864540100097656,0.013187408447265625,0.0043964385986328125,-0.0043964385986328125,0.03296661376953125,-0.010990142822265625,-0.0549468994140625,0.5887162780761718,0.5025647735595702,6.791796569824218,1.5450370178222657,0.01677357482910156,-0.13978005981445313,-0.005814760681152345,0.00040743682861327235,-0.014354047546386695,-0.01106043408203125,-0.0017850341186523427,0.008110540100097659,
651,331381.100961583,0.074465,0.3158,0.336667,-0.017898,0.061322,0.031532,-0.02155000000000004,0.01624999999999821,0.016400000000002524,0.02349999999999991,-0.017199999999999854,-0.02329999999999971,0.06885623931884766,0.3164339065551758,0.3225374221801758,-0.02880096435546875,0.059700965881347656,0.039864540100097656,0.013187408447265625,0.013187408447265625,-0.0043964385986328125,0.010990142822265625,-0.03296661376953125,-0.010990142822265625,0.1579475402832031,0.445127944946289,7.107691650390623,1.5487651977539063,0.01304620361328125,-0.13978005981445313,-0.005608760681152347,0.0006339065551757561,-0.014129577819824213,-0.01090296435546875,-0.0016210341186523453,0.008332540100097659,
652,331381.110962553,0.07424,0.31597,0.336838,-0.017652,0.061142,0.031288,-0.02344999999999986,0.01774999999999971,0.017900000000001248,0.02570000000000003,-0.018800000000000067,-0.025449999999999952,0.06885623931884766,0.3164339065551758,0.3225374221801758,-0.02880096435546875,0.059700965881347656,0.039864540100097656,-0.021978378295898438,0.013187408447265625,0.021978378295898438,0.010990142822265625,-0.010990142822265625,-0.03296661376953125,0.8758966827392577,0.7610267639160155,6.590767669677734,1.5524925689697264,0.009318832397460937,-0.14350743103027344,-0.005383760681152344,0.00046390655517580814,-0.014300577819824245,-0.011148964355468749,-0.0014410341186523457,0.008576540100097653,
653,331381.120999147,0.073996,0.316155,0.337025,-0.017384,0.060946,0.031023,-0.02549999999999983,0.01930000000000265,0.019449999999998635,0.027899999999999973,-0.020399999999999932,-0.027650000000000244,0.06885623931884766,0.3168153762817383,0.3225374221801758,-0.02841949462890625,0.059700965881347656,0.039483070373535156,-0.0043964385986328125,0.0043964385986328125,-0.013187408447265625,0.010990142822265625,0.010990142822265625,-0.03296661376953125,0.2728211975097656,0.732308349609375,6.763078155517578,1.559947311401367,0.005591461181640625,-0.14723480224609375,-0.00513976068115235,0.0006603762817382619,-0.014487577819824238,-0.01103549462890625,-0.001245034118652344,0.008460070373535158,
654,331381.130998385,0.07373,0.316356,0.337227,-0.017094,0.060734,0.030735,-0.02760000000000054,0.020899999999998697,0.021050000000000235,0.03020000000000002,-0.022049999999999847,-0.029949999999999942,0.06885623931884766,0.3168153762817383,0.3225374221801758,-0.02841949462890625,0.059700965881347656,0.039483070373535156,0.021978378295898438,0.0043964385986328125,0.013187408447265625,0.010990142822265625,0.010990142822265625,-0.0549468994140625,0.10051445007324217,0.4738463592529296,6.90667022705078,1.5636746826171875,0.0018640899658203124,-0.14350743103027344,-0.004873760681152348,0.0004593762817382552,-0.014689577819824218,-0.011325494628906248,-0.001033034118652347,0.008748070373535158,
655,331381.140963427,0.073444,0.316573,0.337446,-0.01678,0.060505,0.030424,-0.029799999999999965,0.02254999999999896,0.02274999999999916,0.032600000000000164,-0.02385000000000026,-0.032299999999999864,0.06885623931884766,0.3168153762817383,0.3225374221801758,-0.02841949462890625,0.059700965881347656,0.039483070373535156,-0.0043964385986328125,-0.0043964385986328125,0.0043964385986328125,0.03296661376953125,-0.010990142822265625,-0.010990142822265625,0.10051445007324217,0.4738463592529296,7.050254821777343,1.5674020538330078,-0.0018640899658203124,-0.14723480224609375,-0.004587760681152339,0.00024237628173828796,-0.014908577819824242,-0.01163949462890625,-0.000804034118652347,0.009059070373535157,
656,331381.150961308,0.073134,0.316807,0.337682,-0.016442,0.060257,0.030089,-0.03214999999999954,0.02425000000000066,0.024499999999999522,0.03505000000000001,-0.02575000000000008,-0.03475000000000006,0.06885623931884766,0.3168153762817383,0.3225374221801758,-0.02803802490234375,0.059700965881347656,0.039101600646972656,0.03076934814453125,0.0043964385986328125,0.013187408447265625,-0.010990142822265625,-0.03296661376953125,-0.0549468994140625,0.5312831878662109,0.4738463592529296,6.964099578857421,1.5785849761962891,-0.009318832397460937,-0.15096298217773438,-0.004277760681152348,8.376281738275981e-06,-0.015144577819824201,-0.011596024902343752,-0.0005560341186523418,0.009012600646972655,
657,331381.160966736,0.072801,0.317058,0.337936,-0.016079,0.05999,0.029729,-0.03459999999999991,0.026000000000001022,0.026249999999999885,0.03754999999999991,-0.027699999999999947,-0.03735000000000006,0.06885623931884766,0.3171968460083008,0.3225374221801758,-0.02803802490234375,0.059700965881347656,0.038720130920410156,0.0043964385986328125,0.0043964385986328125,-0.0043964385986328125,-0.010990142822265625,-0.010990142822265625,-0.07692337036132812,-0.1292291259765625,0.5887162780761718,7.136410064697265,1.5860397186279296,-0.01304620361328125,-0.14350743103027344,-0.003944760681152348,0.00013884600830077476,-0.015398577819824233,-0.01195902490234375,-0.0002890341186523454,0.008991130920410158,
658,331381.170966016,0.072442,0.317327,0.338207,-0.015691,0.059703,0.029342,-0.03715000000000038,0.02784999999999871,0.028100000000000347,0.04014999999999999,-0.029700000000000212,-0.03999999999999993,0.06885623931884766,0.3171968460083008,0.3225374221801758,-0.02803802490234375,0.059700965881347656,0.037957191467285156,-0.0043964385986328125,-0.013187408447265625,-0.0043964385986328125,-0.010990142822265625,-0.010990142822265625,-0.09889984130859375,-0.07179603576660155,0.5887162780761718,6.964099578857421,1.5934944610595703,-0.01304620361328125,-0.1323253173828125,-0.00358576068115235,-0.00013015399169924446,-0.0156695778198242,-0.01234702490234375,-2.0341186523428756e-06,0.008615191467285156,
659,331381.180962337,0.072058,0.317615,0.338498,-0.015276,0.059396,0.028929,-0.0397500000000002,0.02969999999999917,0.030000000000002247,0.042899999999999966,-0.031799999999999884,-0.04275000000000008,0.06885623931884766,0.3171968460083008,0.3225374221801758,-0.02765655517578125,0.059319496154785156,0.037194252014160156,0.021978378295898438,0.0043964385986328125,0.013187408447265625,0.010990142822265625,-0.03296661376953125,-0.16483688354492188,0.6174346923828123,0.4738463592529296,7.136410064697265,1.600949203491211,-0.01677357482910156,-0.10996028137207031,-0.003201760681152341,-0.0004181539916991994,-0.01596057781982424,-0.01238055517578125,-7.650384521484116e-05,0.008265252014160156,
660,331381.190995883,0.071647,0.317921,0.338807,-0.014833,0.059067,0.028487,-0.042500000000000177,0.03160000000000107,0.031899999999998596,0.04569999999999999,-0.034,-0.04559999999999998,0.06885623931884766,0.3171968460083008,0.3225374221801758,-0.02765655517578125,0.059319496154785156,0.036431312561035156,0.048351287841796875,-0.0043964385986328125,-0.0043964385986328125,0.010990142822265625,-0.03296661376953125,-0.09889984130859375,-0.24410278320312498,0.9620519256591795,7.107691650390623,1.612132125854492,-0.024228317260742187,-0.10250553894042969,-0.002790760681152346,-0.0007241539916992279,-0.016269577819824244,-0.01282355517578125,0.0002524961547851548,0.007944312561035158,
661,331381.200994392,0.071208,0.318247,0.339136,-0.014362,0.058716,0.028017,-0.04525000000000015,0.03354999999999886,0.03379999999999772,0.048450000000000056,-0.03625000000000017,-0.04844999999999988,0.06885623931884766,0.3175783157348633,0.3225374221801758,-0.02765655517578125,0.059319496154785156,0.036049842834472656,-0.021978378295898438,0.013187408447265625,0.03076934814453125,0.010990142822265625,-0.03296661376953125,-0.03296661376953125,-0.07179603576660155,0.5600016021728514,7.165128479003905,1.6158594970703124,-0.03168386840820312,-0.12487057495117188,-0.0023517606811523373,-0.0006686842651367209,-0.016598577819824212,-0.01329455517578125,0.0006034961547851589,0.008032842834472656,
662,331381.21096611,0.070742,0.318592,0.339483,-0.013864,0.058342,0.027518,-0.04799999999999943,0.03545000000000076,0.03569999999999962,0.05120000000000003,-0.03844999999999994,-0.05129999999999996,0.06885623931884766,0.3175783157348633,0.3225374221801758,-0.02765655517578125,0.059319496154785156,0.036049842834472656,-0.03956031799316406,0.013187408447265625,-0.0043964385986328125,0.010990142822265625,-0.010990142822265625,-0.010990142822265625,-0.24410278320312498,0.2728211975097656,7.193846893310546,1.6270416107177734,-0.035411239624023434,-0.14350743103027344,-0.001885760681152343,-0.001013684265136705,-0.016945577819824198,-0.01379255517578125,0.0009774961547851582,0.008531842834472655,
663,331381.220996231,0.070248,0.318956,0.33985,-0.013338,0.057947,0.026991,-0.05070000000000005,0.03730000000000122,0.03765000000000018,0.053950000000000005,-0.04054999999999996,-0.054050000000000105,0.06885623931884766,0.3175783157348633,0.3229188919067383,-0.02727508544921875,0.058938026428222656,0.035668373107910156,-0.013187408447265625,0.013187408447265625,-0.03956031799316406,0.03296661376953125,-0.03296661376953125,-0.07692337036132812,-0.24410278320312498,0.9907703399658202,6.992817993164062,1.6307689819335938,-0.04286598205566406,-0.14723480224609375,-0.0013917606811523486,-0.001377684265136736,-0.016931108093261704,-0.01393708544921875,0.0009910264282226577,0.008677373107910155,
664,331381.230995544,0.069728,0.319338,0.340236,-0.012785,0.057531,0.026437,-0.05330000000000057,0.03914999999999891,0.039500000000000646,0.05659999999999996,-0.04264999999999998,-0.05675000000000003,0.06885623931884766,0.3175783157348633,0.3229188919067383,-0.02727508544921875,0.058556556701660156,0.035286903381347656,0.013187408447265625,-0.0043964385986328125,-0.0043964385986328125,0.03296661376953125,-0.03296661376953125,-0.0549468994140625,0.043077621459960934,0.41640953063964836,7.3087205505371085,1.634496353149414,-0.046593353271484374,-0.14350743103027344,-0.0008717606811523421,-0.0017596842651367295,-0.0173171080932617,-0.01449008544921875,0.0010255567016601574,0.008849903381347658,
665,331381.240995623,0.069182,0.319739,0.34064,-0.012206,0.057094,0.025856,-0.0558999999999997,0.04099999999999937,0.04135000000000111,0.05919999999999996,-0.04475,-0.059399999999999904,0.06847476959228516,0.3179597854614258,0.3229188919067383,-0.02651214599609375,0.058556556701660156,0.034905433654785156,0.0043964385986328125,0.0043964385986328125,0.0043964385986328125,0.0549468994140625,-0.010990142822265625,-0.0549468994140625,-0.445127944946289,0.41640953063964836,7.452305145263671,1.6382245330810545,-0.05032072448730469,-0.14723480224609375,-0.0007072304077148373,-0.0017792145385742142,-0.017721108093261717,-0.01430614599609375,0.0014625567016601573,0.009049433654785156,
666,331381.250998459,0.06861,0.320158,0.341063,-0.011601,0.056636,0.025249,-0.058399999999999425,0.04274999999999973,0.04315000000000013,0.06175,-0.04674999999999992,-0.06204999999999995,0.06847476959228516,0.3179597854614258,0.3229188919067383,-0.02613067626953125,0.058175086975097656,0.034142494201660156,-0.03076934814453125,0.013187408447265625,-0.03076934814453125,0.0549468994140625,-0.0549468994140625,-0.16483688354492188,-0.21538436889648435,0.3876911163330078,7.136410064697265,1.6382245330810545,-0.046593353271484374,-0.1285979461669922,-0.00013523040771484807,-0.002198214538574217,-0.018144108093261724,-0.01452967626953125,0.0015390869750976574,0.008893494201660156,
667,331381.260994873,0.068014,0.320594,0.341503,-0.010971,0.056159,0.024615,-0.06085000000000049,0.044500000000000095,0.044900000000000495,0.06424999999999999,-0.048699999999999785,-0.06464999999999994,0.06847476959228516,0.3183412551879883,0.3229188919067383,-0.02574920654296875,0.057412147521972656,0.032616615295410156,0.03076934814453125,0.013187408447265625,0.021978378295898438,0.07692337036132812,-0.07692337036132812,-0.23077011108398438,-0.3589727020263671,0.8471782684326171,7.136410064697265,1.6307689819335938,-0.04286598205566406,-0.10250553894042969,0.00046076959228515124,-0.002252744812011709,-0.01858410809326172,-0.01477820654296875,0.0012531475219726557,0.008001615295410155,
668,331381.270997287,0.067393,0.321048,0.341961,-0.010316,0.055662,0.023956,-0.06330000000000016,0.04625000000000046,0.04665000000000086,0.06674999999999996,-0.05065,-0.06715000000000002,0.06847476959228516,0.3183412551879883,0.3229188919067383,-0.02460479736328125,0.056267738342285156,0.031853675842285156,0.0043964385986328125,-0.0043964385986328125,-0.0043964385986328125,0.09889984130859375,-0.1868133544921875,-0.120880126953125,-0.3589727020263671,0.8184598541259764,7.423586730957029,1.6158594970703124,-0.01304620361328125,-0.10623291015625,0.0010817695922851617,-0.002706744812011719,-0.019042108093261734,-0.01428879736328125,0.0006057383422851531,0.007897675842285155,
669,331381.280962842,0.066748,0.321519,0.342436,-0.009636,0.055146,0.023272,-0.06564999999999974,0.04794999999999938,0.048299999999998344,0.06919999999999998,-0.052550000000000166,-0.06965000000000009,0.06847476959228516,0.3187227249145508,0.3229188919067383,-0.02384185791015625,0.055886268615722656,0.031853675842285156,-0.021978378295898438,0.013187408447265625,0.03076934814453125,0.120880126953125,-0.0549468994140625,-0.03296661376953125,-0.6748715209960936,0.933333511352539,7.251283721923826,1.6084047546386717,-0.009318832397460937,-0.1285979461669922,0.0017267695922851545,-0.002796275085449218,-0.019517108093261737,-0.01420585791015625,0.0007402686157226557,0.008581675842285155,
670,331381.290966021,0.06608,0.322007,0.342927,-0.008932,0.054611,0.022563,-0.06794999999999995,0.049599999999999644,0.050000000000000044,0.07155,-0.054449999999999985,-0.07210000000000011,0.06809329986572266,0.3191041946411133,0.3233003616333008,-0.02269744873046875,0.055504798889160156,0.03108978271484375,-0.013187408447265625,0.013187408447265625,0.03956031799316406,0.16483688354492188,-0.0549468994140625,-0.07692337036132812,-0.8184598541259764,0.8184598541259764,7.394868316650389,1.58976708984375,-0.020500946044921874,-0.13978005981445313,0.0020132998657226564,-0.0029028053588867064,-0.0196266383666992,-0.01376544873046875,0.0008937988891601564,0.00852678271484375,
671,331381.300996939,0.065389,0.322511,0.343436,-0.008205,0.054057,0.02183,-0.07025000000000017,0.051200000000001245,0.05165000000000031,0.07390000000000005,-0.05625000000000005,-0.07449999999999991,0.06809329986572266,0.3191041946411133,0.3233003616333008,-0.02155303955078125,0.055886268615722656,0.02994537353515625,-0.03076934814453125,0.03076934814453125,0.03956031799316406,0.14285659790039062,-0.010990142822265625,-0.16483688354492188,-0.9620519256591795,0.4738463592529296,6.763078155517578,1.5674020538330078,-0.035411239624023434,-0.11741502380371094,0.0027042998657226536,-0.003406805358886711,-0.020135638366699238,-0.01334803955078125,0.0018292686157226554,0.008115373535156251,
672,331381.310998458,0.064675,0.323031,0.34396,-0.007454,0.053486,0.021073,-0.07250000000000034,0.05280000000000007,0.053199999999997694,0.07625000000000001,-0.058000000000000065,-0.07679999999999995,0.06809329986572266,0.3194856643676758,0.3233003616333008,-0.02040863037109375,0.054741859436035156,0.02880096435546875,-0.021978378295898438,0.0043964385986328125,0.0043964385986328125,0.16483688354492188,-0.09889984130859375,-0.16483688354492188,-0.646153106689453,0.9046150970458983,7.595897216796875,1.5636746826171875,-0.05032072448730469,-0.10250553894042969,0.00341829986572266,-0.0035453356323242313,-0.020659638366699207,-0.012954630371093751,0.0012558594360351574,0.0077279643554687485,
673,331381.32096297,0.063939,0.323567,0.3445,-0.00668,0.052897,0.020294,-0.07464999999999972,0.05435000000000023,0.054799999999999294,0.07849999999999997,-0.05975000000000008,-0.07905000000000012,0.06771183013916016,0.3198671340942383,0.3236818313598633,-0.01964569091796875,0.053978919982910156,0.02841949462890625,-0.03076934814453125,0.021978378295898438,0.013187408447265625,0.120880126953125,-0.16483688354492188,-0.120880126953125,-0.5312831878662109,0.043077621459960934,7.136410064697265,1.559947311401367,-0.035411239624023434,-0.10996028137207031,0.0037728301391601604,-0.0036998659057617123,-0.02081816864013669,-0.01296569091796875,0.0010819199829101567,0.00812549462890625,
674,331381.330962122,0.063182,0.324118,0.345056,-0.005884,0.052291,0.019492,-0.07674999999999974,0.055900000000000394,0.056400000000000894,0.0807,-0.061450000000000046,-0.08129999999999994,0.06771183013916016,0.3202486038208008,0.3240633010864258,-0.01888275146484375,0.052834510803222656,0.02841949462890625,-0.03076934814453125,0.048351287841796875,0.048351287841796875,0.16483688354492188,-0.20878982543945312,-0.03296661376953125,-0.9046150970458983,1.1630770874023435,6.820514984130859,1.5674020538330078,-0.005591461181640625,-0.13978005981445313,0.004529830139160154,-0.003869396179199236,-0.020992698913574193,-0.01299875146484375,0.000543510803222659,0.008927494628906251,
675,331381.34096628,0.062404,0.324685,0.345628,-0.005066,0.051668,0.018668,-0.07880000000000005,0.05739999999999912,0.057900000000002394,0.08290000000000003,-0.06309999999999996,-0.0834999999999999,0.06733036041259766,0.3206300735473633,0.3244447708129883,-0.01773834228515625,0.052071571350097656,0.02803802490234375,-0.05714225769042969,0.048351287841796875,0.03076934814453125,0.16483688354492188,-0.16483688354492188,-0.07692337036132812,-0.646153106689453,0.9046150970458983,7.567178802490233,1.559947311401367,0.01677357482910156,-0.1546903533935547,0.004926360412597655,-0.00405492645263672,-0.02118322918701171,-0.012672342285156249,0.0004035713500976576,0.00937002490234375,
676,331381.350962584,0.061606,0.325266,0.346214,-0.004226,0.051029,0.017822,-0.08079999999999997,0.05884999999999918,0.05934999999999968,0.08505000000000001,-0.06469999999999983,-0.08564999999999996,0.06694889068603516,0.3210115432739258,0.3244447708129883,-0.01621246337890625,0.051690101623535156,0.02651214599609375,-0.013187408447265625,0.021978378295898438,0.0043964385986328125,0.23077011108398438,-0.0549468994140625,-0.1868133544921875,-0.8471782684326171,0.933333511352539,7.997947540283202,1.5338549041748046,0.0018640899658203124,-0.13605268859863281,0.005342890686035155,-0.004254456726074218,-0.02176922918701174,-0.01198646337890625,0.0006611016235351583,0.008690145996093749,
677,331381.360961478,0.060788,0.325862,0.346815,-0.003365,0.050374,0.016955,-0.08279999999999989,0.06029999999999924,0.06079999999999974,0.08709999999999998,-0.06624999999999999,-0.0877000000000001,0.06656742095947266,0.3213930130004883,0.3244447708129883,-0.01430511474609375,0.051690101623535156,0.02498626708984375,-0.013187408447265625,0.03076934814453125,-0.013187408447265625,0.25274658203125,-0.010990142822265625,-0.23077011108398438,-1.0769218444824218,0.9046150970458983,7.653334045410156,1.4853974609375,-0.0279556884765625,-0.10250553894042969,0.0057794209594726545,-0.004468986999511704,-0.022370229187011703,-0.01094011474609375,0.0013161016235351541,0.008031267089843749,
678,331381.370962497,0.05995,0.326472,0.34743,-0.002484,0.049704,0.016068,-0.08470000000000005,0.06170000000000064,0.062249999999999805,0.0891,-0.06780000000000015,-0.08975000000000007,0.06656742095947266,0.3217744827270508,0.3248262405395508,-0.01277923583984375,0.051308631896972656,0.02422332763671875,-0.03076934814453125,0.03956031799316406,0.013187408447265625,0.20878982543945312,-0.0549468994140625,-0.16483688354492188,-0.9907703399658202,0.732308349609375,7.854355468749999,1.4704879760742187,-0.05032072448730469,-0.09877816772460937,0.006617420959472653,-0.004697517272949203,-0.022603759460449235,-0.01029523583984375,0.001604631896972658,0.008155327636718751,
679,331381.380965726,0.059094,0.327096,0.34806,-0.001583,0.049018,0.01516,-0.08655000000000017,0.06310000000000204,0.06364999999999843,0.0911,-0.06929999999999992,-0.0917499999999999,0.06580448150634766,0.3221559524536133,0.3252077102661133,-0.01201629638671875,0.050545692443847656,0.02346038818359375,-0.05714225769042969,0.021978378295898438,0.03076934814453125,0.120880126953125,-0.09889984130859375,-0.120880126953125,-0.9907703399658202,0.6748715209960936,7.567178802490233,1.5003077545166015,-0.046593353271484374,-0.11368765258789063,0.0067104815063476556,-0.004940047546386717,-0.0228522897338867,-0.01043329638671875,0.0015276924438476572,0.00830038818359375,
680,331381.390962997,0.058219,0.327734,0.348703,-0.000662,0.048318,0.014233,-0.08834999999999989,0.06444999999999923,0.06500000000000117,0.09305,-0.07074999999999998,-0.09370000000000003,0.06504154205322266,0.3225374221801758,0.3255891799926758,-0.01163482666015625,0.049019813537597656,0.02231597900390625,-0.0659332275390625,0.048351287841796875,0.03956031799316406,0.09889984130859375,-0.23077011108398438,-0.14285659790039062,-0.6748715209960936,0.7897451782226562,7.567178802490233,1.5301275329589843,-0.024228317260742187,-0.11741502380371094,0.006822542053222656,-0.005196577819824244,-0.023113820007324204,-0.01097282666015625,0.0007018135375976564,0.00808297900390625,
681,331381.400964483,0.057327,0.328385,0.34936,0.000278,0.047603,0.013286,-0.0900999999999999,0.06574999999999775,0.06629999999999969,0.09495,-0.07214999999999999,-0.09555000000000007,0.06466007232666016,0.3233003616333008,0.3259706497192383,-0.01125335693359375,0.048256874084472656,0.02117156982421875,-0.10109901428222656,0.07472610473632812,0.03076934814453125,0.0549468994140625,-0.09889984130859375,-0.23077011108398438,-0.9046150970458983,0.9046150970458983,7.567178802490233,1.5487651977539063,0.005591461181640625,-0.10250553894042969,0.007333072326660153,-0.005084638366699201,-0.023389350280761723,-0.01153135693359375,0.0006538740844726568,0.00788556982421875,
682,331381.410962083,0.056417,0.329049,0.350029,0.001237,0.046875,0.012322,-0.09175000000000016,0.06700000000000039,0.06750000000000089,0.09675,-0.0734499999999999,-0.09734999999999995,0.06351566314697266,0.3240633010864258,0.3263521194458008,-0.01049041748046875,0.047875404357910156,0.02040863037109375,-0.1362628936767578,0.1362628936767578,0.07472610473632812,0.07692337036132812,-0.07692337036132812,-0.14285659790039062,-0.6748715209960936,0.7035899353027343,8.198976440429687,1.5636746826171875,-0.0018640899658203124,-0.09877816772460937,0.007098663146972654,-0.004985698913574199,-0.023676880554199198,-0.01172741748046875,0.0010004043579101562,0.00808663037109375,
683,331381.420962126,0.055492,0.329725,0.35071,0.002213,0.046134,0.011339,-0.09329999999999998,0.06815000000000015,0.06870000000000209,0.0984,-0.07470000000000011,-0.09905,0.062371253967285156,0.3252077102661133,0.3271150588989258,-0.01049041748046875,0.047875404357910156,0.01964569091796875,-0.15384674072265625,0.127471923828125,0.09230804443359375,-0.010990142822265625,-0.010990142822265625,-0.120880126953125,-0.41640953063964836,0.10051445007324217,7.739489288330077,1.5934944610595703,-0.03168386840820312,-0.11368765258789063,0.006879253967285157,-0.004517289733886709,-0.02359494110107424,-0.01270341748046875,0.0017414043579101549,0.00830669091796875,
684,331381.430996027,0.054551,0.330412,0.351403,0.003205,0.045381,0.010341,-0.09480000000000009,0.06925000000000125,0.06979999999999764,0.09994999999999997,-0.07589999999999993,-0.1006,0.061226844787597656,0.3267335891723633,0.3286409378051758,-0.01010894775390625,0.047493934631347656,0.01811981201171875,-0.11868095397949219,0.17142868041992188,0.127471923828125,0.0549468994140625,-0.07692337036132812,-0.1868133544921875,-0.732308349609375,0.9046150970458983,7.3374389648437495,1.6046765747070313,-0.05777546691894531,-0.10623291015625,0.006675844787597654,-0.0036784108276367022,-0.02276206219482424,-0.01331394775390625,0.0021129346313476585,0.0077788120117187505,
685,331381.440963774,0.053596,0.33111,0.352106,0.004212,0.044616,0.009327,-0.0962000000000001,0.07024999999999948,0.07085000000000008,0.10145,-0.07699999999999999,-0.10209999999999993,0.060463905334472656,0.3282594680786133,0.3297853469848633,-0.00934600830078125,0.046349525451660156,0.01697540283203125,-0.07472610473632812,0.15384674072265625,0.127471923828125,0.07692337036132812,-0.1868133544921875,-0.23077011108398438,-0.6748715209960936,0.5025647735595702,7.423586730957029,1.6195868682861327,-0.035411239624023434,-0.09505079650878906,0.0068679053344726584,-0.002850531921386734,-0.022320653015136693,-0.01355800830078125,0.0017335254516601534,0.00764840283203125,
686,331381.451008109,0.052627,0.331817,0.35282,0.005234,0.043841,0.008299,-0.09750000000000002,0.07119999999999904,0.07185000000000108,0.10285000000000002,-0.07800000000000029,-0.10345000000000003,0.059319496154785156,0.3301668167114258,0.3313112258911133,-0.00896453857421875,0.044442176818847656,0.01583099365234375,-0.11868095397949219,0.1978015899658203,0.14505577087402344,-0.010990142822265625,-0.23077011108398438,-0.20878982543945312,-1.0769218444824218,0.41640953063964836,7.883073883056639,1.6307689819335938,-0.005591461181640625,-0.09505079650878906,0.006692496154785156,-0.0016501832885741918,-0.02150877410888674,-0.014198538574218749,0.0006011768188476582,0.007531993652343749,
687,331381.460962318,0.051646,0.332534,0.353543,0.006269,0.043056,0.007258,-0.09870000000000018,0.07210000000000272,0.07269999999999777,0.10414999999999999,-0.0789999999999999,-0.10475000000000002,0.058175086975097656,0.3316926956176758,0.3328371047973633,-0.00896453857421875,0.044442176818847656,0.01392364501953125,-0.15384674072265625,0.127471923828125,0.22417640686035156,0.0549468994140625,-0.0549468994140625,-0.2967033386230469,-0.5025647735595702,0.01435920715332031,7.222565307617186,1.6605887603759766,-0.0018640899658203124,-0.0801405029296875,0.006529086975097659,-0.000841304382324215,-0.020705895202636715,-0.01523353857421875,0.0013861768188476592,0.00666564501953125,
688,331381.470962465,0.050653,0.333259,0.354274,0.007317,0.042261,0.006204,-0.09979999999999989,0.07290000000000074,0.07355,0.10534999999999997,-0.07989999999999976,-0.10594999999999996,0.056267738342285156,0.3328371047973633,0.3355073928833008,-0.00782012939453125,0.043679237365722656,0.01277923583984375,-0.1362628936767578,0.10109901428222656,0.10988998413085938,0.14285659790039062,-0.0549468994140625,-0.16483688354492188,-0.33025802612304683,0.4738463592529296,7.107691650390623,1.6568613891601562,-0.0279556884765625,-0.07641313171386718,0.00561473834228516,-0.0004218952026367462,-0.018766607116699197,-0.01513712939453125,0.0014182373657226563,0.00657523583984375,
689,331381.480962168,0.04965,0.333992,0.355014,0.008376,0.041458,0.005139,-0.1008499999999999,0.07369999999999877,0.0743500000000008,0.10644999999999999,-0.08069999999999987,-0.10705000000000002,0.055504798889160156,0.3336000442504883,0.3362703323364258,-0.00591278076171875,0.043679237365722656,0.01201629638671875,-0.14505577087402344,0.07472610473632812,0.10988998413085938,0.3626365661621094,-0.03296661376953125,-0.14285659790039062,-0.8184598541259764,0.9620519256591795,7.222565307617186,1.5823123474121092,-0.05777546691894531,-0.08759524536132812,0.0058547988891601566,-0.00039195574951172985,-0.018743667663574215,-0.01428878076171875,0.0022212373657226545,0.00687729638671875,
690,331381.490965935,0.048636,0.334733,0.355761,0.009446,0.040647,0.004063,-0.10180000000000015,0.07444999999999813,0.07500000000000007,0.10750000000000004,-0.08144999999999993,-0.10805000000000001,0.054360389709472656,0.3339815139770508,0.3374147415161133,-0.00362396240234375,0.043297767639160156,0.01087188720703125,-0.0659332275390625,0.048351287841796875,0.05714225769042969,0.2967033386230469,-0.07692337036132812,-0.20878982543945312,-0.5600016021728514,-0.1866659545898437,7.078973236083983,1.5077624969482422,-0.07641313171386718,-0.08386787414550781,0.005724389709472658,-0.0007514860229492215,-0.018346258483886713,-0.01306996240234375,0.0026507676391601537,0.00680888720703125,
691,331381.500964155,0.047614,0.335481,0.356514,0.010526,0.039829,0.002978,-0.10259999999999991,0.07504999999999873,0.07564999999999933,0.10839999999999998,-0.08215000000000028,-0.10894999999999998,0.053215980529785156,0.3347444534301758,0.3377962112426758,-0.00133514404296875,0.042153358459472656,0.00934600830078125,-0.14505577087402344,0.05714225769042969,0.048351287841796875,0.3846168518066406,-0.14285659790039062,-0.1868133544921875,-0.8184598541259764,0.8471782684326171,7.3374389648437495,1.4704879760742187,-0.06523101806640624,-0.0801405029296875,0.00560198052978516,-0.0007365465698241924,-0.018717788757324216,-0.01186114404296875,0.002324358459472653,0.00636800830078125,
692,331381.510961572,0.046584,0.336234,0.357274,0.011614,0.039004,0.001884,-0.10334999999999997,0.07560000000000067,0.07624999999999993,0.1092,-0.08280000000000023,-0.1098,0.052071571350097656,0.3355073928833008,0.3381776809692383,0.00019073486328125,0.042153358459472656,0.00820159912109375,-0.15384674072265625,0.07472610473632812,0.03956031799316406,0.14285659790039062,-0.03296661376953125,-0.1868133544921875,-0.01435920715332031,0.3589727020263671,8.170258026123046,1.4667606048583983,-0.06895838928222656,-0.0801405029296875,0.005487571350097656,-0.0007266071166991961,-0.0190963190307617,-0.01142326513671875,0.0031493584594726592,0.00631759912109375,
693,331381.520961167,0.045547,0.336993,0.358039,0.01271,0.038173,0.000782,-0.10404999999999998,0.07610000000000117,0.07675000000000043,0.10990000000000001,-0.0832999999999997,-0.1105,0.050164222717285156,0.3366518020629883,0.3389406204223633,0.00095367431640625,0.041771888732910156,0.00667572021484375,-0.17142868041992188,0.15384674072265625,0.0659332275390625,0.120880126953125,-0.120880126953125,-0.23077011108398438,-0.646153106689453,0.3015396118164062,7.050254821777343,1.526400161743164,-0.09877816772460937,-0.07641313171386718,0.004617222717285159,-0.00034119793701170575,-0.019098379577636715,-0.01175632568359375,0.0035988887329101577,0.00589372021484375,
694,331381.530944962,0.044503,0.337756,0.358809,0.013812,0.037338,-0.000326,-0.10464999999999988,0.07650000000000157,0.07719999999999949,0.11049999999999992,-0.0837499999999998,-0.11115,0.049401283264160156,0.3381776809692383,0.3393220901489258,0.00095367431640625,0.040627479553222656,0.00591278076171875,-0.07472610473632812,0.07472610473632812,0.03956031799316406,0.010990142822265625,-0.1868133544921875,-0.120880126953125,-0.646153106689453,-0.4738463592529296,7.280002136230468,1.5972218322753906,-0.0801405029296875,-0.08386787414550781,0.004898283264160155,0.0004216809692382806,-0.019486909851074208,-0.01285832568359375,0.003289479553222653,0.00623878076171875,
695,331381.540999612,0.043454,0.338523,0.359583,0.01492,0.036498,-0.001441,-0.10515000000000004,0.07689999999999919,0.07755000000000123,0.11104999999999995,-0.08420000000000025,-0.11170000000000001,0.048256874084472656,0.3389406204223633,0.3400850296020508,0.00171661376953125,0.040246009826660156,0.00553131103515625,-0.10988998413085938,0.0659332275390625,0.09230804443359375,0.07692337036132812,-0.0549468994140625,-0.09889984130859375,-0.8471782684326171,0.41640953063964836,7.394868316650389,1.612132125854492,-0.09132342529296875,-0.10623291015625,0.004802874084472657,0.0004176204223632629,-0.019497970397949205,-0.01320338623046875,0.0037480098266601536,0.00697231103515625,
696,331381.550997259,0.0424,0.339294,0.36036,0.016033,0.035654,-0.00256,-0.10555000000000009,0.07719999999999949,0.07785000000000153,0.11145000000000009,-0.0845000000000002,-0.1121,0.047875404357910156,0.3389406204223633,0.3408479690551758,0.00171661376953125,0.039483070373535156,0.00553131103515625,-0.07472610473632812,0.0043964385986328125,0.08351707458496094,0.010990142822265625,-0.07692337036132812,-0.010990142822265625,-0.8758966827392577,0.4738463592529296,7.3374389648437495,1.634496353149414,-0.09877816772460937,-0.13605268859863281,0.005475404357910156,-0.00035337957763670325,-0.019512030944824232,-0.014316386230468749,0.003829070373535158,0.00809131103515625,
697,331381.560962463,0.041343,0.340067,0.36114,0.017149,0.034808,-0.003683,-0.10590000000000009,0.07745000000000113,0.07810000000000039,0.11175000000000004,-0.08474999999999976,-0.11244999999999998,0.047112464904785156,0.3389406204223633,0.3419923782348633,0.00209808349609375,0.039483070373535156,0.00514984130859375,-0.09230804443359375,0.0043964385986328125,0.10988998413085938,0.0549468994140625,-0.03296661376953125,-0.09889984130859375,-0.445127944946289,0.33025802612304683,6.964099578857421,1.6605887603759766,-0.11741502380371094,-0.14350743103027344,0.0057694649047851584,-0.001126379577636727,-0.019147621765136735,-0.015050916503906251,0.004675070373535158,0.00883284130859375,
698,331381.570961398,0.040282,0.340843,0.361922,0.018268,0.033959,-0.004809,-0.10615,0.07759999999999989,0.07824999999999915,0.11199999999999995,-0.08494999999999996,-0.11265000000000001,0.046349525451660156,0.3397035598754883,0.3435182571411133,0.00247955322265625,0.038720130920410156,0.00362396240234375,-0.09230804443359375,0.05714225769042969,0.10988998413085938,0.0549468994140625,-0.16483688354492188,-0.1868133544921875,-1.134358673095703,0.4738463592529296,7.050254821777343,1.675499053955078,-0.11368765258789063,-0.12114320373535156,0.006067525451660158,-0.0011394401245117258,-0.01840374285888674,-0.01578844677734375,0.004761130920410153,0.00843296240234375,
699,331381.580961935,0.03922,0.341619,0.362705,0.019389,0.033109,-0.005936,-0.10624999999999975,0.07764999999999855,0.07834999999999925,0.1121500000000001,-0.08505000000000006,-0.11280000000000001,0.044823646545410156,0.3404664993286133,0.3446636199951172,0.00362396240234375,0.037194252014160156,0.00209808349609375,-0.14505577087402344,0.10109901428222656,0.11868095397949219,0.1868133544921875,-0.20878982543945312,-0.20878982543945312,-0.3015396118164062,0.1579475402832031,6.849233398437499,1.653134017944336,-0.0801405029296875,-0.10996028137207031,0.005603646545410158,-0.0011525006713867247,-0.018041380004882812,-0.01576503759765625,0.004085252014160157,0.00803408349609375,
700,331381.590962551,0.038157,0.342396,0.363489,0.020511,0.032258,-0.007065,-0.1062999999999998,0.07769999999999999,0.07840000000000069,0.11219999999999997,-0.0851000000000001,-0.11285000000000002,0.043297767639160156,0.3416109085083008,0.3458080291748047,0.00438690185546875,0.036049842834472656,0.00133514404296875,-0.10109901428222656,0.10988998413085938,0.09230804443359375,0.09889984130859375,-0.1868133544921875,-0.14285659790039062,-1.3353838348388671,0.1866659545898437,6.763078155517578,1.634496353149414,-0.05777546691894531,-0.11368765258789063,0.005140767639160153,-0.0007850914916991969,-0.01768097082519532,-0.01612409814453125,0.0037918428344726543,0.00840014404296875,
701,331381.600961331,0.037094,0.343173,0.364273,0.021633,0.031407,-0.008193,-0.1062500000000001,0.07765000000000133,0.07834999999999925,0.11214999999999992,-0.0851000000000001,-0.11279999999999997,0.042534828186035156,0.3427553176879883,0.3469524383544922,0.00553131103515625,0.033761024475097656,0.00057220458984375,-0.021978378295898438,0.10988998413085938,0.14505577087402344,0.16483688354492188,-0.25274658203125,-0.120880126953125,-0.7035899353027343,0.2728211975097656,7.107691650390623,1.6419519042968749,-0.0279556884765625,-0.1285979461669922,0.005440828186035154,-0.00041768231201172457,-0.017320561645507826,-0.01610168896484375,0.002354024475097659,0.00876520458984375,
702,331381.610961311,0.036032,0.343949,0.365056,0.022754,0.030556,-0.009321,-0.10615,0.07749999999999979,0.07820000000000049,0.11199999999999995,-0.08499999999999983,-0.11264999999999999,0.042153358459472656,0.3439006805419922,0.3480968475341797,0.00667572021484375,0.033761024475097656,-0.00095367431640625,-0.048351287841796875,0.08351707458496094,0.08351707458496094,0.16483688354492188,-0.0549468994140625,-0.27472686767578125,-0.5312831878662109,0.21538436889648435,7.107691650390623,1.6270416107177734,-0.0279556884765625,-0.10996028137207031,0.006121358459472655,-4.831945800781723e-05,-0.016959152465820304,-0.01607827978515625,0.0032050244750976564,0.00836732568359375,
703,331381.620998557,0.034971,0.344723,0.365837,0.023873,0.029707,-0.010446,-0.10595000000000014,0.07735000000000103,0.07805000000000173,0.11175000000000004,-0.08479999999999997,-0.1124,0.041771888732910156,0.3446636199951172,0.3492412567138672,0.00972747802734375,0.032998085021972656,-0.00171661376953125,-0.021978378295898438,0.021978378295898438,0.08351707458496094,0.4285697937011719,-0.120880126953125,-0.120880126953125,-0.8471782684326171,-0.1866659545898437,6.90667022705078,1.5413096466064453,-0.05777546691894531,-0.11368765258789063,0.006800888732910154,-5.938000488281414e-05,-0.016595743286132836,-0.014145521972656248,0.0032910850219726555,0.00872938623046875,
704,331381.630969107,0.033913,0.345496,0.366617,0.024989,0.02886,-0.011569,-0.10560000000000014,0.07715000000000083,0.07784999999999875,0.11140000000000004,-0.08455000000000007,-0.11209999999999996,0.041008949279785156,0.3446636199951172,0.3496227264404297,0.01087188720703125,0.032998085021972656,-0.00209808349609375,-0.08351707458496094,0.03076934814453125,0.05714225769042969,0.25274658203125,0.010990142822265625,-0.010990142822265625,-0.6174346923828123,0.4738463592529296,6.964099578857421,1.5189454193115235,-0.08759524536132812,-0.13605268859863281,0.0070959492797851575,-0.0008323800048828378,-0.01699427355957034,-0.01411711279296875,0.004138085021972656,0.00947091650390625,
705,331381.640966321,0.032859,0.346266,0.367394,0.026101,0.028016,-0.012688,-0.10520000000000009,0.07684999999999775,0.07749999999999979,0.11099999999999999,-0.08424999999999995,-0.11165000000000003,0.040246009826660156,0.3454265594482422,0.3500041961669922,0.01392364501953125,0.032616615295410156,-0.00286102294921875,-0.10109901428222656,0.048351287841796875,0.0043964385986328125,0.4285697937011719,-0.0549468994140625,-0.120880126953125,-1.1056402587890624,0.4738463592529296,7.251283721923826,1.4779427185058593,-0.11741502380371094,-0.1546903533935547,0.007387009826660157,-0.0008394405517578307,-0.01738980383300781,-0.01217735498046875,0.004600615295410157,0.00982697705078125,
706,331381.650966801,0.031809,0.347033,0.368167,0.027209,0.027175,-0.013802,-0.10474999999999998,0.07649999999999879,0.07715000000000083,0.1105,-0.0838499999999999,-0.11115000000000005,0.038720130920410156,0.3458080291748047,0.3500041961669922,0.01621246337890625,0.031853675842285156,-0.00400543212890625,-0.1802196502685547,0.048351287841796875,-0.013187408447265625,0.2967033386230469,-0.09889984130859375,-0.20878982543945312,-0.6748715209960936,0.6748715209960936,7.107691650390623,1.4332134552001952,-0.11368765258789063,-0.13978005981445313,0.006911130920410159,-0.0012249708251952929,-0.018162803833007835,-0.01099653662109375,0.004678675842285155,0.00979656787109375,
707,331381.66096218,0.030764,0.347796,0.368937,0.028311,0.026339,-0.014911,-0.1041499999999999,0.07604999999999973,0.07674999999999765,0.10985000000000004,-0.08335000000000009,-0.11054999999999997,0.036812782287597656,0.3461894989013672,0.3500041961669922,0.01735687255859375,0.02994537353515625,-0.00553131103515625,-0.11868095397949219,-0.013187408447265625,0.013187408447265625,0.16483688354492188,-0.3186798095703125,-0.20878982543945312,-0.7897451782226562,1.0194887542724609,7.251283721923826,1.4704879760742187,-0.0801405029296875,-0.1285979461669922,0.006048782287597657,-0.0016065010986328065,-0.018932803833007827,-0.01095412744140625,0.0036063735351562487,0.00937968896484375,
708,331381.671011299,0.029726,0.348554,0.369702,0.029406,0.025508,-0.016013,-0.10345000000000007,0.07554999999999923,0.07624999999999993,0.10909999999999999,-0.08280000000000005,-0.1098,0.036049842834472656,0.3461894989013672,0.3503856658935547,0.01773834228515625,0.02880096435546875,-0.00629425048828125,-0.07472610473632812,-0.0043964385986328125,0.03076934814453125,0.0549468994140625,-0.20878982543945312,-0.16483688354492188,-0.646153106689453,0.5025647735595702,7.768207702636717,1.537582275390625,-0.046593353271484374,-0.1323253173828125,0.006323842834472657,-0.0023645010986327875,-0.019316334106445288,-0.011667657714843752,0.0032929643554687506,0.00971874951171875,
709,331381.680996675,0.028695,0.349307,0.370462,0.030493,0.024683,-0.017107,-0.10270000000000001,0.07500000000000007,0.0756500000000021,0.10830000000000006,-0.08219999999999998,-0.10900000000000007,0.035286903381347656,0.3458080291748047,0.3507671356201172,0.01773834228515625,0.02727508544921875,-0.00743865966796875,-0.09230804443359375,-0.0043964385986328125,0.03076934814453125,-0.03296661376953125,-0.20878982543945312,-0.1868133544921875,-0.8184598541259764,0.6748715209960936,6.7343597412109375,1.600949203491211,-0.03168386840820312,-0.13605268859863281,0.006591903381347658,-0.003498970825195291,-0.019694864379882826,-0.01275465771484375,0.00259208544921875,0.00966834033203125,
710,331381.690996704,0.027672,0.350054,0.371215,0.031572,0.023864,-0.018193,-0.10179999999999997,0.07440000000000224,0.07500000000000007,0.1074000000000002,-0.08155000000000003,-0.10810000000000003,0.034142494201660156,0.3458080291748047,0.3507671356201172,0.01773834228515625,0.02651214599609375,-0.00858306884765625,-0.09230804443359375,-0.013187408447265625,0.021978378295898438,0.010990142822265625,-0.09889984130859375,-0.1868133544921875,-0.3876911163330078,0.8471782684326171,7.5384603881835925,1.6456792755126952,-0.0279556884765625,-0.12487057495117188,0.006470494201660158,-0.004245970825195289,-0.02044786437988283,-0.013833657714843753,0.00264814599609375,0.00960993115234375,
711,331381.700963058,0.026659,0.350795,0.371962,0.032641,0.023052,-0.019269,-0.1008499999999999,0.07370000000000154,0.07434999999999803,0.1063999999999999,-0.08074999999999992,-0.10705000000000002,0.032998085021972656,0.3461894989013672,0.3511486053466797,0.01773834228515625,0.02574920654296875,-0.00972747802734375,-0.17142868041992188,-0.0043964385986328125,0.021978378295898438,0.03296661376953125,-0.1868133544921875,-0.16483688354492188,-0.5025647735595702,0.33025802612304683,7.567178802490233,1.6605887603759766,-0.04286598205566406,-0.1285979461669922,0.006339085021972658,-0.004605501098632836,-0.020813394653320327,-0.014902657714843753,0.0026972065429687504,0.009541521972656251,
712,331381.710961525,0.025655,0.351528,0.372702,0.0337,0.022249,-0.020334,-0.09984999999999994,0.07289999999999797,0.07359999999999867,0.10534999999999989,-0.07989999999999993,-0.10594999999999996,0.03108978271484375,0.3461894989013672,0.3515300750732422,0.01773834228515625,0.02422332763671875,-0.01049041748046875,-0.15384674072265625,0.0043964385986328125,0.03956031799316406,0.010990142822265625,-0.14285659790039062,-0.120880126953125,-0.646153106689453,1.134358673095703,7.509741973876952,1.6829537963867187,-0.03913861083984375,-0.13978005981445313,0.005434782714843749,-0.00533850109863282,-0.02117192492675779,-0.01596165771484375,0.0019743276367187486,0.009843582519531251,
713,331381.720966151,0.024662,0.352253,0.373434,0.034748,0.021454,-0.021388,-0.0987,0.07209999999999994,0.07275000000000198,0.10415000000000008,-0.07900000000000007,-0.10474999999999998,0.02994537353515625,0.3461894989013672,0.3519115447998047,0.01811981201171875,0.02384185791015625,-0.01163482666015625,-0.09230804443359375,0.03076934814453125,0.03956031799316406,0.010990142822265625,-0.120880126953125,-0.23077011108398438,-0.7035899353027343,1.3066654205322263,7.251283721923826,1.6978640899658202,-0.03913861083984375,-0.1323253173828125,0.00528337353515625,-0.006063501098632795,-0.0215224552001953,-0.01662818798828125,0.002387857910156249,0.00975317333984375,
714,331381.730963468,0.023681,0.35297,0.374157,0.035783,0.020669,-0.022429,-0.09744999999999997,0.07125000000000048,0.07179999999999964,0.10284999999999982,-0.07800000000000011,-0.10344999999999989,0.02918243408203125,0.3469524383544922,0.3522930145263672,0.01850128173828125,0.02231597900390625,-0.01316070556640625,-0.05714225769042969,0.05714225769042969,0.021978378295898438,0.07692337036132812,-0.23077011108398438,-0.23077011108398438,-0.8758966827392577,0.9046150970458983,7.423586730957029,1.7015914611816405,-0.020500946044921874,-0.11741502380371094,0.005501434082031249,-0.0060175616455078185,-0.02186398547363283,-0.017281718261718752,0.0016469790039062501,0.009268294433593751,
715,331381.740962675,0.022713,0.353678,0.37487,0.036805,0.019894,-0.023457,-0.09615000000000005,0.07030000000000092,0.07085000000000008,0.10149999999999985,-0.07694999999999994,-0.10204999999999988,0.02880096435546875,0.3473339080810547,0.3526744842529297,0.01888275146484375,0.02193450927734375,-0.01430511474609375,-0.05714225769042969,0.05714225769042969,0.0659332275390625,0.07692337036132812,-0.0549468994140625,-0.1868133544921875,-0.8184598541259764,0.933333511352539,7.452305145263671,1.6941359100341797,-0.024228317260742187,-0.11368765258789063,0.0060879643554687494,-0.006344091918945305,-0.022195515747070294,-0.017922248535156247,0.0020405092773437515,0.009151885253906249,
716,331381.751007827,0.021758,0.354376,0.375574,0.037813,0.01913,-0.02447,-0.09475000000000004,0.06929999999999992,0.06985000000000186,0.10005000000000014,-0.07579999999999999,-0.10055000000000011,0.02803802490234375,0.3480968475341797,0.3538188934326172,0.01926422119140625,0.02193450927734375,-0.01544952392578125,-0.08351707458496094,0.10109901428222656,0.07472610473632812,0.010990142822265625,-0.03296661376953125,-0.1868133544921875,-0.7897451782226562,0.8184598541259764,7.567178802490233,1.7239556884765626,-0.054048095703125,-0.11741502380371094,0.0062800249023437504,-0.006279152465820337,-0.02175510656738283,-0.01854877880859375,0.002804509277343749,0.009020476074218749,
717,331381.760962825,0.020818,0.355064,0.376267,0.038806,0.018378,-0.025468,-0.09320000000000005,0.06819999999999882,0.06874999999999798,0.09849999999999998,-0.07460000000000001,-0.09900000000000013,0.02689361572265625,0.3496227264404297,0.3545818328857422,0.01964569091796875,0.02193450927734375,-0.01659393310546875,-0.11868095397949219,0.16263771057128906,0.14505577087402344,0.07692337036132812,-0.010990142822265625,-0.1868133544921875,-0.5312831878662109,0.3015396118164062,7.796926116943359,1.7351386108398437,-0.09505079650878906,-0.12114320373535156,0.00607561572265625,-0.005441273559570303,-0.02168516711425783,-0.01916030908203125,0.0035565092773437515,0.008874066894531251,
718,331381.770962645,0.019894,0.35574,0.376949,0.039783,0.017638,-0.02645,-0.09160000000000001,0.06705000000000183,0.06754999999999955,0.09685000000000006,-0.07334999999999997,-0.09734999999999987,0.02536773681640625,0.3515300750732422,0.3561077117919922,0.02040863037109375,0.02155303955078125,-0.01697540283203125,-0.17142868041992188,0.20659255981445312,0.07472610473632812,0.09889984130859375,-0.09889984130859375,-0.09889984130859375,-0.5025647735595702,0.4738463592529296,7.280002136230468,1.7202283172607422,-0.10623291015625,-0.13978005981445313,0.0054737368164062515,-0.004209924926757813,-0.02084128820800779,-0.01937436962890625,0.003915039550781249,0.009474597167968751,
719,331381.780961505,0.018986,0.356405,0.377618,0.040743,0.016911,-0.027415,-0.08994999999999992,0.06585000000000063,0.06629999999999969,0.09510000000000005,-0.07200000000000001,-0.09559999999999985,0.02422332763671875,0.3534374237060547,0.3576335906982422,0.02193450927734375,0.02079010009765625,-0.01735687255859375,-0.07472610473632812,0.16263771057128906,0.15384674072265625,0.1868133544921875,-0.14285659790039062,-0.09889984130859375,-0.5025647735595702,0.5025647735595702,7.193846893310546,1.686681167602539,-0.08759524536132812,-0.1546903533935547,0.005237327636718751,-0.00296757629394534,-0.01998440930175782,-0.01880849072265625,0.003879100097656251,0.010058127441406248,
720,331381.790964118,0.018095,0.357057,0.378275,0.041685,0.016198,-0.028362,-0.0881999999999999,0.06454999999999933,0.06504999999999983,0.09324999999999993,-0.07059999999999991,-0.09375000000000008,0.02307891845703125,0.3549633026123047,0.3591594696044922,0.02346038818359375,0.01926422119140625,-0.01850128173828125,-0.09230804443359375,0.11868095397949219,0.14505577087402344,0.1868133544921875,-0.120880126953125,-0.16483688354492188,-0.5600016021728514,0.5600016021728514,7.165128479003905,1.6605887603759766,-0.05777546691894531,-0.14350743103027344,0.00498391845703125,-0.0020936973876953258,-0.019115530395507785,-0.01822461181640625,0.0030662211914062494,0.009860718261718748,
721,331381.800994342,0.017222,0.357696,0.378919,0.042608,0.015499,-0.02929,-0.08634999999999997,0.06324999999999803,0.0636500000000012,0.09135000000000011,-0.06915000000000003,-0.09180000000000003,0.02231597900390625,0.3561077117919922,0.3603038787841797,0.02460479736328125,0.01888275146484375,-0.02002716064453125,-0.10109901428222656,0.16263771057128906,0.10988998413085938,0.23077011108398438,-0.09889984130859375,-0.27472686767578125,-0.646153106689453,0.7897451782226562,6.763078155517578,1.6270416107177734,-0.06150364685058594,-0.11741502380371094,0.005093979003906249,-0.0015882882080078264,-0.01861512121582032,-0.01800320263671875,0.0033837514648437494,0.00926283935546875,
722,331381.81096273,0.016368,0.358322,0.379548,0.043512,0.014815,-0.030198,-0.08445000000000007,0.06189999999999807,0.062249999999999805,0.0893999999999999,-0.06760000000000004,-0.08979999999999995,0.02155303955078125,0.3572521209716797,0.3614482879638672,0.02689361572265625,0.01773834228515625,-0.02117156982421875,-0.07472610473632812,0.09230804443359375,0.10109901428222656,0.2967033386230469,-0.16483688354492188,-0.16483688354492188,-0.9907703399658202,0.5312831878662109,7.107691650390623,1.5711294250488281,-0.05777546691894531,-0.10623291015625,0.005185039550781249,-0.0010698790283202864,-0.01809971203613281,-0.016618384277343752,0.00292334228515625,0.00902643017578125,
723,331381.820998166,0.015533,0.358934,0.380164,0.044396,0.014147,-0.031086,-0.08250000000000002,0.06050000000000222,0.06089999999999984,0.08734999999999993,-0.06604999999999996,-0.08775000000000015,0.02079010009765625,0.3587779998779297,0.3622112274169922,0.02994537353515625,0.01773834228515625,-0.02231597900390625,-0.09230804443359375,0.127471923828125,0.048351287841796875,0.3846168518066406,-0.0549468994140625,-0.20878982543945312,-0.7035899353027343,0.1579475402832031,7.280002136230468,1.5040351257324218,-0.06150364685058594,-0.10250553894042969,0.00525710009765625,-0.0001560001220702878,-0.017952772583007814,-0.014450626464843748,0.00359134228515625,0.008770020996093749,
724,331381.830995377,0.014718,0.359532,0.380766,0.045259,0.013494,-0.031953,-0.08050000000000002,0.059050000000002156,0.05944999999999978,0.08525000000000026,-0.06449999999999997,-0.08565000000000013,0.01964569091796875,0.3595409393310547,0.3629741668701172,0.032616615295410156,0.01659393310546875,-0.02384185791015625,-0.10109901428222656,0.05714225769042969,0.048351287841796875,0.3626365661621094,-0.120880126953125,-0.20878982543945312,-0.01435920715332031,0.7610267639160155,6.992817993164062,1.4481229400634765,-0.06895838928222656,-0.09505079650878906,0.00492769091796875,8.939331054669264e-06,-0.017791833129882806,-0.012642384704589844,0.003099933105468749,0.008111142089843752,
725,331381.840963398,0.013923,0.360115,0.381353,0.046101,0.012857,-0.032799,-0.07854999999999997,0.05759999999999932,0.057950000000001056,0.08314999999999989,-0.06285000000000006,-0.08354999999999994,0.01888275146484375,0.3599224090576172,0.3633556365966797,0.034142494201660156,0.01544952392578125,-0.02498626708984375,-0.0659332275390625,0.048351287841796875,0.03956031799316406,0.23077011108398438,-0.20878982543945312,-0.20878982543945312,-0.732308349609375,-0.01435920715332031,6.935381164550781,1.4593058624267579,-0.054048095703125,-0.09132342529296875,0.00495975146484375,-0.00019259094238283092,-0.01799736340332031,-0.011958505798339847,0.0025925239257812496,0.007812732910156252,
726,331381.850963399,0.013147,0.360684,0.381925,0.046922,0.012237,-0.033624,-0.0765,0.05609999999999782,0.056449999999999556,0.08099999999999982,-0.06115,-0.08134999999999983,0.01811981201171875,0.3606853485107422,0.3641185760498047,0.035668373107910156,0.01430511474609375,-0.02574920654296875,-0.03076934814453125,0.05714225769042969,0.03956031799316406,0.20878982543945312,-0.16483688354492188,-0.14285659790039062,-0.7897451782226562,0.21538436889648435,7.394868316650389,1.4816700897216797,-0.035411239624023434,-0.09505079650878906,0.004972812011718749,1.3485107421828957e-06,-0.017806423950195327,-0.011253626892089842,0.0020681147460937504,0.007874793457031251,
727,331381.860961447,0.012393,0.361237,0.382482,0.047721,0.011634,-0.034426,-0.07435000000000003,0.05455000000000043,0.054899999999999394,0.07875,-0.059500000000000004,-0.0791,0.01773834228515625,0.3614482879638672,0.3645000457763672,0.036431312561035156,0.01430511474609375,-0.02765655517578125,-0.07472610473632812,0.0659332275390625,0.05714225769042969,0.120880126953125,-0.03296661376953125,-0.27472686767578125,-0.732308349609375,0.21538436889648435,7.251283721923826,1.5040351257324218,-0.03913861083984375,-0.0801405029296875,0.0053453422851562505,0.00021128796386721271,-0.0179819542236328,-0.011289687438964843,0.0026711147460937498,0.006769444824218748,
728,331381.870961604,0.01166,0.361775,0.383023,0.048497,0.011047,-0.035206,-0.07219999999999996,0.05295000000000161,0.05330000000000057,0.07645000000000013,-0.05785,-0.07680000000000013,0.01735687255859375,0.3618297576904297,0.3648815155029297,0.037194252014160156,0.01392364501953125,-0.02841949462890625,-0.013187408447265625,0.03956031799316406,0.013187408447265625,0.16483688354492188,-0.07692337036132812,-0.120880126953125,-0.5600016021728514,0.1866659545898437,7.394868316650389,1.5003077545166015,-0.05777546691894531,-0.0801405029296875,0.00569687255859375,5.4757690429674266e-05,-0.018141484497070315,-0.011302747985839842,0.0028766450195312505,0.006786505371093751,
729,331381.880962378,0.010949,0.362296,0.383548,0.04925,0.010477,-0.035962,-0.07004999999999997,0.05129999999999857,0.05169999999999897,0.07414999999999991,-0.05609999999999998,-0.07444999999999986,0.01697540283203125,0.3622112274169922,0.3652629852294922,0.038720130920410156,0.01392364501953125,-0.02880096435546875,-0.013187408447265625,0.021978378295898438,0.048351287841796875,0.1868133544921875,0.03296661376953125,-0.09889984130859375,-0.5887162780761718,0.4738463592529296,7.078973236083983,1.4816700897216797,-0.09132342529296875,-0.09877816772460937,0.00602640283203125,-8.477258300781942e-05,-0.018285014770507813,-0.010529869079589846,0.00344664501953125,0.007161035644531251,
730,331381.890963321,0.010259,0.362801,0.384057,0.04998,0.009925,-0.036695,-0.06785000000000002,0.049699999999999744,0.05004999999999871,0.07174999999999994,-0.05430000000000001,-0.07209999999999994,0.01659393310546875,0.3622112274169922,0.3660259246826172,0.039101600646972656,0.01354217529296875,-0.02956390380859375,-0.03956031799316406,0.0043964385986328125,0.03076934814453125,0.0549468994140625,-0.07692337036132812,-0.07692337036132812,-0.933333511352539,0.4738463592529296,7.222565307617186,1.5003077545166015,-0.10623291015625,-0.10996028137207031,0.006334933105468749,-0.0005897725830077971,-0.018031075317382794,-0.01087839935302734,0.00361717529296875,0.0071310961914062485,
731,331381.900965094,0.009592,0.36329,0.384549,0.050685,0.009391,-0.037404,-0.06555000000000007,0.04800000000000082,0.04834999999999978,0.06930000000000026,-0.052500000000000026,-0.06964999999999992,0.01583099365234375,0.3622112274169922,0.3664073944091797,0.039483070373535156,0.01354217529296875,-0.03070831298828125,-0.08351707458496094,0.021978378295898438,0.05714225769042969,0.07692337036132812,-0.03296661376953125,-0.1868133544921875,-0.2728211975097656,0.4738463592529296,7.36615737915039,1.5189454193115235,-0.10996028137207031,-0.09132342529296875,0.00623899365234375,-0.0010787725830078143,-0.018141605590820287,-0.011201929626464845,0.00415117529296875,0.00669568701171875,
732,331381.910963641,0.008948,0.363761,0.385024,0.051366,0.008875,-0.038088,-0.06325000000000003,0.04625000000000046,0.04665000000000086,0.06679999999999985,-0.05065,-0.06714999999999985,0.01544952392578125,0.3625926971435547,0.3671703338623047,0.040246009826660156,0.01316070556640625,-0.031472206115722656,-0.048351287841796875,0.0043964385986328125,0.09230804443359375,0.0549468994140625,-0.0549468994140625,-0.120880126953125,-0.3876911163330078,0.6174346923828123,7.107691650390623,1.526400161743164,-0.11368765258789063,-0.08759524536132812,0.006501523925781251,-0.0011683028564453135,-0.01785366613769529,-0.011119990173339846,0.004285705566406251,0.006615793884277341,
733,331381.920962992,0.008327,0.364215,0.385482,0.052021,0.008378,-0.038747,-0.060899999999999975,0.044500000000000095,0.044900000000000495,0.06425000000000007,-0.04874999999999992,-0.06465000000000012,0.01468658447265625,0.3625926971435547,0.3683147430419922,0.040627479553222656,0.01316070556640625,-0.031472206115722656,-0.08351707458496094,0.03076934814453125,0.048351287841796875,0.03296661376953125,-0.03296661376953125,-0.03296661376953125,-0.7035899353027343,0.3015396118164062,7.136410064697265,1.5450370178222657,-0.11368765258789063,-0.10623291015625,0.006359584472656251,-0.0016223028564453235,-0.017167256958007804,-0.011393520446777342,0.00478270556640625,0.0072747938842773405,
734,331381.930960958,0.00773,0.364651,0.385922,0.052651,0.0079,-0.039381,-0.058499999999999955,0.042699999999998295,0.04305000000000003,0.061650000000000246,-0.04685000000000002,-0.0620500000000003,0.01354217529296875,0.3629741668701172,0.3694591522216797,0.041008949279785156,0.01239776611328125,-0.031472206115722656,-0.10109901428222656,0.03956031799316406,0.09230804443359375,0.07692337036132812,-0.09889984130859375,-0.03296661376953125,-0.7897451782226562,0.7897451782226562,7.107691650390623,1.5524925689697264,-0.10623291015625,-0.1285979461669922,0.00581217529296875,-0.0016768331298828154,-0.0164628477783203,-0.011642050720214847,0.004497766113281249,0.007908793884277343,
735,331381.940996429,0.007157,0.365069,0.386343,0.053254,0.007441,-0.039988,-0.05609999999999998,0.04085000000000061,0.04125000000000101,0.058949999999999975,-0.044900000000000016,-0.05940000000000008,0.01277923583984375,0.3633556365966797,0.3702220916748047,0.041390419006347656,0.01125335693359375,-0.031853675842285156,-0.10109901428222656,0.048351287841796875,0.08351707458496094,0.0549468994140625,-0.1868133544921875,-0.07692337036132812,-0.732308349609375,0.7035899353027343,7.078973236083983,1.5524925689697264,-0.06895838928222656,-0.1323253173828125,0.00562223583984375,-0.0017133634033202894,-0.016120908325195304,-0.011863580993652346,0.0038123569335937503,0.008134324157714846,
736,331381.950963039,0.006608,0.365468,0.386747,0.05383,0.007002,-0.040569,-0.05365000000000001,0.03895000000000148,0.03944999999999921,0.0562499999999997,-0.042899999999999966,-0.056749999999999856,0.01201629638671875,0.3637371063232422,0.3709850311279297,0.041771888732910156,0.01049041748046875,-0.032616615295410156,-0.07472610473632812,0.021978378295898438,0.10988998413085938,0.07692337036132812,-0.16483688354492188,-0.120880126953125,0.01435920715332031,1.0769218444824218,6.791796569824218,1.5562199401855468,-0.05032072448730469,-0.12114320373535156,0.00540829638671875,-0.0017308936767578276,-0.01576196887207032,-0.012058111267089847,0.0034884174804687496,0.007952384704589845,
737,331381.960964406,0.006084,0.365848,0.387132,0.054379,0.006583,-0.041123,-0.05110000000000001,0.036999999999998145,0.03755000000000008,0.05349999999999973,-0.040900000000000006,-0.05399999999999988,0.01163482666015625,0.3641185760498047,0.3717479705810547,0.042534828186035156,0.00972747802734375,-0.033761024475097656,-0.03076934814453125,0.048351287841796875,0.08351707458496094,0.14285659790039062,-0.14285659790039062,-0.1868133544921875,-1.2779470062255858,0.7897451782226562,6.7343597412109375,1.537582275390625,-0.04286598205566406,-0.09877816772460937,0.00555082666015625,-0.001729423950195319,-0.015384029418945289,-0.01184417181396484,0.0031444780273437497,0.007361975524902344,
738,331381.970961308,0.005586,0.366208,0.387498,0.0549,0.006184,-0.041649,-0.04854999999999998,0.03505000000000036,0.035600000000002296,0.05070000000000005,-0.038849999999999996,-0.05119999999999986,0.01125335693359375,0.3648815155029297,0.3721294403076172,0.044060707092285156,0.00934600830078125,-0.035286903381347656,-0.03076934814453125,0.05714225769042969,0.048351287841796875,0.16483688354492188,-0.03296661376953125,-0.1868133544921875,-0.732308349609375,0.7610267639160155,6.791796569824218,1.474215347290039,-0.054048095703125,-0.0801405029296875,0.00566735693359375,-0.0013264844970702905,-0.015368559692382822,-0.010839292907714841,0.0031620083007812497,0.006362096618652342,
739,331381.981011461,0.005113,0.366549,0.387844,0.055393,0.005806,-0.042147,-0.045949999999999984,0.033099999999999796,0.03364999999999896,0.04780000000000027,-0.03675000000000002,-0.04840000000000018,0.01087188720703125,0.3652629852294922,0.3725109100341797,0.045968055725097656,0.00896453857421875,-0.035286903381347656,-0.03076934814453125,0.05714225769042969,0.03076934814453125,0.23077011108398438,-0.07692337036132812,-0.0549468994140625,-0.732308349609375,0.1579475402832031,6.533330841064452,1.4332134552001952,-0.07641313171386718,-0.08759524536132812,0.00575888720703125,-0.0012860147705078262,-0.015333089965820335,-0.009424944274902342,0.0031585385742187496,0.006860096618652341,
740,331381.990962978,0.004667,0.36687,0.388171,0.055856,0.005449,-0.042617,-0.04330000000000002,0.03110000000000057,0.031699999999998396,0.0448500000000001,-0.03465,-0.045550000000000104,0.01049041748046875,0.3660259246826172,0.3728923797607422,0.046730995178222656,0.00820159912109375,-0.035286903381347656,-0.048351287841796875,0.03956031799316406,0.03956031799316406,0.120880126953125,-0.14285659790039062,-0.03296661376953125,-0.933333511352539,0.445127944946289,6.303591003417968,1.422030532836914,-0.06895838928222656,-0.11368765258789063,0.00582341748046875,-0.0008440753173827864,-0.0152786202392578,-0.009125004821777347,0.00275259912109375,0.007330096618652346,
741,331382.000962194,0.004247,0.367171,0.388478,0.05629,0.005113,-0.043058,-0.04065000000000002,0.029100000000001347,0.029700000000001947,0.04200000000000002,-0.03259999999999999,-0.04264999999999998,0.01010894775390625,0.3660259246826172,0.3732738494873047,0.047493934631347656,0.00705718994140625,-0.035668373107910156,-0.048351287841796875,0.013187408447265625,-0.013187408447265625,0.07692337036132812,-0.16483688354492188,-0.03296661376953125,-0.7897451782226562,0.4738463592529296,7.222565307617186,1.4443955688476562,-0.035411239624023434,-0.12114320373535156,0.00586194775390625,-0.0011450753173828376,-0.015204150512695302,-0.008796065368652344,0.0019441899414062496,0.007389626892089843,
742,331382.010962566,0.003854,0.367452,0.388765,0.056696,0.004797,-0.04347,-0.0381,0.02714999999999801,0.027800000000000047,0.0392,-0.03055000000000002,-0.039849999999999955,0.00972747802734375,0.3660259246826172,0.3732738494873047,0.047493934631347656,0.00667572021484375,-0.036049842834472656,-0.0659332275390625,0.0043964385986328125,0.013187408447265625,0.010990142822265625,-0.03296661376953125,-0.09889984130859375,-0.9620519256591795,0.7897451782226562,6.763078155517578,1.4816700897216797,-0.03168386840820312,-0.11368765258789063,0.00587347802734375,-0.0014260753173828133,-0.01549115051269534,-0.009202065368652347,0.00187872021484375,0.0074201571655273454,
743,331382.020961283,0.003485,0.367714,0.389034,0.057074,0.004502,-0.043855,-0.03564999999999998,0.025300000000000322,0.025949999999999585,0.03649999999999973,-0.028550000000000016,-0.03720000000000008,0.00934600830078125,0.3664073944091797,0.3736553192138672,0.047493934631347656,0.00705718994140625,-0.036812782287597656,-0.048351287841796875,0.013187408447265625,-0.0043964385986328125,-0.010990142822265625,0.010990142822265625,-0.120880126953125,-0.9046150970458983,0.7897451782226562,7.280002136230468,1.5040351257324218,-0.046593353271484374,-0.10250553894042969,0.00586100830078125,-0.0013066055908202978,-0.015378680786132803,-0.009580065368652343,0.00255518994140625,0.007042217712402342,
744,331382.03096138,0.003141,0.367958,0.389284,0.057426,0.004226,-0.044214,-0.03319999999999998,0.02354999999999996,0.02415000000000056,0.03394999999999995,-0.02664999999999998,-0.03464999999999996,0.00934600830078125,0.3664073944091797,0.3736553192138672,0.047493934631347656,0.00705718994140625,-0.037575721740722656,-0.03956031799316406,0.021978378295898438,0.0043964385986328125,-0.010990142822265625,-0.010990142822265625,-0.14285659790039062,-0.9046150970458983,0.445127944946289,6.90667022705078,1.5077624969482422,-0.07268576049804687,-0.08386787414550781,0.00620500830078125,-0.0015506055908203198,-0.01562868078613283,-0.009932065368652342,0.0028311899414062503,0.006638278259277347,
745,331382.040996176,0.002821,0.368185,0.389517,0.057753,0.003969,-0.044548,-0.030900000000000004,0.021799999999999597,0.02244999999999886,0.03150000000000028,-0.024749999999999987,-0.03219999999999994,0.00858306884765625,0.3664073944091797,0.3736553192138672,0.047493934631347656,0.00667572021484375,-0.038338661193847656,-0.05714225769042969,0.0043964385986328125,0.03076934814453125,0.010990142822265625,-0.03296661376953125,-0.120880126953125,-1.2205139160156249,0.1579475402832031,7.021536407470702,1.5301275329589843,-0.07641313171386718,-0.07641313171386718,0.005762068847656249,-0.001777605590820297,-0.015861680786132815,-0.010259065368652343,0.0027067202148437497,0.006209338806152341,
746,331382.050964224,0.002523,0.368394,0.389733,0.058056,0.003731,-0.044858,-0.02865000000000001,0.02015000000000211,0.020799999999998597,0.02920000000000006,-0.022900000000000025,-0.029799999999999965,0.00820159912109375,0.3667888641357422,0.3736553192138672,0.047493934631347656,0.00629425048828125,-0.038720130920410156,-0.0659332275390625,0.013187408447265625,0.0043964385986328125,-0.010990142822265625,-0.07692337036132812,-0.03296661376953125,-0.4738463592529296,0.33025802612304683,6.7343597412109375,1.537582275390625,-0.06150364685058594,-0.08759524536132812,0.00567859912109375,-0.0016051358642578117,-0.01607768078613281,-0.010562065368652347,0.00256325048828125,0.006137869079589846,
747,331382.060963223,0.002248,0.368588,0.389933,0.058337,0.003511,-0.045144,-0.026449999999999998,0.01865000000000061,0.019199999999999773,0.02694999999999989,-0.021149999999999988,-0.027499999999999747,0.00743865966796875,0.3667888641357422,0.3736553192138672,0.047493934631347656,0.00591278076171875,-0.038720130920410156,-0.048351287841796875,0.03076934814453125,-0.013187408447265625,-0.03296661376953125,-0.03296661376953125,-0.010990142822265625,-0.3589727020263671,0.4738463592529296,6.849233398437499,1.537582275390625,-0.05777546691894531,-0.10623291015625,0.00519065966796875,-0.0017991358642578392,-0.016277680786132787,-0.010843065368652344,0.00240178076171875,0.00642386907958984,
748,331382.070961705,0.001994,0.368767,0.390117,0.058595,0.003308,-0.045408,-0.02435,0.01714999999999911,0.017650000000002386,0.02475000000000012,-0.019449999999999978,-0.025300000000000322,0.00705718994140625,0.3671703338623047,0.3736553192138672,0.047493934631347656,0.00591278076171875,-0.038720130920410156,-0.021978378295898438,0.021978378295898438,-0.013187408447265625,-0.010990142822265625,-0.010990142822265625,0.010990142822265625,-0.732308349609375,0.445127944946289,6.964099578857421,1.5413096466064453,-0.06523101806640624,-0.10623291015625,0.00506318994140625,-0.001596666137695324,-0.016461680786132804,-0.011101065368652345,0.00260478076171875,0.006687869079589841,
749,331382.080962522,0.001761,0.368931,0.390286,0.058832,0.003122,-0.04565,-0.022250000000000002,0.015750000000000486,0.016199999999999548,0.022749999999999854,-0.017850000000000005,-0.023200000000000304,0.00667572021484375,0.3675518035888672,0.3736553192138672,0.047493934631347656,0.00591278076171875,-0.038720130920410156,-0.0043964385986328125,0.03956031799316406,0.0043964385986328125,-0.010990142822265625,-0.010990142822265625,-0.03296661376953125,-0.5600016021728514,0.3015396118164062,7.078973236083983,1.5450370178222657,-0.07641313171386718,-0.11368765258789063,0.00491472021484375,-0.0013791964111328214,-0.016630680786132834,-0.011338065368652346,0.00279078076171875,0.006929869079589847,
750,331382.09096617,0.001549,0.369082,0.390441,0.05905,0.002951,-0.045872,-0.020249999999999997,0.014449999999999186,0.014799999999998148,0.020850000000000035,-0.016300000000000016,-0.02124999999999974,0.00629425048828125,0.3679332733154297,0.3736553192138672,0.047493934631347656,0.00553131103515625,-0.038720130920410156,-0.0043964385986328125,0.03956031799316406,-0.03076934814453125,-0.010990142822265625,-0.03296661376953125,-0.03296661376953125,-0.9620519256591795,0.1579475402832031,6.90667022705078,1.5450370178222657,-0.0801405029296875,-0.11741502380371094,0.00474525048828125,-0.0011487266845703337,-0.016785680786132795,-0.011556065368652342,0.00258031103515625,0.007151869079589847,
751,331382.101010999,0.001356,0.36922,0.390582,0.059249,0.002796,-0.046075,-0.018400000000000003,0.013199999999999323,0.013450000000000961,0.01904999999999997,-0.014750000000000006,-0.019349999999999923,0.00629425048828125,0.3683147430419922,0.3736553192138672,0.047493934631347656,0.00553131103515625,-0.039101600646972656,0.0043964385986328125,0.013187408447265625,-0.0043964385986328125,-0.010990142822265625,-0.03296661376953125,-0.03296661376953125,-0.8758966827392577,0.7897451782226562,7.050254821777343,1.5524925689697264,-0.06895838928222656,-0.12114320373535156,0.00493825048828125,-0.0009052569580078051,-0.016926680786132797,-0.011755065368652347,0.00273531103515625,0.006973399353027342,
752,331382.110963331,0.001181,0.369346,0.39071,0.059431,0.002656,-0.046259,-0.016600000000000004,0.012049999999999561,0.012200000000001099,0.017399999999999707,-0.013299999999999987,-0.017550000000000204,0.00629425048828125,0.3686962127685547,0.3736553192138672,0.047493934631347656,0.00553131103515625,-0.039101600646972656,0.013187408447265625,0.03956031799316406,-0.021978378295898438,-0.03296661376953125,-0.03296661376953125,-0.010990142822265625,-0.6748715209960936,-0.043077621459960934,7.050254821777343,1.5562199401855468,-0.07268576049804687,-0.12114320373535156,0.00511325048828125,-0.0006497872314453201,-0.017054680786132814,-0.011937065368652341,0.00287531103515625,0.007157399353027345,
753,331382.120963363,0.001024,0.369461,0.390826,0.059597,0.00253,-0.046426,-0.014799999999999995,0.010949999999998461,0.010950000000001237,0.01585000000000024,-0.011899999999999996,-0.015849999999999892,0.00629425048828125,0.3690776824951172,0.3736553192138672,0.047493934631347656,0.00553131103515625,-0.039101600646972656,0.0043964385986328125,0.03076934814453125,0.0043964385986328125,-0.010990142822265625,0.010990142822265625,0.010990142822265625,-0.6748715209960936,0.07179603576660155,7.107691650390623,1.5636746826171875,-0.08386787414550781,-0.1285979461669922,0.00527025048828125,-0.00038331750488279637,-0.01717068078613282,-0.012103065368652341,0.00300131103515625,0.007324399353027346,
754,331382.130997603,0.000885,0.369565,0.390929,0.059748,0.002418,-0.046576,-0.01315,0.009900000000001574,0.009799999999998699,0.014350000000000127,-0.010500000000000006,-0.014199999999999977,0.00629425048828125,0.3690776824951172,0.3736553192138672,0.047493934631347656,0.00553131103515625,-0.039101600646972656,0.0043964385986328125,0.0043964385986328125,0.013187408447265625,-0.0549468994140625,-0.010990142822265625,-0.010990142822265625,-0.646153106689453,-0.10051445007324217,6.7343597412109375,1.5711294250488281,-0.09132342529296875,-0.1285979461669922,0.00540925048828125,-0.00048731750488278935,-0.01727368078613284,-0.012254065368652346,0.00311331103515625,0.007474399353027343,
755,331382.14099855,0.000761,0.369659,0.391022,0.059884,0.00232,-0.04671,-0.011550000000000005,0.009000000000000674,0.008749999999999036,0.012999999999999817,-0.009200000000000007,-0.012699999999999864,0.00629425048828125,0.3694591522216797,0.3736553192138672,0.047493934631347656,0.00514984130859375,-0.039101600646972656,0.0043964385986328125,0.0043964385986328125,-0.0043964385986328125,-0.010990142822265625,-0.010990142822265625,0.010990142822265625,-0.2728211975097656,0.1579475402832031,7.280002136230468,1.5711294250488281,-0.08759524536132812,-0.1323253173828125,0.0055332504882812505,-0.00019984777832032785,-0.017366680786132793,-0.012390065368652343,0.00282984130859375,0.007608399353027345,
756,331382.150996357,0.000654,0.369745,0.391104,0.060008,0.002234,-0.04683,-0.009949999999999997,0.008149999999998436,0.00770000000000215,0.011800000000000005,-0.007999999999999998,-0.011299999999999852,0.00591278076171875,0.3698406219482422,0.3736553192138672,0.047493934631347656,0.00514984130859375,-0.039101600646972656,-0.03076934814453125,0.03956031799316406,-0.0043964385986328125,0.010990142822265625,-0.03296661376953125,-0.03296661376953125,-0.6748715209960936,-0.1292291259765625,7.222565307617186,1.5748567962646485,-0.08386787414550781,-0.1323253173828125,0.00525878076171875,9.562194824219716e-05,-0.01744868078613282,-0.012514065368652343,0.00291584130859375,0.00772839935302734,
757,331382.16099874,0.000562,0.369822,0.391176,0.06012,0.00216,-0.046936,-0.008549999999999999,0.007350000000000412,0.006749999999999812,0.010600000000000193,-0.006799999999999992,-0.009950000000000236,0.00591278076171875,0.3702220916748047,0.3736553192138672,0.047875404357910156,0.00514984130859375,-0.039483070373535156,-0.03956031799316406,0.021978378295898438,-0.0043964385986328125,0.010990142822265625,-0.03296661376953125,-0.010990142822265625,-0.24410278320312498,0.3015396118164062,6.6769229125976555,1.5748567962646485,-0.08386787414550781,-0.1323253173828125,0.00535078076171875,0.0004000916748047034,-0.017520680786132836,-0.012244595642089844,0.00298984130859375,0.007452929626464842,
758,331382.170998481,0.000483,0.369892,0.391239,0.06022,0.002098,-0.047029,-0.00715,0.0067000000000011495,0.005899999999997574,0.009549999999999836,-0.005649999999999991,-0.008700000000000027,0.00591278076171875,0.3702220916748047,0.3736553192138672,0.047875404357910156,0.00476837158203125,-0.039483070373535156,0.0043964385986328125,-0.013187408447265625,0.013187408447265625,0.010990142822265625,-0.0549468994140625,-0.03296661376953125,-0.9907703399658202,0.1292291259765625,7.280002136230468,1.5711294250488281,-0.06895838928222656,-0.1285979461669922,0.00542978076171875,0.00033009167480468893,-0.017583680786132816,-0.012344595642089846,0.00267037158203125,0.007545929626464845,
759,331382.180997907,0.000419,0.369956,0.391294,0.060311,0.002047,-0.04711,-0.0058,0.006049999999999112,0.005050000000000887,0.008700000000000027,-0.004600000000000003,-0.007599999999999968,0.00591278076171875,0.3702220916748047,0.3736553192138672,0.047875404357910156,0.00438690185546875,-0.039483070373535156,0.0043964385986328125,-0.013187408447265625,0.0043964385986328125,-0.03296661376953125,-0.07692337036132812,-0.010990142822265625,-0.6748715209960936,0.4738463592529296,7.078973236083983,1.5674020538330078,-0.054048095703125,-0.12487057495117188,0.00549378076171875,0.00026609167480468043,-0.017638680786132788,-0.01243559564208984,0.00233990185546875,0.007626929626464843,
760,331382.191008364,0.000367,0.370013,0.39134,0.060394,0.002006,-0.047181,-0.004600000000000001,0.005449999999998512,0.004250000000000087,0.007900000000000268,-0.0036000000000000008,-0.006600000000000009,0.00591278076171875,0.3706035614013672,0.3736553192138672,0.047875404357910156,0.00400543212890625,-0.039483070373535156,-0.0043964385986328125,0.03076934814453125,0.021978378295898438,-0.010990142822265625,-0.09889984130859375,-0.010990142822265625,-0.9620519256591795,-0.1866659545898437,6.90667022705078,1.5674020538330078,-0.03913861083984375,-0.1285979461669922,0.00554578076171875,0.0005905614013672067,-0.017684680786132834,-0.012518595642089847,0.00199943212890625,0.0076979296264648445,
761,331382.201006155,0.000327,0.370065,0.391379,0.060469,0.001975,-0.047242,-0.00345,0.004900000000002125,0.003549999999999387,0.007099999999999815,-0.0027000000000000006,-0.005600000000000049,0.00591278076171875,0.3706035614013672,0.3736553192138672,0.047875404357910156,0.00324249267578125,-0.039483070373535156,-0.0043964385986328125,0.0043964385986328125,-0.021978378295898438,-0.03296661376953125,-0.09889984130859375,0.010990142822265625,-0.6748715209960936,0.6174346923828123,6.964099578857421,1.5748567962646485,-0.024228317260742187,-0.1285979461669922,0.00558578076171875,0.0005385614013672102,-0.01772368078613279,-0.012593595642089846,0.0012674926757812498,0.007758929626464843,
762,331382.211009929,0.000298,0.370111,0.391411,0.060536,0.001952,-0.047293,-0.0024999999999999983,0.004350000000000187,0.0029000000000001247,0.0062500000000000056,-0.0019500000000000095,-0.00470000000000019,0.00591278076171875,0.3706035614013672,0.3736553192138672,0.047493934631347656,0.00286102294921875,-0.039483070373535156,0.013187408447265625,0.013187408447265625,-0.021978378295898438,-0.010990142822265625,-0.07692337036132812,-0.0549468994140625,-0.9907703399658202,0.1579475402832031,6.90667022705078,1.5785849761962891,-0.01677357482910156,-0.1285979461669922,0.00561478076171875,0.0004925614013671642,-0.01775568078613282,-0.013042065368652343,0.00090902294921875,0.0078099296264648455,
763,331382.22100723,0.000277,0.370152,0.391437,0.060594,0.001936,-0.047336,-0.0017499999999999992,0.003749999999999587,0.0022999999999995246,0.005400000000000196,-0.0013499999999999949,-0.003850000000000034,0.00591278076171875,0.3706035614013672,0.3736553192138672,0.047875404357910156,0.00286102294921875,-0.039483070373535156,-0.0043964385986328125,-0.013187408447265625,-0.013187408447265625,-0.010990142822265625,-0.010990142822265625,-0.03296661376953125,-0.8184598541259764,-0.1866659545898437,6.964099578857421,1.5785849761962891,-0.020500946044921874,-0.1285979461669922,0.00563578076171875,0.00045156140136720646,-0.017781680786132792,-0.012718595642089846,0.00092502294921875,0.007852929626464847,
764,331382.230993444,0.000263,0.370186,0.391457,0.060644,0.001925,-0.04737,-0.0011500000000000008,0.0031000000000003247,0.0017500000000003624,0.00449999999999999,-0.0008500000000000044,-0.0029999999999998778,0.00591278076171875,0.3706035614013672,0.3736553192138672,0.047875404357910156,0.00286102294921875,-0.039483070373535156,0.0043964385986328125,0.0043964385986328125,-0.0043964385986328125,0.010990142822265625,-0.03296661376953125,-0.010990142822265625,-0.646153106689453,0.1579475402832031,7.136410064697265,1.5785849761962891,-0.03168386840820312,-0.1285979461669922,0.00564978076171875,0.00041756140136717246,-0.017801680786132812,-0.012768595642089847,0.0009360229492187499,0.007886929626464846,
765,331382.240995511,0.000254,0.370214,0.391472,0.060684,0.001919,-0.047396,-0.0006499999999999995,0.0023999999999996247,0.0013000000000013001,0.003499999999999684,-0.0005000000000000013,-0.0022999999999998716,0.00591278076171875,0.3706035614013672,0.3736553192138672,0.047875404357910156,0.00247955322265625,-0.039483070373535156,0.013187408447265625,0.0043964385986328125,-0.013187408447265625,0.010990142822265625,-0.07692337036132812,-0.010990142822265625,-0.646153106689453,0.1292291259765625,7.509741973876952,1.5748567962646485,-0.03168386840820312,-0.1285979461669922,0.00565878076171875,0.00038956140136719997,-0.0178166807861328,-0.012808595642089846,0.0005605532226562501,0.007912929626464844,
766,331382.250997367,0.00025,0.370234,0.391483,0.060714,0.001915,-0.047416,-0.0003999999999999989,0.0016500000000002624,0.0009000000000009001,0.0024500000000000216,-0.00029999999999999645,-0.0015999999999998654,0.00591278076171875,0.3706035614013672,0.3736553192138672,0.047875404357910156,0.00247955322265625,-0.039483070373535156,0.0043964385986328125,-0.013187408447265625,-0.0043964385986328125,0.010990142822265625,-0.010990142822265625,-0.010990142822265625,-0.646153106689453,0.1292291259765625,7.078973236083983,1.5636746826171875,-0.0279556884765625,-0.1285979461669922,0.00566278076171875,0.00036956140136717996,-0.017827680786132838,-0.012838595642089841,0.00056455322265625,0.007932929626464844,
767,331382.260996389,0.000246,0.370247,0.39149,0.060733,0.001913,-0.047428,-0.0003500000000000004,0.0009499999999995623,0.0005499999999991623,0.0013500000000003093,-0.00025000000000000066,-0.0008999999999998592,0.00591278076171875,0.3706035614013672,0.3736553192138672,0.048256874084472656,0.00286102294921875,-0.039483070373535156,0.013187408447265625,0.0043964385986328125,-0.013187408447265625,0.03296661376953125,0.010990142822265625,-0.010990142822265625,-0.9620519256591795,0.445127944946289,7.280002136230468,1.5674020538330078,-0.035411239624023434,-0.1285979461669922,0.00566678076171875,0.0003565614013671947,-0.017834680786132817,-0.012476125915527346,0.00094802294921875,0.007944929626464842,
768,331382.27100671,0.000243,0.370253,0.391494,0.060741,0.00191,-0.047434,-0.00040000000000000024,0.0001500000000015378,0.00024999999999886224,0.00019999999999985307,-0.0003500000000000031,-0.0003500000000000031,0.00591278076171875,0.3706035614013672,0.3736553192138672,0.048256874084472656,0.00286102294921875,-0.039483070373535156,-0.021978378295898438,-0.013187408447265625,-0.013187408447265625,0.010990142822265625,-0.03296661376953125,-0.03296661376953125,-0.646153106689453,-0.3015396118164062,7.222565307617186,1.559947311401367,-0.03913861083984375,-0.1285979461669922,0.00566978076171875,0.0003505614013671887,-0.01783868078613282,-0.012484125915527347,0.00095102294921875,0.00795092962646484,
769,331382.280995854,0.000238,0.37025,0.391495,0.060737,0.001906,-0.047435,-0.0006999999999999993,-0.0007000000000007001,0.0,-0.0009500000000002562,-0.0006000000000000037,0.00019999999999985307,0.00591278076171875,0.3706035614013672,0.3736553192138672,0.048256874084472656,0.00286102294921875,-0.039864540100097656,0.013187408447265625,0.021978378295898438,0.0043964385986328125,0.010990142822265625,-0.010990142822265625,-0.010990142822265625,-0.9907703399658202,-0.01435920715332031,7.394868316650389,1.5636746826171875,-0.03913861083984375,-0.1285979461669922,0.00567478076171875,0.00035356140136716396,-0.017839680786132794,-0.012480125915527343,0.0009550229492187501,0.007570459899902342,
770,331382.291003909,0.000229,0.370239,0.391494,0.060722,0.001898,-0.04743,-0.001100000000000001,-0.0015000000000015001,-0.00014999999999876223,-0.0022000000000001185,-0.000949999999999996,0.0007000000000000062,0.00591278076171875,0.3706035614013672,0.3736553192138672,0.048256874084472656,0.00286102294921875,-0.039864540100097656,-0.0043964385986328125,-0.013187408447265625,-0.0043964385986328125,-0.010990142822265625,-0.03296661376953125,-0.03296661376953125,-0.9907703399658202,-0.1579475402832031,7.021536407470702,1.5636746826171875,-0.035411239624023434,-0.1285979461669922,0.00568378076171875,0.0003645614013672027,-0.01783868078613282,-0.012465125915527342,0.00096302294921875,0.007565459899902344,
771,331382.300963369,0.000216,0.37022,0.391492,0.060693,0.001887,-0.047421,-0.0017000000000000006,-0.0023999999999996247,-0.0002500000000016378,-0.003500000000000031,-0.0014499999999999973,0.0011500000000001093,0.00591278076171875,0.3706035614013672,0.3736553192138672,0.048256874084472656,0.00286102294921875,-0.039483070373535156,-0.021978378295898438,-0.0043964385986328125,-0.0043964385986328125,-0.03296661376953125,0.03296661376953125,-0.010990142822265625,-0.646153106689453,0.1579475402832031,7.078973236083983,1.559947311401367,-0.03913861083984375,-0.1285979461669922,0.00569678076171875,0.00038356140136719397,-0.01783668078613282,-0.01243612591552734,0.00097402294921875,0.007937929626464842,
772,331382.310994749,0.000195,0.370191,0.391489,0.060652,0.001869,-0.047407,-0.0024999999999999996,-0.003349999999999187,-0.0003000000000003,-0.004799999999999943,-0.0021500000000000035,0.0015499999999998154,0.00591278076171875,0.3706035614013672,0.3736553192138672,0.048256874084472656,0.00286102294921875,-0.039483070373535156,0.0043964385986328125,-0.0043964385986328125,-0.0043964385986328125,-0.010990142822265625,-0.010990142822265625,-0.010990142822265625,-0.6174346923828123,-0.4738463592529296,6.90667022705078,1.5636746826171875,-0.04286598205566406,-0.1323253173828125,0.00571778076171875,0.0004125614013671952,-0.01783368078613279,-0.012395125915527341,0.00099202294921875,0.007923929626464842,
773,331382.320994851,0.000166,0.370153,0.391486,0.060597,0.001844,-0.04739,-0.0034,-0.004299999999998749,-0.00034999999999896225,-0.0061999999999999555,-0.0029000000000000054,0.0018999999999998185,0.00591278076171875,0.3706035614013672,0.3736553192138672,0.048638343811035156,0.00286102294921875,-0.039864540100097656,-0.0043964385986328125,0.0043964385986328125,-0.0043964385986328125,0.010990142822265625,-0.010990142822265625,-0.03296661376953125,-0.3015396118164062,-0.01435920715332031,7.078973236083983,1.5636746826171875,-0.03913861083984375,-0.1285979461669922,0.00574678076171875,0.0004505614013671777,-0.017830680786132813,-0.011958656188964842,0.00101702294921875,0.007525459899902345,
774,331382.330995259,0.000127,0.370105,0.391482,0.060528,0.001811,-0.047369,-0.00455,-0.005299999999999749,-0.0003000000000003,-0.007650000000000018,-0.003799999999999995,0.0022000000000001185,0.00591278076171875,0.3709850311279297,0.3736553192138672,0.048256874084472656,0.00286102294921875,-0.039483070373535156,-0.021978378295898438,-0.013187408447265625,0.0043964385986328125,-0.010990142822265625,0.03296661376953125,-0.010990142822265625,-0.646153106689453,0.3015396118164062,6.964099578857421,1.5636746826171875,-0.03913861083984375,-0.1285979461669922,0.00578578076171875,0.0008800311279296702,-0.01782668078613281,-0.012271125915527342,0.00105002294921875,0.007885929626464845,
775,331382.340963123,7.5e-05,0.370047,0.39148,0.060444,0.001768,-0.047346,-0.00585,-0.006350000000002187,-0.00014999999999876223,-0.009149999999999783,-0.0049,0.0023999999999999716,0.00591278076171875,0.3709850311279297,0.3736553192138672,0.048256874084472656,0.00286102294921875,-0.039864540100097656,-0.013187408447265625,-0.0043964385986328125,0.0043964385986328125,-0.010990142822265625,0.010990142822265625,-0.03296661376953125,-0.9620519256591795,-0.5025647735595702,6.935381164550781,1.5636746826171875,-0.03913861083984375,-0.1285979461669922,0.00583778076171875,0.0009380311279296727,-0.017824680786132807,-0.012187125915527341,0.00109302294921875,0.007481459899902343,
776,331382.350966197,1e-05,0.369978,0.391479,0.060345,0.001713,-0.047321,-0.0073,-0.007450000000000512,0.0,-0.010699999999999946,-0.006100000000000007,0.0025999999999998247,0.00591278076171875,0.3706035614013672,0.3740367889404297,0.048256874084472656,0.00286102294921875,-0.039864540100097656,0.013187408447265625,-0.0043964385986328125,0.0043964385986328125,-0.010990142822265625,-0.010990142822265625,-0.03296661376953125,-0.8184598541259764,-0.1292291259765625,8.285131683349608,1.559947311401367,-0.03913861083984375,-0.1285979461669922,0.00590278076171875,0.0006255614013672139,-0.017442211059570334,-0.012088125915527347,0.00114802294921875,0.007456459899902346,
777,331382.360962565,-7.1e-05,0.369898,0.39148,0.06023,0.001646,-0.047294,-0.00895,-0.008549999999998836,0.00024999999999886224,-0.012300000000000158,-0.007449999999999991,0.0027499999999999747,0.00591278076171875,0.3709850311279297,0.3740367889404297,0.048256874084472656,0.00286102294921875,-0.039483070373535156,-0.021978378295898438,-0.021978378295898438,0.0043964385986328125,-0.010990142822265625,-0.010990142822265625,0.010990142822265625,-0.9620519256591795,0.445127944946289,7.021536407470702,1.5487651977539063,-0.04286598205566406,-0.1285979461669922,0.00598378076171875,0.001087031127929683,-0.017443211059570307,-0.011973125915527343,0.00121502294921875,0.0078109296264648465,
778,331382.370962721,-0.000169,0.369807,0.391484,0.060099,0.001564,-0.047266,-0.0107,-0.009649999999999936,0.0005499999999991623,-0.013999999999999777,-0.008949999999999994,0.0028000000000000247,0.00591278076171875,0.3706035614013672,0.3740367889404297,0.048256874084472656,0.00286102294921875,-0.039864540100097656,0.0043964385986328125,-0.013187408447265625,0.0043964385986328125,-0.03296661376953125,-0.03296661376953125,-0.03296661376953125,-0.1579475402832031,-0.33025802612304683,7.165128479003905,1.5450370178222657,-0.04286598205566406,-0.1285979461669922,0.00608178076171875,0.0007965614013671907,-0.01744721105957031,-0.011842125915527343,0.00129702294921875,0.007401459899902346,
779,331382.380962219,-0.000285,0.369705,0.391491,0.05995,0.001467,-0.047238,-0.0127,-0.010850000000001137,0.0009000000000009001,-0.01570000000000009,-0.010600000000000009,0.0028500000000000747,0.00591278076171875,0.3709850311279297,0.3744182586669922,0.048638343811035156,0.00286102294921875,-0.039864540100097656,0.0043964385986328125,0.0043964385986328125,0.0043964385986328125,-0.010990142822265625,-0.010990142822265625,0.010990142822265625,-1.134358673095703,0.1579475402832031,6.791796569824218,1.537582275390625,-0.04286598205566406,-0.1285979461669922,0.00619778076171875,0.0012800311279296817,-0.01707274133300779,-0.011311656188964847,0.00139402294921875,0.007373459899902346,
780,331382.390995053,-0.000423,0.36959,0.391502,0.059785,0.001352,-0.047209,-0.014899999999999998,-0.012100000000000999,0.0013000000000013001,-0.017400000000000054,-0.012399999999999998,0.0028500000000000747,0.00591278076171875,0.3709850311279297,0.3744182586669922,0.048638343811035156,0.00247955322265625,-0.039864540100097656,-0.0043964385986328125,-0.021978378295898438,-0.013187408447265625,0.010990142822265625,-0.010990142822265625,-0.010990142822265625,-0.9620519256591795,-0.6174346923828123,7.509741973876952,1.526400161743164,-0.046593353271484374,-0.12487057495117188,0.00633578076171875,0.0013950311279297134,-0.01708374133300783,-0.011146656188964842,0.00112755322265625,0.007344459899902345,
781,331382.400996708,-0.000583,0.369463,0.391517,0.059602,0.001219,-0.047181,-0.017099999999999997,-0.013349999999998086,0.0017500000000003624,-0.019249999999999823,-0.014249999999999994,0.0028500000000000747,0.00591278076171875,0.3706035614013672,0.3744182586669922,0.048638343811035156,0.00247955322265625,-0.039864540100097656,-0.03076934814453125,0.0043964385986328125,-0.0043964385986328125,-0.010990142822265625,-0.03296661376953125,-0.010990142822265625,-0.646153106689453,0.01435920715332031,6.7343597412109375,1.526400161743164,-0.054048095703125,-0.12487057495117188,0.00649578076171875,0.0011405614013672016,-0.017098741333007816,-0.010963656188964846,0.00126055322265625,0.0073164598999023445,
782,331382.411008283,-0.000765,0.369323,0.391537,0.0594,0.001067,-0.047152,-0.019350000000000003,-0.014649999999999386,0.0021999999999994246,-0.021099999999999938,-0.01615,0.0028500000000000747,0.00591278076171875,0.3706035614013672,0.3744182586669922,0.048638343811035156,0.00247955322265625,-0.039864540100097656,0.013187408447265625,-0.013187408447265625,-0.0043964385986328125,0.010990142822265625,-0.03296661376953125,-0.010990142822265625,-0.646153106689453,-0.33025802612304683,7.394868316650389,1.526400161743164,-0.054048095703125,-0.1285979461669922,0.00667778076171875,0.0012805614013671751,-0.017118741333007836,-0.010761656188964845,0.00141255322265625,0.007287459899902343,
783,331382.421005333,-0.00097,0.36917,0.391561,0.05918,0.000896,-0.047124,-0.021650000000000006,-0.015999999999999348,0.0025999999999998247,-0.023000000000000104,-0.01805,0.0028000000000000247,0.00591278076171875,0.3706035614013672,0.3744182586669922,0.048638343811035156,0.00247955322265625,-0.039864540100097656,-0.021978378295898438,0.013187408447265625,-0.0043964385986328125,-0.010990142822265625,-0.03296661376953125,0.010990142822265625,-0.933333511352539,0.1579475402832031,6.849233398437499,1.526400161743164,-0.05777546691894531,-0.12487057495117188,0.00688278076171875,0.0014335614013671893,-0.017142741333007805,-0.010541656188964847,0.00158355322265625,0.007259459899902343,
784,331382.430995777,-0.001198,0.369003,0.391589,0.05894,0.000706,-0.047096,-0.023949999999999996,-0.01734999999999931,0.0030000000000002247,-0.025000000000000022,-0.019999999999999997,0.0028000000000000247,0.00553131103515625,0.3706035614013672,0.3744182586669922,0.048638343811035156,0.00247955322265625,-0.039864540100097656,-0.0043964385986328125,-0.03076934814453125,-0.021978378295898438,-0.03296661376953125,-0.010990142822265625,-0.010990142822265625,-1.1056402587890624,-0.33025802612304683,6.90667022705078,1.5226727905273436,-0.06523101806640624,-0.1285979461669922,0.00672931103515625,0.001600561401367162,-0.017170741333007833,-0.010301656188964843,0.00177355322265625,0.007231459899902343,
785,331382.440997054,-0.001449,0.368823,0.391621,0.05868,0.000496,-0.047068,-0.026349999999999995,-0.01875000000000071,0.003449999999999287,-0.02699999999999994,-0.02195,0.0028500000000000747,0.00553131103515625,0.3706035614013672,0.3744182586669922,0.048256874084472656,0.00247955322265625,-0.039864540100097656,-0.0659332275390625,-0.0043964385986328125,-0.0043964385986328125,-0.010990142822265625,-0.010990142822265625,0.010990142822265625,-1.0194887542724609,-0.1579475402832031,6.7343597412109375,1.5152172393798828,-0.06523101806640624,-0.12487057495117188,0.00698031103515625,0.0017805614013671756,-0.01720274133300781,-0.010423125915527347,0.00198355322265625,0.0072034598999023425,
786,331382.450993587,-0.001725,0.368628,0.391658,0.0584,0.000267,-0.047039,-0.028750000000000008,-0.020249999999999435,0.003849999999999687,-0.029100000000000306,-0.0239,0.0028999999999997778,0.00553131103515625,0.3706035614013672,0.3744182586669922,0.048638343811035156,0.00247955322265625,-0.039864540100097656,0.013187408447265625,0.0043964385986328125,0.013187408447265625,0.010990142822265625,-0.010990142822265625,0.010990142822265625,-0.7897451782226562,0.1292291259765625,7.280002136230468,1.5040351257324218,-0.07268576049804687,-0.12487057495117188,0.00725631103515625,0.0019755614013671763,-0.01723974133300782,-0.009761656188964844,0.00221255322265625,0.007174459899902341,
787,331382.461005892,-0.002024,0.368418,0.391698,0.058098,1.8e-05,-0.04701,-0.031100000000000006,-0.021699999999999497,0.004250000000000087,-0.03125000000000003,-0.0259,0.0029499999999998278,0.00553131103515625,0.3706035614013672,0.3744182586669922,0.048638343811035156,0.00247955322265625,-0.039864540100097656,0.013187408447265625,-0.013187408447265625,0.013187408447265625,-0.010990142822265625,-0.010990142822265625,-0.010990142822265625,-0.9907703399658202,-0.01435920715332031,7.509741973876952,1.5040351257324218,-0.07641313171386718,-0.12487057495117188,0.00755531103515625,0.0021855614013671643,-0.017279741333007803,-0.00945965618896484,0.00246155322265625,0.007145459899902347,
788,331382.470997644,-0.002347,0.368194,0.391743,0.057775,-0.000251,-0.04698,-0.03354999999999998,-0.023200000000000998,0.004699999999999149,-0.03339999999999975,-0.0279,0.0030500000000002747,0.00514984130859375,0.3706035614013672,0.3744182586669922,0.048256874084472656,0.00209808349609375,-0.039864540100097656,-0.013187408447265625,0.013187408447265625,-0.0043964385986328125,-0.03296661376953125,-0.010990142822265625,-0.03296661376953125,-1.0194887542724609,0.33025802612304683,6.619486083984374,1.4928530120849608,-0.07641313171386718,-0.12114320373535156,0.00749684130859375,0.0024095614013671662,-0.01732474133300782,-0.009518125915527344,0.00234908349609375,0.007115459899902345,
789,331382.481004391,-0.002695,0.367954,0.391792,0.05743,-0.00054,-0.046949,-0.03604999999999999,-0.024799999999999822,0.005099999999999549,-0.03569999999999997,-0.029949999999999994,0.0032000000000000778,0.00476837158203125,0.3706035614013672,0.3744182586669922,0.048256874084472656,0.00209808349609375,-0.039864540100097656,-0.013187408447265625,0.0043964385986328125,0.021978378295898438,-0.010990142822265625,-0.03296661376953125,-0.03296661376953125,-1.1056402587890624,-0.1866659545898437,7.509741973876952,1.4816700897216797,-0.0801405029296875,-0.12487057495117188,0.0074633715820312495,0.002649561401367184,-0.017373741333007786,-0.009173125915527346,0.00263808349609375,0.007084459899902341,
790,331382.49096276,-0.003068,0.367698,0.391845,0.057061,-0.00085,-0.046916,-0.03855,-0.026400000000001422,0.005450000000001287,-0.038000000000000186,-0.032049999999999995,0.003349999999999881,0.00476837158203125,0.3706035614013672,0.3744182586669922,0.048256874084472656,0.00209808349609375,-0.039864540100097656,-0.013187408447265625,-0.013187408447265625,-0.0043964385986328125,-0.010990142822265625,-0.03296661376953125,-0.010990142822265625,-1.1056402587890624,0.3015396118164062,7.251283721923826,1.4779427185058593,-0.0801405029296875,-0.12114320373535156,0.00783637158203125,0.0029055614013671627,-0.01742674133300781,-0.008804125915527344,0.00294808349609375,0.007051459899902343,
791,331382.500963406,-0.003466,0.367426,0.391901,0.05667,-0.001181,-0.046882,-0.04105,-0.028000000000000247,0.005849999999998912,-0.04035000000000011,-0.03415000000000001,0.003500000000000031,0.00438690185546875,0.3706035614013672,0.3744182586669922,0.048256874084472656,0.00171661376953125,-0.039864540100097656,-0.021978378295898438,-0.021978378295898438,-0.013187408447265625,-0.0549468994140625,-0.03296661376953125,-0.03296661376953125,-0.9620519256591795,-0.4738463592529296,6.7343597412109375,1.4704879760742187,-0.07641313171386718,-0.12114320373535156,0.00785290185546875,0.0031775614013672127,-0.017482741333007812,-0.008413125915527342,0.0028976137695312498,0.007017459899902344,
792,331382.510995806,-0.003889,0.367138,0.391962,0.056254,-0.001533,-0.046846,-0.04354999999999999,-0.029649999999997734,0.0063000000000007494,-0.04279999999999978,-0.03625,0.003649999999999834,0.00438690185546875,0.3706035614013672,0.3744182586669922,0.048256874084472656,0.00095367431640625,-0.039864540100097656,-0.013187408447265625,-0.013187408447265625,-0.013187408447265625,0.010990142822265625,-0.09889984130859375,-0.010990142822265625,-1.0769218444824218,0.3015396118164062,6.964099578857421,1.463033233642578,-0.07641313171386718,-0.12114320373535156,0.00827590185546875,0.0034655614013671676,-0.01754374133300779,-0.007997125915527342,0.00248667431640625,0.0069814598999023425,
793,331382.52099676,-0.004337,0.366833,0.392027,0.055814,-0.001906,-0.046809,-0.0461,-0.03140000000000087,0.006650000000002487,-0.045249999999999804,-0.038400000000000004,0.003799999999999984,0.00362396240234375,0.3706035614013672,0.3744182586669922,0.047875404357910156,0.00019073486328125,-0.039864540100097656,-0.048351287841796875,-0.021978378295898438,-0.03076934814453125,-0.03296661376953125,-0.120880126953125,-0.03296661376953125,-0.9620519256591795,-0.1866659545898437,7.136410064697265,1.4518503112792969,-0.054048095703125,-0.12487057495117188,0.00796096240234375,0.0037705614013671673,-0.017608741333007827,-0.007938595642089846,0.0020967348632812497,0.006944459899902347,
794,331382.530997168,-0.004811,0.36651,0.392095,0.055349,-0.002301,-0.04677,-0.0487,-0.033150000000001234,0.006999999999998674,-0.04775000000000022,-0.0406,0.004000000000000184,0.00324249267578125,0.3706035614013672,0.3744182586669922,0.047875404357910156,-0.00095367431640625,-0.039864540100097656,-0.05714225769042969,-0.0043964385986328125,-0.0043964385986328125,-0.010990142822265625,-0.16483688354492188,-0.03296661376953125,-1.0769218444824218,-0.4738463592529296,7.078973236083983,1.4555776824951172,-0.03168386840820312,-0.12487057495117188,0.00805349267578125,0.004093561401367185,-0.01767674133300784,-0.007473595642089846,0.00134732568359375,0.006905459899902343,
795,331382.540995502,-0.005311,0.36617,0.392167,0.054859,-0.002718,-0.046729,-0.05135000000000001,-0.03495000000000026,0.007399999999999074,-0.05035000000000005,-0.04274999999999999,0.004250000000000087,0.00247955322265625,0.3706035614013672,0.3744182586669922,0.047493934631347656,-0.00133514404296875,-0.039864540100097656,-0.10109901428222656,-0.0043964385986328125,0.0043964385986328125,-0.0549468994140625,-0.09889984130859375,-0.03296661376953125,-0.1292291259765625,-0.1579475402832031,7.050254821777343,1.4481229400634765,-0.020500946044921874,-0.12114320373535156,0.00779055322265625,0.004433561401367192,-0.0177487413330078,-0.007365065368652342,0.00138285595703125,0.0068644598999023435,
796,331382.550996801,-0.005838,0.365811,0.392243,0.054342,-0.003156,-0.046685,-0.05400000000000001,-0.03680000000000072,0.007750000000000812,-0.05299999999999992,-0.044899999999999995,0.00449999999999999,0.00095367431640625,0.3702220916748047,0.3744182586669922,0.047493934631347656,-0.00171661376953125,-0.039864540100097656,-0.17142868041992188,-0.0043964385986328125,0.013187408447265625,-0.03296661376953125,-0.0549468994140625,-0.010990142822265625,-0.8471782684326171,-0.5025647735595702,6.90667022705078,1.4481229400634765,-0.024228317260742187,-0.11741502380371094,0.00679167431640625,0.00441109167480469,-0.01782474133300782,-0.006848065368652345,0.00143938623046875,0.006820459899902341,
797,331382.561003854,-0.006391,0.365434,0.392322,0.053799,-0.003616,-0.046639,-0.05669999999999998,-0.03865000000000118,0.008099999999999774,-0.055650000000000144,-0.04715000000000001,0.004749999999999893,-0.00019073486328125,0.3702220916748047,0.3744182586669922,0.047112464904785156,-0.00209808349609375,-0.039864540100097656,-0.10988998413085938,-0.013187408447265625,0.0043964385986328125,-0.03296661376953125,-0.09889984130859375,-0.010990142822265625,-0.646153106689453,-0.5025647735595702,7.078973236083983,1.4406681976318358,-0.0279556884765625,-0.11741502380371094,0.00620026513671875,0.004788091674804706,-0.017903741333007817,-0.006686535095214843,0.0015179165039062499,0.006774459899902344,
798,331382.570940998,-0.006972,0.365038,0.392405,0.053229,-0.004099,-0.04659,-0.05939999999999999,-0.04055000000000031,0.008500000000000174,-0.05844999999999982,-0.049399999999999986,0.005049999999999846,-0.00095367431640625,0.3702220916748047,0.3744182586669922,0.046730995178222656,-0.00324249267578125,-0.039864540100097656,-0.07472610473632812,-0.03956031799316406,0.0043964385986328125,-0.0549468994140625,-0.14285659790039062,-0.010990142822265625,-0.8758966827392577,-0.01435920715332031,7.078973236083983,1.4257579040527344,-0.024228317260742187,-0.11741502380371094,0.00601832568359375,0.005184091674804714,-0.017986741333007816,-0.006498004821777342,0.0008565073242187502,0.006725459899902343,
799,331382.580962507,-0.007579,0.364623,0.392492,0.05263,-0.004604,-0.046538,-0.062100000000000044,-0.042499999999998095,0.008849999999999136,-0.061249999999999846,-0.05165,0.005350000000000146,-0.00171661376953125,0.3698406219482422,0.3744182586669922,0.046730995178222656,-0.00400543212890625,-0.039864540100097656,-0.07472610473632812,-0.03956031799316406,-0.013187408447265625,-0.03296661376953125,-0.120880126953125,-0.010990142822265625,-0.6748715209960936,0.07179603576660155,7.222565307617186,1.4183031616210937,-0.01304620361328125,-0.11741502380371094,0.00586238623046875,0.005217621948242213,-0.01807374133300782,-0.005899004821777347,0.0005985678710937496,0.006673459899902347,
800,331382.59096241,-0.008214,0.364188,0.392582,0.052004,-0.005132,-0.046483,-0.06485000000000002,-0.044500000000000095,0.009200000000000874,-0.06405000000000022,-0.053950000000000005,0.005650000000000099,-0.00247955322265625,0.3694591522216797,0.3744182586669922,0.046349525451660156,-0.00438690185546875,-0.039864540100097656,-0.0659332275390625,-0.03076934814453125,0.0043964385986328125,-0.03296661376953125,-0.120880126953125,-0.010990142822265625,-0.5025647735595702,0.5600016021728514,7.078973236083983,1.4071210479736327,-0.009318832397460937,-0.11741502380371094,0.005734446777343751,0.005271152221679676,-0.0181637413330078,-0.005654474548339845,0.0007450981445312503,0.00661845989990234,
801,331382.600962268,-0.008876,0.363733,0.392676,0.051349,-0.005683,-0.046425,-0.06759999999999995,-0.04645000000000066,0.009549999999999836,-0.06689999999999995,-0.05625000000000001,0.0059499999999997055,-0.00286102294921875,0.3690776824951172,0.3744182586669922,0.045968055725097656,-0.00438690185546875,-0.039864540100097656,-0.05714225769042969,-0.021978378295898438,0.013187408447265625,-0.0549468994140625,0.010990142822265625,-0.010990142822265625,-0.9907703399658202,-0.3876911163330078,7.078973236083983,1.3959381256103516,-0.020500946044921874,-0.11368765258789063,0.00601497705078125,0.0053446824951172145,-0.018257741333007838,-0.0053809442749023426,0.0012960981445312497,0.006560459899902345,
802,331382.610962668,-0.009566,0.363259,0.392773,0.050666,-0.006257,-0.046364,-0.07024999999999999,-0.04834999999999978,0.009850000000000136,-0.06969999999999997,-0.058449999999999995,0.0062500000000000056,-0.00324249267578125,0.3686962127685547,0.3744182586669922,0.045968055725097656,-0.00438690185546875,-0.039864540100097656,-0.0659332275390625,-0.03956031799316406,0.0043964385986328125,-0.0549468994140625,-0.010990142822265625,0.010990142822265625,-0.732308349609375,-0.33025802612304683,7.452305145263671,1.3922107543945312,-0.054048095703125,-0.11741502380371094,0.00632350732421875,0.005437212768554689,-0.018354741333007796,-0.0046979442749023465,0.0018700981445312504,0.006499459899902346,
803,331382.620961705,-0.010280999999999917,0.36276600000000003,0.392873,0.04995500000000008,-0.006851999999999931,-0.04630000000000001,-0.07279999999999971,-0.05024999999999869,0.010200000000001817,-0.07239999999999998,-0.06059999999999972,0.006549999999999925,-0.00400543212890625,0.3683147430419922,0.3744182586669922,0.045586585998535156,-0.00438690185546875,-0.039864540100097656,-0.09230804443359375,-0.07472610473632812,-0.021978378295898438,-0.07692337036132812,-0.010990142822265625,-0.010990142822265625,-0.8471782684326171,-0.33025802612304683,6.90667022705078,1.3847560119628906,-0.07268576049804687,-0.11741502380371094,0.006275567871093667,0.005548743041992155,-0.01845474133300784,-0.004368414001464926,0.002465098144531181,0.0064354598999023516,
804,331382.630963079,-0.011021999999999916,0.3622540000000001,0.392977,0.04921800000000008,-0.007468999999999929,-0.04623300000000001,-0.07534999999999971,-0.052049999999997765,0.010549999999998038,-0.07499999999999976,-0.06269999999999983,0.006849999999999878,-0.00553131103515625,0.3679332733154297,0.3744182586669922,0.045205116271972656,-0.00514984130859375,-0.039864540100097656,-0.20659255981445312,-0.048351287841796875,0.0043964385986328125,-0.07692337036132812,-0.0549468994140625,-0.03296661376953125,-0.732308349609375,-0.3876911163330078,7.222565307617186,1.3847560119628906,-0.08386787414550781,-0.11368765258789063,0.0054906889648436655,0.0056792733154296116,-0.018558741333007833,-0.004012883728027425,0.002319158691406179,0.006368459899902354,
805,331382.640963187,-0.011788000000000088,0.36172499999999996,0.393084,0.04845499999999991,-0.008106000000000073,-0.046162999999999996,-0.07775000000000021,-0.05380000000000129,0.010849999999998396,-0.07750000000000005,-0.06475000000000022,0.007150000000000257,-0.00705718994140625,0.3671703338623047,0.3744182586669922,0.044823646545410156,-0.00514984130859375,-0.039864540100097656,-0.0659332275390625,-0.048351287841796875,-0.013187408447265625,-0.03296661376953125,-0.0549468994140625,-0.010990142822265625,-0.646153106689453,-0.10051445007324217,7.078973236083983,1.3773012695312499,-0.08386787414550781,-0.11368765258789063,0.004730810058593838,0.005445333862304724,-0.0186657413330078,-0.0036313534545897516,0.002956158691406323,0.0062984598999023395,
806,331382.650966547,-0.012577,0.361178,0.393194,0.047668,-0.008764,-0.04609,-0.08010000000000005,-0.055499999999999994,0.011150000000001437,-0.07989999999999976,-0.06670000000000001,0.007400000000000115,-0.00743865966796875,0.3667888641357422,0.3744182586669922,0.044442176818847656,-0.00553131103515625,-0.039864540100097656,-0.08351707458496094,-0.0659332275390625,-0.0043964385986328125,-0.09889984130859375,-0.03296661376953125,-0.010990142822265625,-0.5600016021728514,-0.07179603576660155,7.3374389648437495,1.3661183471679688,-0.09132342529296875,-0.11368765258789063,0.00513834033203125,0.0056108641357421885,-0.0187757413330078,-0.003225823181152346,0.0032326889648437492,0.006225459899902343,
807,331382.660966414,-0.01339,0.360615,0.393307,0.046857,-0.00944,-0.046015,-0.08245000000000005,-0.05709999999999882,0.011450000000001737,-0.08230000000000008,-0.0686,0.007650000000000018,-0.00820159912109375,0.3660259246826172,0.3744182586669922,0.043679237365722656,-0.00591278076171875,-0.039483070373535156,-0.013187408447265625,-0.09230804443359375,-0.0043964385986328125,-0.09889984130859375,-0.07692337036132812,-0.010990142822265625,-0.9046150970458983,0.33025802612304683,7.165128479003905,1.358663604736328,-0.09505079650878906,-0.11368765258789063,0.005188400878906251,0.005410924682617169,-0.01888874133300783,-0.0031777626342773466,0.0035272192382812505,0.006531929626464844,
808,331382.67096409,-0.014226,0.360036,0.393423,0.046022,-0.010136,-0.045937,-0.08469999999999997,-0.05870000000000042,0.011749999999999261,-0.0846000000000003,-0.0705,0.007899999999999921,-0.00820159912109375,0.3652629852294922,0.3744182586669922,0.042916297912597656,-0.00667572021484375,-0.039864540100097656,-0.021978378295898438,-0.09230804443359375,-0.013187408447265625,-0.120880126953125,-0.14285659790039062,-0.010990142822265625,-0.8184598541259764,0.2728211975097656,6.763078155517578,1.3623909759521484,-0.08759524536132812,-0.10996028137207031,0.006024400878906251,0.005226985229492165,-0.019004741333007835,-0.003105702087402344,0.003460279785156249,0.006072459899902342,
809,331382.681006034,-0.015084,0.359441,0.393542,0.045165,-0.01085,-0.045857,-0.08685000000000004,-0.06025000000000058,0.012049999999999561,-0.08685000000000012,-0.07225000000000001,0.008149999999999824,-0.00858306884765625,0.3641185760498047,0.3744182586669922,0.042534828186035156,-0.00782012939453125,-0.039864540100097656,-0.03956031799316406,-0.11868095397949219,0.0043964385986328125,-0.09889984130859375,-0.16483688354492188,-0.03296661376953125,-1.4215390777587888,-0.01435920715332031,7.567178802490233,1.3661183471679688,-0.05777546691894531,-0.10623291015625,0.00650093115234375,0.004677576049804677,-0.019123741333007815,-0.0026301718139648406,0.0030298706054687503,0.005992459899902346,
810,331382.690999237,-0.015963,0.358831,0.393664,0.044285,-0.011581,-0.045774,-0.08894999999999996,-0.061749999999999305,0.012300000000001199,-0.08899999999999984,-0.07400000000000002,0.008350000000000024,-0.00896453857421875,0.3633556365966797,0.3744182586669922,0.041390419006347656,-0.00820159912109375,-0.039864540100097656,-0.0659332275390625,-0.07472610473632812,0.013187408447265625,-0.14285659790039062,-0.120880126953125,0.010990142822265625,-0.7897451782226562,-0.5600016021728514,8.141539611816405,1.3661183471679688,-0.054048095703125,-0.10623291015625,0.0069984614257812515,0.0045246365966796764,-0.019245741333007826,-0.0028945809936523417,0.0033794008789062493,0.005909459899902346,
811,331382.700966519,-0.016863,0.358206,0.393788,0.043385,-0.01233,-0.04569,-0.09094999999999988,-0.06319999999999937,0.012550000000000061,-0.09099999999999976,-0.07570000000000007,0.008550000000000224,-0.00972747802734375,0.3622112274169922,0.3744182586669922,0.040246009826660156,-0.00896453857421875,-0.039864540100097656,-0.0659332275390625,-0.10109901428222656,0.0043964385986328125,-0.16483688354492188,-0.120880126953125,0.010990142822265625,-0.5600016021728514,0.3015396118164062,7.739489288330077,1.3847560119628906,-0.06895838928222656,-0.10623291015625,0.0071355219726562495,0.004005227416992163,-0.01936974133300784,-0.0031389901733398437,0.0033654614257812507,0.005825459899902345,
812,331382.710963425,-0.017781999999999895,0.3575670000000001,0.393915,0.04246500000000011,-0.013094999999999912,-0.045603000000000005,-0.09289999999999986,-0.06455000000000197,0.012799999999998913,-0.0929999999999998,-0.07729999999999976,0.008800000000000115,-0.01087188720703125,0.3610668182373047,0.3744182586669922,0.039483070373535156,-0.00934600830078125,-0.039864540100097656,-0.17142868041992188,-0.11868095397949219,-0.021978378295898438,-0.16483688354492188,-0.0549468994140625,0.010990142822265625,-0.646153106689453,0.07179603576660155,7.251283721923826,1.3922107543945312,-0.09132342529296875,-0.10623291015625,0.006910112792968645,0.0034998182373046083,-0.019496741333007828,-0.0029819296264649506,0.0037489916992186623,0.005738459899902348,
813,331382.720963036,-0.01872100000000011,0.3569149999999999,0.394044,0.04152499999999989,-0.01387600000000009,-0.04551399999999999,-0.09480000000000031,-0.06590000000000226,0.013050000000000606,-0.0949000000000004,-0.07885000000000009,0.00894999999999993,-0.01277923583984375,0.3603038787841797,0.3744182586669922,0.038720130920410156,-0.00972747802734375,-0.039864540100097656,-0.14505577087402344,-0.08351707458496094,-0.013187408447265625,-0.14285659790039062,-0.07692337036132812,-0.010990142822265625,-0.5025647735595702,0.1292291259765625,7.423586730957029,1.3847560119628906,-0.10623291015625,-0.10623291015625,0.005941764160156359,0.0033888787841797607,-0.019625741333007818,-0.002804869079589732,0.00414852197265634,0.005649459899902336,
814,331382.730998774,-0.019678,0.356249,0.394176,0.040567,-0.014672,-0.045424,-0.09654999999999993,-0.06719999999999782,0.013299999999999423,-0.09669999999999991,-0.0804,0.00910000000000008,-0.01316070556640625,0.3595409393310547,0.3744182586669922,0.037957191467285156,-0.01087188720703125,-0.039483070373535156,-0.07472610473632812,-0.05714225769042969,-0.013187408447265625,-0.120880126953125,-0.20878982543945312,-0.010990142822265625,-0.9907703399658202,0.1579475402832031,7.078973236083983,1.3735738983154298,-0.08759524536132812,-0.10250553894042969,0.006517294433593751,0.003291939331054705,-0.01975774133300784,-0.0026098085327148426,0.0038001127929687493,0.005940929626464843,
815,331382.740967234,-0.020652,0.355571,0.39431,0.039591,-0.015484,-0.045332,-0.09829999999999994,-0.06835000000000035,0.013549999999998286,-0.09844999999999993,-0.08185000000000006,0.009299999999999933,-0.01430511474609375,0.3591594696044922,0.3744182586669922,0.037194252014160156,-0.01277923583984375,-0.039483070373535156,-0.1362628936767578,-0.05714225769042969,0.0043964385986328125,-0.120880126953125,-0.2967033386230469,0.010990142822265625,-0.732308349609375,0.2728211975097656,6.964099578857421,1.3661183471679688,-0.04286598205566406,-0.10250553894042969,0.00634688525390625,0.0035884696044921616,-0.019891741333007806,-0.002396747985839845,0.0027047641601562495,0.005848929626464841,
816,331382.750962834,-0.021644,0.354882,0.394447,0.038598,-0.016309,-0.045238,-0.09999999999999991,-0.06950000000000012,0.013799999999999923,-0.10010000000000019,-0.08320000000000002,0.009449999999999736,-0.01506805419921875,0.3580150604248047,0.3747997283935547,0.036812782287597656,-0.01316070556640625,-0.039864540100097656,-0.11868095397949219,-0.10109901428222656,0.0043964385986328125,-0.0549468994140625,-0.03296661376953125,-0.03296661376953125,-0.7035899353027343,0.01435920715332031,6.562049255371092,1.343754119873047,-0.03913861083984375,-0.09877816772460937,0.00657594580078125,0.0031330604248047123,-0.019647271606445305,-0.0017852177124023441,0.0031482944335937506,0.005373459899902344,
817,331382.760962945,-0.022652,0.354181,0.394586,0.037589,-0.017148,-0.045143,-0.10155000000000007,-0.07059999999999844,0.014000000000000123,-0.10170000000000005,-0.0845499999999999,0.009599999999999886,-0.01621246337890625,0.3576335906982422,0.3747997283935547,0.036431312561035156,-0.01277923583984375,-0.039864540100097656,-0.09230804443359375,-0.0659332275390625,0.03076934814453125,-0.0549468994140625,0.010990142822265625,-0.010990142822265625,-0.2728211975097656,-0.3589727020263671,7.280002136230468,1.3102069702148438,-0.10623291015625,-0.09877816772460937,0.0064395366210937485,0.003452590698242164,-0.019786271606445305,-0.0011576874389648412,0.00436876416015625,0.005278459899902346,
818,331382.77096329,-0.023675,0.35347,0.394727,0.036564,-0.018,-0.045046,-0.10310000000000007,-0.07160000000000222,0.014250000000001761,-0.10319999999999982,-0.08579999999999993,0.009750000000000036,-0.01735687255859375,0.3568706512451172,0.3747997283935547,0.036049842834472656,-0.01316070556640625,-0.039483070373535156,-0.14505577087402344,-0.048351287841796875,0.013187408447265625,-0.0549468994140625,-0.0549468994140625,-0.010990142822265625,-0.646153106689453,-0.01435920715332031,7.251283721923826,1.2878419342041014,-0.14350743103027344,-0.09877816772460937,0.006318127441406252,0.003400651245117181,-0.019927271606445307,-0.000514157165527343,0.004839294433593749,0.0055629296264648465,
819,331382.780996619,-0.024714,0.352749,0.394871,0.035525,-0.018864,-0.044948,-0.10454999999999995,-0.07260000000000044,0.014449999999999186,-0.10459999999999983,-0.08700000000000009,0.009850000000000136,-0.01888275146484375,0.3564891815185547,0.3751811981201172,0.035286903381347656,-0.01468658447265625,-0.039483070373535156,-0.127471923828125,-0.048351287841796875,0.021978378295898438,-0.09889984130859375,-0.25274658203125,0.010990142822265625,-0.646153106689453,0.9907703399658202,7.595897216796875,1.280387191772461,-0.10996028137207031,-0.09505079650878906,0.00583124853515625,0.0037401815185547083,-0.01968980187988284,-0.00023809661865234477,0.004177415527343749,0.005464929626464846,
820,331382.79096324,-0.02576599999999988,0.3520180000000001,0.395016,0.03447200000000012,-0.0197399999999999,-0.044849000000000014,-0.1058499999999999,-0.07354999999999992,0.014599999999997915,-0.10595,-0.08814999999999992,0.009950000000000226,-0.02002716064453125,0.3561077117919922,0.3751811981201172,0.034905433654785156,-0.01621246337890625,-0.039483070373535156,-0.17142868041992188,-0.03956031799316406,0.013187408447265625,-0.09889984130859375,-0.1868133544921875,-0.010990142822265625,-0.3876911163330078,-0.3589727020263671,7.021536407470702,1.280387191772461,-0.06150364685058594,-0.09505079650878906,0.005738839355468629,0.004089711791992079,-0.01983480187988279,0.00043343365478503565,0.00352753662109365,0.005365929626464858,
821,331382.800999621,-0.026831000000000122,0.35127799999999987,0.395163,0.03340599999999987,-0.0206270000000001,-0.04474899999999998,-0.1071500000000001,-0.07439999999999955,0.014850000000002419,-0.10725000000000023,-0.08920000000000017,0.010100000000000085,-0.02117156982421875,0.3557262420654297,0.3751811981201172,0.034142494201660156,-0.01621246337890625,-0.039864540100097656,-0.08351707458496094,-0.03956031799316406,-0.0043964385986328125,-0.09889984130859375,-0.07692337036132812,-0.03296661376953125,-0.646153106689453,0.01435920715332031,7.136410064697265,1.272931640625,-0.08386787414550781,-0.09132342529296875,0.005659430175781372,0.004448242065429819,-0.0199818018798828,0.000736494201660283,0.00441453662109385,0.004884459899902327,
822,331382.810998911,-0.027909000000000125,0.3505299999999999,0.395313,0.03232699999999988,-0.021524000000000106,-0.044646999999999985,-0.10840000000000015,-0.07524999999999907,0.015049999999999796,-0.1084000000000001,-0.09015000000000004,0.01019999999999978,-0.02193450927734375,0.3553447723388672,0.3751811981201172,0.032998085021972656,-0.01659393310546875,-0.039483070373535156,-0.09230804443359375,-0.0659332275390625,0.013187408447265625,-0.20878982543945312,-0.03296661376953125,0.010990142822265625,0.01435920715332031,-0.33025802612304683,7.36615737915039,1.2915693054199218,-0.12114320373535156,-0.09132342529296875,0.005974490722656375,0.00481477233886729,-0.020131801879882838,0.0006710850219727796,0.0049300668945313555,0.005163929626464829,
823,331382.820968554,-0.028999,0.349773,0.395464,0.031238,-0.02243,-0.044545,-0.10950000000000004,-0.07600000000000107,0.015149999999999886,-0.10944999999999999,-0.09109999999999986,0.010249999999999843,-0.02307891845703125,0.3545818328857422,0.3755626678466797,0.031472206115722656,-0.01659393310546875,-0.039483070373535156,-0.16263771057128906,-0.08351707458496094,0.013187408447265625,-0.20878982543945312,-0.010990142822265625,-0.03296661376953125,-0.5025647735595702,-0.01435920715332031,7.452305145263671,1.3400267486572266,-0.158417724609375,-0.09505079650878906,0.0059200815429687505,0.004808832885742187,-0.019901332153320295,0.00023420611572265784,0.0058360668945312486,0.005061929626464845,
824,331382.830964212,-0.030099,0.34901,0.395616,0.030138,-0.023346,-0.044442,-0.1105,-0.07665000000000033,0.015300000000001424,-0.11044999999999995,-0.09200000000000007,0.010349999999999943,-0.02460479736328125,0.3538188934326172,0.3755626678466797,0.02956390380859375,-0.01735687255859375,-0.039483070373535156,-0.15384674072265625,-0.08351707458496094,-0.0043964385986328125,-0.27472686767578125,-0.09889984130859375,-0.03296661376953125,-0.445127944946289,0.445127944946289,7.165128479003905,1.3549362335205077,-0.15096298217773438,-0.09132342529296875,0.005494202636718751,0.004808893432617201,-0.020053332153320336,-0.0005740961914062516,0.005989127441406249,0.004958929626464846,
825,331382.840996866,-0.031209,0.34824,0.39577,0.029029,-0.02427,-0.044338,-0.11145000000000009,-0.07729999999999959,0.015399999999998748,-0.11135000000000016,-0.09275000000000012,0.010399999999999993,-0.02574920654296875,0.3530559539794922,0.3755626678466797,0.02765655517578125,-0.01926422119140625,-0.039483070373535156,-0.11868095397949219,-0.08351707458496094,-0.0043964385986328125,-0.3186798095703125,-0.2967033386230469,-0.010990142822265625,-0.6174346923828123,0.1292291259765625,7.3087205505371085,1.3847560119628906,-0.10250553894042969,-0.08759524536132812,0.005459793457031251,0.0048159539794921935,-0.020207332153320323,-0.0013724448242187492,0.00500577880859375,0.004854929626464846,
826,331382.850964162,-0.032328,0.347464,0.395924,0.027911,-0.025201,-0.044234,-0.1122999999999999,-0.07784999999999875,0.015499999999998848,-0.11214999999999992,-0.09344999999999995,0.010450000000000043,-0.02727508544921875,0.3522930145263672,0.3755626678466797,0.02574920654296875,-0.02002716064453125,-0.039483070373535156,-0.10988998413085938,-0.07472610473632812,-0.0043964385986328125,-0.2967033386230469,-0.09889984130859375,-0.03296661376953125,-0.5887162780761718,0.1579475402832031,7.3087205505371085,1.4145757904052734,-0.08386787414550781,-0.08386787414550781,0.005052914550781253,0.004829014526367192,-0.02036133215332031,-0.0021617934570312483,0.005173839355468751,0.004750929626464846,
827,331382.86096358,-0.033455,0.346683,0.39608,0.026786,-0.026139,-0.044129,-0.1129999999999999,-0.07834999999999925,0.015650000000000386,-0.11284999999999992,-0.09404999999999986,0.010500000000000093,-0.02803802490234375,0.3511486053466797,0.3755626678466797,0.02346038818359375,-0.02079010009765625,-0.039483070373535156,-0.09230804443359375,-0.09230804443359375,-0.0043964385986328125,-0.2967033386230469,-0.1868133544921875,-0.010990142822265625,-0.8184598541259764,0.3015396118164062,7.36615737915039,1.4593058624267579,-0.10996028137207031,-0.08759524536132812,0.005416975097656249,0.004465605346679669,-0.0205173321533203,-0.0033256118164062508,0.005348899902343749,0.004645929626464845,
828,331382.870963125,-0.03458799999999987,0.3458970000000001,0.396237,0.025654000000000128,-0.02708199999999989,-0.044024000000000015,-0.1136000000000001,-0.07880000000000106,0.015750000000000475,-0.1135,-0.09454999999999995,0.01055000000000012,-0.02956390380859375,0.3503856658935547,0.3755626678466797,0.02193450927734375,-0.02155303955078125,-0.039483070373535156,-0.127471923828125,-0.0659332275390625,-0.013187408447265625,-0.23077011108398438,-0.14285659790039062,-0.010990142822265625,-0.646153106689453,0.1579475402832031,7.3374389648437495,1.4593058624267579,-0.10996028137207031,-0.08759524536132812,0.005024096191406119,0.0044886658935545665,-0.02067433215332032,-0.003719490722656378,0.005528960449218641,0.004540929626464858,
829,331382.880963442,-0.03572699999999987,0.3451070000000001,0.396395,0.024516000000000128,-0.028029999999999892,-0.04391800000000001,-0.11414999999999997,-0.07915000000000003,0.015850000000000575,-0.11404999999999987,-0.09504999999999994,0.010649999999999884,-0.03070831298828125,0.3496227264404297,0.3755626678466797,0.01964569091796875,-0.02346038818359375,-0.039483070373535156,-0.14505577087402344,-0.1362628936767578,-0.0043964385986328125,-0.34066009521484375,-0.25274658203125,-0.010990142822265625,-0.732308349609375,0.1579475402832031,7.280002136230468,1.4667606048583983,-0.09132342529296875,-0.0801405029296875,0.00501868701171862,0.004515726440429579,-0.02083233215332031,-0.004870309082031378,0.004569611816406142,0.004434929626464856,
830,331382.890964534,-0.03687100000000013,0.3443139999999999,0.396554,0.02337299999999987,-0.028983000000000106,-0.04381099999999999,-0.11464999999999992,-0.0794500000000004,0.015899999999999238,-0.11445,-0.09545000000000009,0.010699999999999947,-0.031472206115722656,0.3484783172607422,0.3755626678466797,0.01850128173828125,-0.02460479736328125,-0.039483070373535156,-0.048351287841796875,-0.11868095397949219,-0.0043964385986328125,-0.27472686767578125,-0.2967033386230469,0.010990142822265625,-0.646153106689453,0.24410278320312498,6.7343597412109375,1.4779427185058593,-0.06895838928222656,-0.0801405029296875,0.005398793884277477,0.00416431726074229,-0.02099133215332033,-0.00487171826171862,0.004378202636718856,0.004327929626464833,
831,331382.900963876,-0.03802,0.343518,0.396713,0.022227,-0.029939,-0.043704,-0.11499999999999982,-0.07969999999999922,0.01594999999999791,-0.11480000000000014,-0.09570000000000012,0.010700000000000293,-0.032235145568847656,0.3477153778076172,0.3755626678466797,0.01697540283203125,-0.02536773681640625,-0.039483070373535156,-0.07472610473632812,-0.08351707458496094,0.0043964385986328125,-0.23077011108398438,-0.16483688354492188,-0.03296661376953125,-0.6174346923828123,0.1292291259765625,7.825644531249999,1.4853974609375,-0.07268576049804687,-0.0801405029296875,0.005784854431152342,0.0041973778076171975,-0.021150332153320295,-0.00525159716796875,0.00457126318359375,0.0042209296264648435,
832,331382.910965851,-0.039171,0.34272,0.396873,0.021077,-0.030897,-0.043597,-0.11525000000000007,-0.07989999999999942,0.016000000000002124,-0.11510000000000009,-0.09590000000000015,0.010699999999999946,-0.032998085021972656,0.3465709686279297,0.3755626678466797,0.01583099365234375,-0.02689361572265625,-0.039483070373535156,-0.03956031799316406,-0.10109901428222656,-0.0043964385986328125,-0.16483688354492188,-0.20878982543945312,0.010990142822265625,-0.8471782684326171,-0.1866659545898437,7.394868316650389,1.4667606048583983,-0.06150364685058594,-0.0801405029296875,0.006172914978027341,0.003850968627929663,-0.02131033215332029,-0.0052460063476562485,0.004003384277343751,0.004113929626464841,
833,331382.920963551,-0.040325,0.34192,0.397033,0.019925,-0.031857,-0.04349,-0.11545000000000027,-0.08000000000000229,0.016050000000000786,-0.1152499999999999,-0.09604999999999995,0.010749999999999996,-0.033761024475097656,0.3458080291748047,0.3755626678466797,0.01468658447265625,-0.02727508544921875,-0.039483070373535156,-0.08351707458496094,-0.09230804443359375,0.0043964385986328125,-0.16483688354492188,-0.120880126953125,-0.03296661376953125,-0.8184598541259764,-0.4738463592529296,7.5384603881835925,1.4443955688476562,-0.06895838928222656,-0.07641313171386718,0.0065639755249023435,0.003888029174804686,-0.021470332153320337,-0.005238415527343748,0.004581914550781253,0.004006929626464845,
834,331382.930963654,-0.04148,0.34112,0.397194,0.018772,-0.032818,-0.043382,-0.11549999999999998,-0.08005000000000095,0.016099999999999448,-0.11529999999999994,-0.09614999999999971,0.010749999999999996,-0.034905433654785156,0.3450450897216797,0.3755626678466797,0.01392364501953125,-0.02841949462890625,-0.039483070373535156,-0.14505577087402344,-0.08351707458496094,-0.0043964385986328125,-0.14285659790039062,-0.1868133544921875,0.010990142822265625,-0.445127944946289,-0.1292291259765625,6.964099578857421,1.4257579040527344,-0.06895838928222656,-0.0801405029296875,0.006574566345214847,0.003925089721679709,-0.021631332153320304,-0.0048483549804687505,0.00439850537109375,0.0038989296264648407,
835,331382.940998384,-0.042635,0.340319,0.397355,0.017619,-0.03378,-0.043275,-0.11549999999999998,-0.08004999999999818,0.016050000000000786,-0.11529999999999994,-0.09615000000000005,0.010699999999999946,-0.037194252014160156,0.3442821502685547,0.3755626678466797,0.01316070556640625,-0.02994537353515625,-0.039483070373535156,-0.2593402862548828,-0.0659332275390625,0.0043964385986328125,-0.09889984130859375,-0.16483688354492188,-0.010990142822265625,0.1292291259765625,0.2728211975097656,7.710770874023436,1.4071210479736327,-0.06523101806640624,-0.07641313171386718,0.005440747985839843,0.003963150268554705,-0.021792332153320326,-0.004458294433593749,0.0038346264648437475,0.0037919296264648447,
836,331382.950963635,-0.04379,0.339519,0.397515,0.016466,-0.034741,-0.043168,-0.11539999999999988,-0.07994999999999808,0.015999999999999348,-0.11519999999999994,-0.09604999999999995,0.010699999999999946,-0.038338661193847656,0.3431367874145508,0.3755626678466797,0.01277923583984375,-0.03108978271484375,-0.039483070373535156,-0.10109901428222656,-0.09230804443359375,0.0043964385986328125,-0.07692337036132812,-0.27472686767578125,-0.010990142822265625,-0.732308349609375,-0.1579475402832031,7.3374389648437495,1.3847560119628906,-0.06150364685058594,-0.07268576049804687,0.005451338806152346,0.003617787414550766,-0.02195233215332032,-0.0036867641601562515,0.003651217285156251,0.003684929626464842,
837,331382.960963088,-0.044942999999999865,0.33872000000000013,0.397675,0.01531500000000013,-0.035700999999999886,-0.043061000000000016,-0.11520000000000005,-0.07985000000000075,0.015950000000000707,-0.11500000000000012,-0.09589999999999985,0.010699999999999946,-0.039101600646972656,0.3427553176879883,0.3755626678466797,0.01239776611328125,-0.032235145568847656,-0.039483070373535156,-0.10109901428222656,-0.07472610473632812,-0.0043964385986328125,-0.07692337036132812,-0.16483688354492188,-0.010990142822265625,-0.732308349609375,0.21538436889648435,7.050254821777343,1.358663604736328,-0.03913861083984375,-0.06895838928222656,0.005841399353027209,0.004035317687988149,-0.022112332153320313,-0.0029172338867188806,0.0034658544311522294,0.0035779296264648597,
838,331382.97096289,-0.046094000000000135,0.3379219999999999,0.397834,0.01416599999999987,-0.03665900000000011,-0.042953999999999985,-0.11495000000000011,-0.07965000000000051,0.015899999999999248,-0.11474999999999999,-0.09565000000000023,0.01065000000000022,-0.039864540100097656,0.3419923782348633,0.3759441375732422,0.01201629638671875,-0.033379554748535156,-0.039483070373535156,-0.10988998413085938,-0.09230804443359375,0.0043964385986328125,-0.07692337036132812,-0.20878982543945312,-0.03296661376953125,-0.6748715209960936,0.043077621459960934,7.423586730957029,1.3400267486572266,-0.03913861083984375,-0.07268576049804687,0.006229459899902479,0.004070378234863392,-0.021889862426757833,-0.0021497036132811197,0.003279445251464952,0.003470929626464829,
839,331382.981011098,-0.047242,0.337127,0.397993,0.01302,-0.037614,-0.042848,-0.11454999999999972,-0.07935000000000025,0.015899999999999248,-0.11434999999999995,-0.09530000000000025,0.010599999999999846,-0.041008949279785156,0.3412294387817383,0.3759441375732422,0.01087188720703125,-0.034142494201660156,-0.039483070373535156,-0.10988998413085938,-0.07472610473632812,0.03956031799316406,-0.1868133544921875,-0.03296661376953125,-0.010990142822265625,-0.5312831878662109,0.1579475402832031,7.653334045410156,1.3512088623046874,-0.046593353271484374,-0.06895838928222656,0.006233050720214843,0.004102438781738271,-0.022048862426757798,-0.0021481127929687503,0.0034715057983398454,0.003364929626464841,
840,331382.990967568,-0.048385,0.336335,0.398152,0.011879,-0.038565,-0.042742,-0.11404999999999992,-0.07904999999999995,0.015850000000000586,-0.11384999999999998,-0.09489999999999985,0.010599999999999846,-0.042534828186035156,0.3400850296020508,0.3767070770263672,0.00934600830078125,-0.034905433654785156,-0.039483070373535156,-0.16263771057128906,-0.07472610473632812,0.048351287841796875,-0.23077011108398438,-0.14285659790039062,-0.010990142822265625,-0.7897451782226562,0.07179603576660155,6.964099578857421,1.3922107543945312,-0.06150364685058594,-0.06895838928222656,0.005850171813964841,0.003750029602050786,-0.02144492297363282,-0.0025329916992187507,0.003659566345214846,0.003258929626464846,
841,331383.000967931,-0.049523,0.335546,0.39831,0.010743,-0.039512,-0.042636,-0.11345000000000001,-0.07864999999999955,0.015750000000000486,-0.11330000000000003,-0.09440000000000004,0.010550000000000143,-0.044060707092285156,0.3397035598754883,0.3770885467529297,0.00782012939453125,-0.036049842834472656,-0.039483070373535156,-0.10109901428222656,-0.0659332275390625,0.03956031799316406,-0.16483688354492188,-0.16483688354492188,-0.03296661376953125,-0.646153106689453,-0.043077621459960934,7.251283721923826,1.4071210479736327,-0.06895838928222656,-0.06895838928222656,0.005462292907714841,0.00415755987548827,-0.02122145324707031,-0.002922870605468751,0.0034621571655273423,0.003152929626464844,
842,331383.010968117,-0.050654,0.334762,0.398467,0.009613,-0.040453,-0.042531,-0.11275,-0.07815000000000183,0.015650000000000386,-0.11255000000000007,-0.09380000000000013,0.010450000000000043,-0.044823646545410156,0.3389406204223633,0.3774700164794922,0.00705718994140625,-0.037194252014160156,-0.039483070373535156,-0.07472610473632812,-0.03956031799316406,0.03956031799316406,-0.16483688354492188,-0.1868133544921875,-0.010990142822265625,-1.0194887542724609,0.01435920715332031,7.3374389648437495,1.3810286407470702,-0.05777546691894531,-0.06523101806640624,0.005830353454589841,0.004178620422363277,-0.020996983520507828,-0.00255581005859375,0.0032587479858398466,0.003047929626464843,
843,331383.020965878,-0.051778,0.333983,0.398623,0.008492,-0.041388,-0.042427,-0.1119000000000002,-0.07755000000000123,0.015550000000000286,-0.1117,-0.09309999999999978,0.010399999999999993,-0.045586585998535156,0.3385591506958008,0.3782329559326172,0.00629425048828125,-0.037575721740722656,-0.039483070373535156,-0.07472610473632812,-0.0659332275390625,0.10109901428222656,-0.16483688354492188,-0.07692337036132812,0.010990142822265625,-0.9046150970458983,-0.01435920715332031,7.107691650390623,1.3735738983154298,-0.06523101806640624,-0.06523101806640624,0.006191414001464841,0.004576150695800807,-0.020390044067382818,-0.0021977495117187495,0.003812278259277345,0.002943929626464843,
844,331383.030966875,-0.052892,0.333211,0.398778,0.007379,-0.042315,-0.042323,-0.11090000000000023,-0.07684999999999775,0.015399999999998748,-0.11075,-0.09230000000000002,0.010349999999999943,-0.046349525451660156,0.3381776809692383,0.3786144256591797,0.00514984130859375,-0.037957191467285156,-0.039483070373535156,-0.07472610473632812,-0.048351287841796875,0.05714225769042969,-0.1868133544921875,-0.09889984130859375,-0.010990142822265625,-1.134358673095703,0.2728211975097656,7.078973236083983,1.3847560119628906,-0.09877816772460937,-0.06150364685058594,0.006542474548339845,0.004966680969238302,-0.020163574340820334,-0.00222915869140625,0.004357808532714842,0.0028399296264648433,
845,331383.040972851,-0.05399599999999988,0.33244600000000013,0.398931,0.0062770000000001245,-0.0432339999999999,-0.042220000000000014,-0.10974999999999996,-0.07609999999999849,0.01519999999999857,-0.10965000000000015,-0.09135000000000028,0.010200000000000174,-0.047112464904785156,0.3377962112426758,0.3797588348388672,0.00438690185546875,-0.038720130920410156,-0.039101600646972656,-0.127471923828125,-0.048351287841796875,0.10988998413085938,-0.120880126953125,-0.09889984130859375,0.010990142822265625,-0.4738463592529296,-0.07179603576660155,6.964099578857421,1.3773012695312499,-0.10996028137207031,-0.06523101806640624,0.006883535095214721,0.005350211242675651,-0.019172165161132793,-0.0018900981445313745,0.004513869079589741,0.003118399353027358,
846,331383.05096612,-0.05508700000000012,0.3316889999999999,0.399082,0.0051859999999998765,-0.044142000000000105,-0.04211899999999998,-0.1084999999999998,-0.07525000000000162,0.015049999999999798,-0.10839999999999982,-0.09029999999999967,0.01010000000000006,-0.049401283264160156,0.3370332717895508,0.3805217742919922,0.00286102294921875,-0.039101600646972656,-0.039101600646972656,-0.3208789825439453,-0.05714225769042969,0.0659332275390625,-0.23077011108398438,-0.07692337036132812,-0.03296661376953125,-0.3876911163330078,-0.33025802612304683,7.222565307617186,1.3698465270996094,-0.11741502380371094,-0.06523101806640624,0.005685716735839966,0.005344271789550881,-0.018560225708007805,-0.0023249770507811265,0.0050403993530274485,0.0030173993530273266,
847,331383.060966688,-0.056166000000000126,0.3309409999999999,0.399232,0.004108999999999878,-0.0450400000000001,-0.042017999999999986,-0.10715000000000015,-0.07429999999999926,0.014849999999999539,-0.10699999999999983,-0.0891999999999999,0.009999999999999907,-0.051308631896972656,0.3366518020629883,0.3812847137451172,0.00209808349609375,-0.039483070373535156,-0.039101600646972656,-0.14505577087402344,-0.0659332275390625,0.0659332275390625,-0.14285659790039062,-0.0549468994140625,-0.010990142822265625,-0.646153106689453,-0.07179603576660155,7.280002136230468,1.3661183471679688,-0.1323253173828125,-0.06150364685058594,0.004857368103027469,0.005710802062988407,-0.01794728625488279,-0.0020109165039061284,0.0055569296264649445,0.0029163993530273297,
848,331383.070962507,-0.05723,0.330203,0.399379,0.003046,-0.045926,-0.041919,-0.10560000000000014,-0.0732499999999997,0.014600000000000724,-0.1055,-0.08795000000000018,0.009850000000000136,-0.052071571350097656,0.3358888626098633,0.3820476531982422,0.00095367431640625,-0.041008949279785156,-0.039101600646972656,-0.09230804443359375,-0.0659332275390625,0.07472610473632812,-0.20878982543945312,-0.25274658203125,0.010990142822265625,-0.7897451782226562,0.043077621459960934,7.222565307617186,1.3623909759521484,-0.10996028137207031,-0.05777546691894531,0.005158428649902347,0.005685862609863257,-0.017331346801757797,-0.00209232568359375,0.004917050720214845,0.0028173993530273417,
849,331383.080995992,-0.058278,0.329476,0.399524,0.001999,-0.046799,-0.041821,-0.10394999999999988,-0.07209999999999994,0.014450000000001961,-0.10384999999999998,-0.08654999999999982,0.009699999999999986,-0.052834510803222656,0.3351259231567383,0.3828105926513672,-0.00019073486328125,-0.042153358459472656,-0.039101600646972656,-0.0659332275390625,-0.10109901428222656,0.07472610473632812,-0.1868133544921875,-0.120880126953125,-0.010990142822265625,-0.5887162780761718,0.1292291259765625,6.992817993164062,1.3810286407470702,-0.07641313171386718,-0.05777546691894531,0.005443489196777347,0.00564992315673829,-0.016713407348632803,-0.00218973486328125,0.004645641540527344,0.002719399353027341,
850,331383.090963909,-0.059309,0.328761,0.399668,0.000969,-0.047657,-0.041725,-0.10219999999999986,-0.07085000000000008,0.014200000000000323,-0.1021,-0.08505000000000006,0.009499999999999786,-0.053597450256347656,0.3336000442504883,0.3839550018310547,-0.00133514404296875,-0.042916297912597656,-0.039101600646972656,-0.07472610473632812,-0.11868095397949219,0.08351707458496094,-0.1868133544921875,-0.09889984130859375,0.010990142822265625,-1.0194887542724609,-0.1866659545898437,6.935381164550781,1.3773012695312499,-0.09877816772460937,-0.05777546691894531,0.005711549743652344,0.004839044250488256,-0.015712998168945336,-0.0023041440429687502,0.004740702087402342,0.002623399353027342,
851,331383.100997602,-0.060322,0.328059,0.399808,-4.3e-05,-0.0485,-0.041631,-0.10030000000000004,-0.06955000000000156,0.013900000000000023,-0.10019999999999998,-0.08345000000000019,0.009349999999999983,-0.054360389709472656,0.3324556350708008,0.3843364715576172,-0.00209808349609375,-0.043297767639160156,-0.039101600646972656,-0.15384674072265625,-0.11868095397949219,0.048351287841796875,-0.14285659790039062,-0.14285659790039062,0.010990142822265625,-0.646153106689453,0.33025802612304683,6.7343597412109375,1.3661183471679688,-0.10623291015625,-0.05777546691894531,0.005961610290527344,0.004396635070800792,-0.01547152844238281,-0.00205508349609375,0.005202232360839845,0.002529399353027345,
852,331383.110994817,-0.061315,0.32737,0.399946,-0.001035,-0.049326,-0.041538,-0.09825000000000007,-0.06815000000000015,0.013650000000001161,-0.09814999999999999,-0.08174999999999988,0.00920000000000018,-0.055886268615722656,0.3313112258911133,0.3847179412841797,-0.00247955322265625,-0.043679237365722656,-0.039101600646972656,-0.1362628936767578,-0.11868095397949219,0.021978378295898438,-0.120880126953125,-0.07692337036132812,-0.03296661376953125,-0.41640953063964836,0.33025802612304683,6.7343597412109375,1.3400267486572266,-0.13605268859863281,-0.054048095703125,0.005428731384277345,0.003941225891113287,-0.015228058715820336,-0.00144455322265625,0.0056467626342773455,0.0024363993530273423,
853,331383.120966399,-0.06228699999999989,0.32669600000000004,0.400081,-0.0020059999999998907,-0.05013499999999991,-0.041447000000000005,-0.09605000000000025,-0.06664999999999882,0.013299999999999479,-0.0959500000000003,-0.07995000000000005,0.008949999999999975,-0.057412147521972656,0.3305482864379883,0.3850994110107422,-0.00286102294921875,-0.044442176818847656,-0.039101600646972656,-0.10109901428222656,-0.09230804443359375,0.013187408447265625,-0.0549468994140625,-0.120880126953125,-0.010990142822265625,-0.5887162780761718,0.1866659545898437,6.87795181274414,1.3176617126464842,-0.1323253173828125,-0.054048095703125,0.004874852478027235,0.0038522864379882393,-0.014981588989257832,-0.0008550229492188593,0.0056928231811522526,0.0023453993530273484,
854,331383.130964153,-0.06323599999999989,0.3260370000000001,0.400212,-0.0029539999999998938,-0.05092499999999991,-0.04135900000000001,-0.09369999999999998,-0.06499999999999863,0.012949999999997708,-0.0936000000000003,-0.07800000000000018,0.008700000000000038,-0.058175086975097656,0.3294038772583008,0.3850994110107422,-0.00324249267578125,-0.045968055725097656,-0.039101600646972656,-0.05714225769042969,-0.10109901428222656,-0.021978378295898438,-0.03296661376953125,-0.27472686767578125,-0.010990142822265625,-0.9046150970458983,0.10051445007324217,6.533330841064452,1.2878419342041014,-0.10996028137207031,-0.054048095703125,0.005060913024902233,0.0033668772583007045,-0.015112588989257825,-0.0002884926757813562,0.004956944274902252,0.0022573993530273506,
855,331383.14096318,-0.06416100000000009,0.32539599999999996,0.40034,-0.0038780000000001036,-0.05169500000000008,-0.04127299999999999,-0.09129999999999948,-0.0633000000000021,0.01265000000000014,-0.09119999999999978,-0.07594999999999975,0.008499999999999817,-0.058556556701660156,0.3286409378051758,0.3850994110107422,-0.00362396240234375,-0.046730995178222656,-0.039101600646972656,-0.048351287841796875,-0.08351707458496094,-0.0043964385986328125,-0.0549468994140625,-0.120880126953125,-0.03296661376953125,-1.3353838348388671,0.10051445007324217,6.820514984130859,1.272931640625,-0.07641313171386718,-0.05032072448730469,0.005604443298339937,0.003244937805175818,-0.015240588989257786,0.0002540375976563536,0.004964004821777425,0.002171399353027334,
856,331383.150961025,-0.065062,0.324771,0.400465,-0.004778,-0.052444,-0.041189,-0.08874999999999994,-0.06155000000000188,0.012300000000001199,-0.08864999999999999,-0.07380000000000025,0.008249999999999924,-0.059319496154785156,0.3274965286254883,0.3854808807373047,-0.00400543212890625,-0.047493934631347656,-0.039101600646972656,-0.03956031799316406,-0.09230804443359375,0.013187408447265625,-0.07692337036132812,-0.120880126953125,0.010990142822265625,-1.0194887542724609,0.3589727020263671,6.791796569824218,1.261749526977539,-0.09132342529296875,-0.046593353271484374,0.005742503845214839,0.002725528625488305,-0.014984119262695328,0.0007725678710937501,0.004950065368652341,0.002087399353027347,
857,331383.160966147,-0.065936,0.324165,0.400586,-0.005651,-0.053171,-0.041108,-0.08605000000000002,-0.05964999999999998,0.011899999999998023,-0.08595,-0.07160000000000014,0.008000000000000021,-0.059700965881347656,0.3267335891723633,0.3854808807373047,-0.00476837158203125,-0.047875404357910156,-0.039101600646972656,-0.03956031799316406,-0.08351707458496094,0.013187408447265625,-0.120880126953125,-0.0549468994140625,-0.03296661376953125,-0.4738463592529296,0.4738463592529296,6.791796569824218,1.280387191772461,-0.12487057495117188,-0.046593353271484374,0.006235034118652338,0.0025685891723633003,-0.01510511926269531,0.0008826284179687498,0.005295595642089847,0.0020063993530273425,
858,331383.170964999,-0.066783,0.323578,0.400703,-0.006497,-0.053876,-0.041029,-0.08319999999999994,-0.05764999999999798,0.011549999999999061,-0.08315000000000002,-0.06924999999999987,0.007799999999999821,-0.060082435607910156,0.3259706497192383,0.3858623504638672,-0.00553131103515625,-0.048638343811035156,-0.039101600646972656,-0.10988998413085938,-0.048351287841796875,0.013187408447265625,-0.14285659790039062,-0.16483688354492188,-0.010990142822265625,-1.2779470062255858,0.24410278320312498,6.6769229125976555,1.2915693054199218,-0.1323253173828125,-0.05032072448730469,0.006700564392089839,0.0023926497192383045,-0.014840649536132788,0.0009656889648437502,0.005237656188964844,0.0019273993530273467,
859,331383.180962287,-0.0676,0.323012,0.400817,-0.007314,-0.054556,-0.040952,-0.08020000000000041,-0.055600000000000094,0.011150000000001437,-0.08014999999999997,-0.06675000000000014,0.007500000000000215,-0.061226844787597656,0.3252077102661133,0.3858623504638672,-0.00629425048828125,-0.049401283264160156,-0.039101600646972656,-0.1362628936767578,-0.05714225769042969,0.013187408447265625,-0.16483688354492188,-0.16483688354492188,-0.010990142822265625,-0.5887162780761718,0.33025802612304683,6.992817993164062,1.2915693054199218,-0.09505079650878906,-0.05032072448730469,0.006373155212402337,0.00219571026611326,-0.014954649536132791,0.0010197495117187502,0.005154716735839844,0.001850399353027346,
860,331383.190994179,-0.068387,0.322466,0.400926,-0.0081,-0.055211,-0.040879,-0.07715000000000014,-0.05350000000000077,0.010700000000002374,-0.07705,-0.06420000000000002,0.007150000000000212,-0.06275272369384766,0.3248262405395508,0.3858623504638672,-0.00667572021484375,-0.050164222717285156,-0.039101600646972656,-0.15384674072265625,-0.05714225769042969,-0.0043964385986328125,-0.120880126953125,-0.16483688354492188,-0.03296661376953125,-0.5025647735595702,0.1579475402832031,6.992817993164062,1.2878419342041014,-0.08386787414550781,-0.04286598205566406,0.005634276306152347,0.0023602405395508064,-0.015063649536132817,0.0014242797851562496,0.005046777282714847,0.0017773993530273424,
861,331383.200963871,-0.069143,0.321942,0.401031,-0.008855,-0.05584,-0.040809,-0.07404999999999981,-0.05135000000000001,0.010250000000000536,-0.07400000000000002,-0.0616499999999999,0.006899999999999962,-0.06427860260009766,0.3244447708129883,0.3858623504638672,-0.00782012939453125,-0.051308631896972656,-0.039101600646972656,-0.1362628936767578,-0.03076934814453125,-0.0043964385986328125,-0.14285659790039062,-0.09889984130859375,-0.010990142822265625,-0.5887162780761718,0.41640953063964836,6.159998931884765,1.2915693054199218,-0.08386787414550781,-0.04286598205566406,0.00486439739990234,0.0025027708129882753,-0.015168649536132839,0.00103487060546875,0.0045313681030273445,0.0017073993530273418,
862,331383.210965626,-0.06986799999999992,0.32143900000000003,0.401131,-0.009579999999999918,-0.05644399999999993,-0.040741000000000006,-0.07110000000000061,-0.04929999999999956,0.009849999999997373,-0.07105000000000034,-0.059200000000000134,0.006650000000000104,-0.06504154205322266,0.3240633010864258,0.3858623504638672,-0.00896453857421875,-0.052071571350097656,-0.038720130920410156,-0.048351287841796875,-0.03956031799316406,-0.013187408447265625,-0.16483688354492188,-0.120880126953125,-0.010990142822265625,-0.6748715209960936,0.01435920715332031,6.992817993164062,1.3102069702148438,-0.09132342529296875,-0.04286598205566406,0.00482645794677726,0.002624301086425751,-0.015268649536132828,0.0006154614257811684,0.0043724286499022755,0.00202086907958985,
863,331383.22099407,-0.07056500000000009,0.32095599999999996,0.401228,-0.010276000000000078,-0.05702400000000006,-0.04067599999999999,-0.06835000000000002,-0.04739999999999724,0.009499999999998354,-0.06824999999999966,-0.05689999999999974,0.0063500000000000605,-0.06542301177978516,0.3236818313598633,0.3858623504638672,-0.00972747802734375,-0.053978919982910156,-0.038720130920410156,-0.03076934814453125,-0.021978378295898438,0.0043964385986328125,-0.14285659790039062,-0.27472686767578125,-0.010990142822265625,-0.8471782684326171,0.3589727020263671,6.705641326904296,1.3213890838623046,-0.05777546691894531,-0.04286598205566406,0.00514198822021493,0.0027258313598633177,-0.015365649536132786,0.0005485219726563285,0.0030450800170899045,0.0019558690795898337,
864,331383.230993796,-0.071235,0.320491,0.401321,-0.010945,-0.057582,-0.040614,-0.06574999999999984,-0.045600000000001195,0.009100000000000774,-0.06565,-0.05474999999999994,0.0060999999999998555,-0.06580448150634766,0.3233003616333008,0.3858623504638672,-0.01087188720703125,-0.054360389709472656,-0.039101600646972656,-0.05714225769042969,-0.03956031799316406,-0.03956031799316406,-0.14285659790039062,-0.07692337036132812,-0.03296661376953125,-0.732308349609375,0.10051445007324217,6.964099578857421,1.3139343414306641,-0.046593353271484374,-0.04286598205566406,0.00543051849365235,0.0028093616333007554,-0.015458649536132796,7.311279296874987e-05,0.003221610290527345,0.001512399353027341,
865,331383.241004847,-0.07188,0.320044,0.40141,-0.011589,-0.058119,-0.040554,-0.06329999999999947,-0.04390000000000227,0.008800000000000474,-0.06319999999999998,-0.05269999999999997,0.0059000000000000025,-0.06618595123291016,0.3229188919067383,0.3858623504638672,-0.01163482666015625,-0.055123329162597656,-0.038720130920410156,-0.07472610473632812,-0.03956031799316406,0.0043964385986328125,-0.16483688354492188,-0.16483688354492188,0.010990142822265625,-0.5025647735595702,-0.01435920715332031,6.6769229125976555,1.3325711975097656,-0.05032072448730469,-0.04286598205566406,0.005694048767089843,0.002874891906738286,-0.015547649536132802,-4.582666015624966e-05,0.002995670837402341,0.0018338690795898435,
866,331383.250995069,-0.072501,0.319613,0.401497,-0.012209,-0.058636,-0.040496,-0.06099999999999994,-0.04230000000000067,0.008500000000000174,-0.06090000000000002,-0.0507500000000001,0.005700000000000149,-0.06694889068603516,0.3225374221801758,0.3858623504638672,-0.01277923583984375,-0.055123329162597656,-0.038720130920410156,-0.07472610473632812,-0.048351287841796875,-0.013187408447265625,-0.14285659790039062,-0.0549468994140625,-0.010990142822265625,-0.5025647735595702,0.1579475402832031,6.705641326904296,1.336298568725586,-0.07268576049804687,-0.04286598205566406,0.00555210931396484,0.002924422180175801,-0.015634649536132805,-0.0005702358398437506,0.0035126708374023444,0.001775869079589841,
867,331383.260996135,-0.0731,0.319198,0.40158,-0.012807,-0.059134,-0.04044,-0.058849999999999875,-0.04079999999999917,0.008150000000001212,-0.0588,-0.048950000000000035,0.005499999999999949,-0.06733036041259766,0.3221559524536133,0.3858623504638672,-0.01354217529296875,-0.055504798889160156,-0.039101600646972656,-0.03956031799316406,-0.03956031799316406,0.021978378295898438,-0.1868133544921875,-0.07692337036132812,-0.010990142822265625,-0.732308349609375,0.3876911163330078,6.6769229125976555,1.347481491088867,-0.0801405029296875,-0.03913861083984375,0.005769639587402342,0.0029579524536132995,-0.015717649536132805,-0.0007351752929687493,0.003629201110839843,0.0013383993530273405,
868,331383.270995358,-0.073678,0.318797,0.40166,-0.013385,-0.059615,-0.040386,-0.056849999999999956,-0.03944999999999921,0.007850000000000912,-0.05679999999999999,-0.04730000000000012,0.005299999999999749,-0.06809329986572266,0.3217744827270508,0.3858623504638672,-0.01430511474609375,-0.056649208068847656,-0.038720130920410156,-0.03956031799316406,-0.05714225769042969,-0.021978378295898438,-0.120880126953125,-0.120880126953125,-0.010990142822265625,-0.933333511352539,-0.1866659545898437,7.509741973876952,1.3512088623046874,-0.06150364685058594,-0.04286598205566406,0.005584700134277337,0.002977482727050784,-0.01579764953613283,-0.0009201147460937507,0.002965791931152345,0.001665869079589842,
869,331383.280995529,-0.074237,0.318409,0.401737,-0.013943,-0.06008,-0.040334,-0.05500000000000019,-0.03815000000000068,0.007599999999999274,-0.05495000000000005,-0.04580000000000001,0.005149999999999946,-0.06847476959228516,0.3217744827270508,0.3858623504638672,-0.01544952392578125,-0.057030677795410156,-0.038720130920410156,-0.07472610473632812,-0.03076934814453125,0.0043964385986328125,-0.16483688354492188,-0.120880126953125,-0.0549468994140625,-1.048203430175781,0.7035899353027343,6.87795181274414,1.3549362335205077,-0.054048095703125,-0.03913861083984375,0.005762230407714841,0.0033654827270507837,-0.015874649536132823,-0.0015065239257812495,0.003049322204589845,0.0016138690795898455,
870,331383.290993295,-0.07477799999999994,0.31803400000000004,0.401812,-0.01448399999999994,-0.06053099999999995,-0.040283000000000006,-0.053350000000000064,-0.03694999999999958,0.0073999999999990965,-0.05330000000000013,-0.044400000000000155,0.0049500000000001505,-0.06885623931884766,0.3210115432739258,0.3858623504638672,-0.01621246337890625,-0.057412147521972656,-0.038720130920410156,-0.021978378295898438,-0.0659332275390625,0.0043964385986328125,-0.16483688354492188,-0.03296661376953125,0.010990142822265625,-0.646153106689453,0.043077621459960934,7.021536407470702,1.3661183471679688,-0.06150364685058594,-0.03913861083984375,0.0059217606811522855,0.0029775432739257424,-0.015949649536132815,-0.0017284633789063104,0.0031188524780272966,0.00156286907958985,
871,331383.300995314,-0.07530400000000005,0.31766999999999995,0.401885,-0.015009000000000059,-0.06096800000000005,-0.04023499999999999,-0.05184999999999961,-0.03594999999999838,0.007199999999998851,-0.05179999999999985,-0.04314999999999966,0.004799999999999966,-0.06923770904541016,0.3202486038208008,0.3858623504638672,-0.01697540283203125,-0.057412147521972656,-0.038720130920410156,0.0043964385986328125,-0.10988998413085938,0.013187408447265625,-0.14285659790039062,-0.03296661376953125,-0.010990142822265625,-0.7610267639160155,-0.1579475402832031,6.964099578857421,1.3773012695312499,-0.0801405029296875,-0.03913861083984375,0.006066290954589895,0.002578603820800829,-0.016022649536132805,-0.0019664028320311912,0.0035558524780273937,0.0015148690795898367,
872,331383.310997447,-0.07581500000000005,0.31731499999999996,0.401956,-0.015520000000000058,-0.061394000000000046,-0.040186999999999994,-0.050500000000000406,-0.03505000000000024,0.007000000000001415,-0.050449999999999884,-0.04204999999999992,0.004699999999999797,-0.06961917877197266,0.3194856643676758,0.3858623504638672,-0.01773834228515625,-0.057793617248535156,-0.038720130920410156,-0.03956031799316406,-0.0659332275390625,0.0043964385986328125,-0.09889984130859375,-0.0549468994140625,-0.03296661376953125,-0.7897451782226562,0.24410278320312498,7.165128479003905,1.3623909759521484,-0.09505079650878906,-0.035411239624023434,0.006195821228027393,0.002170664367675823,-0.016093649536132792,-0.002218342285156192,0.0036003827514648895,0.0014668690795898373,
873,331383.320999486,-0.076314,0.316969,0.402025,-0.016018,-0.061809,-0.040141,-0.04930000000000004,-0.034200000000000896,0.006849999999999912,-0.0492499999999999,-0.041050000000000114,0.00460000000000009,-0.07000064849853516,0.3191041946411133,0.3858623504638672,-0.01811981201171875,-0.058175086975097656,-0.038720130920410156,-0.07472610473632812,-0.05714225769042969,0.03076934814453125,-0.14285659790039062,-0.09889984130859375,-0.03296661376953125,-0.933333511352539,0.01435920715332031,7.078973236083983,1.3623909759521484,-0.09505079650878906,-0.035411239624023434,0.006313351501464851,0.0021351946411132805,-0.016162649536132834,-0.002101812011718749,0.0036339130249023466,0.0014208690795898468,
874,331383.330995009,-0.076801,0.316631,0.402093,-0.016505,-0.062215,-0.040095,-0.04829999999999973,-0.033500000000000196,0.006699999999998374,-0.04819999999999998,-0.04019999999999996,0.00449999999999999,-0.07038211822509766,0.3183412551879883,0.3858623504638672,-0.01888275146484375,-0.058556556701660156,-0.038720130920410156,-0.03076934814453125,-0.05714225769042969,-0.013187408447265625,-0.09889984130859375,-0.0549468994140625,0.010990142822265625,-0.8471782684326171,0.3015396118164062,6.791796569824218,1.3623909759521484,-0.08759524536132812,-0.03168386840820312,0.006418881774902338,0.0017102551879882855,-0.01623064953613279,-0.002377751464843751,0.0036584432983398432,0.0013748690795898424,
875,331383.340999815,-0.07728,0.316299,0.402159,-0.016982,-0.062613,-0.040051,-0.04745000000000027,-0.032899999999999596,0.006550000000002387,-0.047349999999999996,-0.03945000000000025,0.00439999999999989,-0.07076358795166016,0.3179597854614258,0.3858623504638672,-0.01926422119140625,-0.058938026428222656,-0.038720130920410156,-0.013187408447265625,-0.0659332275390625,-0.0043964385986328125,-0.0549468994140625,-0.07692337036132812,-0.010990142822265625,-0.6748715209960936,0.4738463592529296,6.90667022705078,1.358663604736328,-0.08386787414550781,-0.03168386840820312,0.006516412048339845,0.0016607854614257844,-0.0162966495361328,-0.0022822211914062494,0.0036749735717773457,0.001330869079589847,
876,331383.350998595,-0.07775,0.315973,0.402224,-0.017452,-0.063004,-0.040007,-0.046700000000000214,-0.032399999999999096,0.006449999999999512,-0.04664999999999999,-0.038849999999999996,0.004350000000000187,-0.07114505767822266,0.3171968460083008,0.3858623504638672,-0.01964569091796875,-0.059700965881347656,-0.038720130920410156,-0.0659332275390625,-0.05714225769042969,-0.0043964385986328125,-0.0549468994140625,-0.07692337036132812,-0.03296661376953125,-0.33025802612304683,0.3876911163330078,6.791796569824218,1.347481491088867,-0.07641313171386718,-0.03168386840820312,0.006604942321777343,0.0012238460083007774,-0.01636164953613284,-0.0021936909179687512,0.003303034118652348,0.0012868690795898446,
877,331383.360964258,-0.078214,0.315651,0.402288,-0.017915,-0.06339,-0.039964,-0.04615000000000036,-0.03200000000000147,0.006399999999998074,-0.046100000000000134,-0.038399999999999546,0.004300000000000137,-0.07152652740478516,0.3168153762817383,0.3858623504638672,-0.01964569091796875,-0.060463905334472656,-0.038720130920410156,-0.03956031799316406,-0.03076934814453125,0.013187408447265625,-0.0549468994140625,-0.14285659790039062,-0.010990142822265625,-0.5025647735595702,0.41640953063964836,6.791796569824218,1.343754119873047,-0.06523101806640624,-0.03168386840820312,0.0066874725952148495,0.0011643762817382663,-0.01642564953613279,-0.0017306909179687496,0.0029260946655273457,0.0012438690795898433,
878,331383.370996894,-0.07867299999999995,0.31533300000000003,0.402352,-0.01837399999999995,-0.06377199999999995,-0.039921000000000005,-0.04574999999999997,-0.03170000000000117,0.0064000000000008495,-0.045699999999999956,-0.03809999999999994,0.004300000000000137,-0.07228946685791016,0.3168153762817383,0.3858623504638672,-0.02002716064453125,-0.061226844787597656,-0.038720130920410156,-0.0659332275390625,-0.013187408447265625,0.021978378295898438,-0.0549468994140625,-0.07692337036132812,-0.010990142822265625,-0.10051445007324217,0.3015396118164062,6.992817993164062,1.3400267486572266,-0.046593353271484374,-0.03168386840820312,0.006383533142089795,0.0014823762817382513,-0.0164896495361328,-0.0016531606445313006,0.0025451552124022975,0.0012008690795898488,
879,331383.380997228,-0.07912899999999995,0.31501700000000005,0.402416,-0.018828999999999946,-0.06415199999999996,-0.039878000000000004,-0.04554999999999975,-0.031549999999999634,0.006349999999999434,-0.045449999999999977,-0.037900000000000454,0.004249999999999763,-0.07267093658447266,0.3168153762817383,0.3858623504638672,-0.02079010009765625,-0.061226844787597656,-0.038720130920410156,-0.07472610473632812,-0.013187408447265625,0.0043964385986328125,-0.07692337036132812,-0.03296661376953125,-0.0549468994140625,-0.933333511352539,0.5025647735595702,6.90667022705078,1.343754119873047,-0.06523101806640624,-0.03168386840820312,0.006458063415527293,0.0017983762817382343,-0.01655364953613281,-0.0019611000976563035,0.002925155212402303,0.0011578690795898475,
880,331383.390998319,-0.079584,0.314702,0.402479,-0.019283,-0.06453,-0.039836,-0.04549999999999971,-0.03150000000000097,0.006299999999997974,-0.0454000000000003,-0.03780000000000033,0.004199999999999343,-0.07343387603759766,0.3168153762817383,0.3862438201904297,-0.02117156982421875,-0.061226844787597656,-0.038720130920410156,-0.07472610473632812,0.013187408447265625,0.013187408447265625,-0.0549468994140625,-0.03296661376953125,-0.010990142822265625,-0.3876911163330078,0.2728211975097656,6.90667022705078,1.3512088623046874,-0.08386787414550781,-0.03168386840820312,0.006150123962402346,0.0021133762817382995,-0.016235179809570288,-0.0018885698242187485,0.0033031552124023478,0.001115869079589847,
