sample_index,sent_monotonic_s,q_cmd_1,q_cmd_2,q_cmd_3,q_cmd_4,q_cmd_5,q_cmd_6,dq_cmd_1,dq_cmd_2,dq_cmd_3,dq_cmd_4,dq_cmd_5,dq_cmd_6,q_meas_1,q_meas_2,q_meas_3,q_meas_4,q_meas_5,q_meas_6,dq_meas_1,dq_meas_2,dq_meas_3,dq_meas_4,dq_meas_5,dq_meas_6,tau_meas_1,tau_meas_2,tau_meas_3,tau_meas_4,tau_meas_5,tau_meas_6,q_error_1,q_error_2,q_error_3,q_error_4,q_error_5,q_error_6,fault_flags
0,331421.155184858,0.07875,0.384375,0.346875,-0.05625,0.07875,0.05625,-0.008199999999999874,-0.001000000000001,-0.005699999999997374,0.005900000000000349,-0.007500000000000562,0.0014000000000000123,0.08068180084228516,0.3843364715576172,0.3355073928833008,-0.06504154205322266,0.07534122467041016,0.055123329162597656,-0.0043964385986328125,-0.0043964385986328125,-0.048351287841796875,0.010990142822265625,-0.010990142822265625,0.010990142822265625,-0.33025802612304683,0.21538436889648435,6.361027832031249,1.5301275329589843,0.05777546691894531,0.0018640899658203124,0.0019318008422851557,-3.8528442382834704e-05,-0.011367607116699208,-0.008791542053222655,-0.0034087753295898443,-0.0011266708374023451,
1,331421.165061414,0.078668,0.384365,0.346818,-0.056191,0.078675,0.056264,-0.012600000000000111,-0.0015500000000001624,-0.008800000000000474,0.00905000000000003,-0.011499999999999705,0.0021500000000000685,0.08068180084228516,0.3843364715576172,0.3351259231567383,-0.06542301177978516,0.07534122467041016,0.055123329162597656,0.0043964385986328125,-0.0043964385986328125,0.0043964385986328125,-0.0549468994140625,-0.03296661376953125,0.010990142822265625,-0.33025802612304683,0.2728211975097656,5.786667022705077,1.4332134552001952,0.05032072448730469,0.0018640899658203124,0.0020138008422851544,-2.8528442382824704e-05,-0.011692076843261734,-0.009232011779785158,-0.0033337753295898387,-0.0011406708374023453,
2,331421.17518683,0.078498,0.384344,0.346699,-0.056069,0.07852,0.056293,-0.02590000000000023,-0.0032500000000018625,-0.01815000000000011,0.018549999999999817,-0.02360000000000001,0.00434999999999984,0.08068180084228516,0.3843364715576172,0.3351259231567383,-0.06580448150634766,0.07495975494384766,0.055123329162597656,-0.021978378295898438,-0.0043964385986328125,-0.0043964385986328125,-0.010990142822265625,-0.03296661376953125,-0.010990142822265625,-0.4738463592529296,0.10051445007324217,5.786667022705077,1.4033936767578126,0.020500946044921874,-0.005591461181640625,0.002183800842285158,-7.528442382831457e-06,-0.011573076843261698,-0.009735481506347655,-0.00356024505615235,-0.0011696708374023465,
3,331421.18506448,0.07815,0.3843,0.346455,-0.05582,0.078203,0.056351,-0.048100000000000226,-0.006000000000000449,-0.03369999999999762,0.034450000000000106,-0.04380000000000009,0.008049999999999724,0.08068180084228516,0.3843364715576172,0.3351259231567383,-0.06580448150634766,0.07495975494384766,0.055123329162597656,-0.021978378295898438,-0.021978378295898438,-0.0043964385986328125,-0.0549468994140625,-0.0549468994140625,-0.010990142822265625,-0.646153106689453,0.41640953063964836,5.786667022705077,1.4481229400634765,0.009318832397460937,-0.0018640899658203124,0.002531800842285159,3.647155761721255e-05,-0.011329076843261732,-0.009984481506347655,-0.0032432450561523385,-0.001227670837402342,
4,331421.195060731,0.077536,0.384224,0.346025,-0.05538,0.077644,0.056454,-0.07915000000000005,-0.00984999999999736,-0.055399999999999894,0.0567500000000002,-0.07204999999999989,0.013300000000000117,0.08068180084228516,0.3843364715576172,0.3351259231567383,-0.06618595123291016,0.07495975494384766,0.055123329162597656,-0.0043964385986328125,-0.013187408447265625,-0.013187408447265625,-0.03296661376953125,-0.03296661376953125,0.010990142822265625,-0.4738463592529296,0.07179603576660155,5.786667022705077,1.5152172393798828,-0.005591461181640625,0.0018640899658203124,0.0031458008422851624,0.00011247155761717753,-0.010899076843261746,-0.010805951232910158,-0.0026842450561523484,-0.001330670837402341,
5,331421.205059925,0.076567,0.384103,0.345347,-0.054685,0.076762,0.056617,-0.1182499999999996,-0.014749999999999486,-0.08275000000000088,0.0847500000000001,-0.1076500000000001,0.019900000000000126,0.08030033111572266,0.3843364715576172,0.3351259231567383,-0.06580448150634766,0.07457828521728516,0.055123329162597656,-0.03076934814453125,-0.013187408447265625,0.0043964385986328125,0.010990142822265625,-0.0549468994140625,0.010990142822265625,-0.7897451782226562,-0.2728211975097656,5.8441038513183585,1.5487651977539063,-0.01677357482910156,0.005591461181640625,0.00373333111572266,0.00023347155761715976,-0.010221076843261734,-0.011119481506347659,-0.0021837147827148407,-0.0014936708374023444,
6,331421.21507375,0.075171,0.383929,0.34437,-0.053685,0.075491,0.056852,-0.1612499999999996,-0.020100000000000673,-0.11285000000000045,0.11549999999999998,-0.14684999999999976,0.02715000000000009,0.07991886138916016,0.3843364715576172,0.3351259231567383,-0.06580448150634766,0.07419681549072266,0.055123329162597656,-0.03076934814453125,-0.0043964385986328125,0.0043964385986328125,0.03296661376953125,-0.09889984130859375,-0.010990142822265625,-0.7897451782226562,0.3015396118164062,5.470771942138671,1.5860397186279296,-0.035411239624023434,0.01304620361328125,0.0047478613891601545,0.00040747155761716725,-0.009244076843261728,-0.01211948150634766,-0.0012941845092773463,-0.0017286708374023435,
7,331421.225068844,0.073342,0.383701,0.34309,-0.052375,0.073825,0.05716,-0.20395,-0.025400000000000426,-0.14274999999999985,0.14609999999999973,-0.18574999999999983,0.034299999999999956,0.07915592193603516,0.3843364715576172,0.3351259231567383,-0.06542301177978516,0.07343387603759766,0.055123329162597656,-0.10988998413085938,-0.0043964385986328125,-0.048351287841796875,0.0549468994140625,-0.09889984130859375,-0.03296661376953125,-0.9046150970458983,0.10051445007324217,5.815385437011718,1.612132125854492,-0.046593353271484374,0.01677357482910156,0.005813921936035152,0.0006354715576171732,-0.007964076843261725,-0.013048011779785158,-0.0003911239624023455,-0.0020366708374023462,
8,331421.235051599,0.071092,0.383421,0.341515,-0.050763,0.071776,0.057538,-0.24554999999999993,-0.03060000000000007,-0.17185000000000117,0.17595000000000005,-0.2236000000000002,0.04124999999999997,0.07839298248291016,0.3843364715576172,0.3347444534301758,-0.06466007232666016,0.07228946685791016,0.055123329162597656,-0.127471923828125,-0.0043964385986328125,-0.021978378295898438,0.09889984130859375,-0.20878982543945312,-0.010990142822265625,-1.0769218444824218,-0.1579475402832031,5.183587799072265,1.6419519042968749,-0.054048095703125,0.024228317260742187,0.007300982482910154,0.0009154715576171757,-0.006770546569824232,-0.013897072326660154,0.0005134668579101498,-0.0024146708374023426,
9,331421.245012672,0.068431,0.383089,0.339653,-0.048856,0.069353,0.057985,-0.28610000000000024,-0.03565000000000096,-0.20020000000000038,0.20505,-0.26055000000000034,0.048100000000000226,0.07648563385009766,0.3839550018310547,0.3347444534301758,-0.06313419342041016,0.06961917877197266,0.055504798889160156,-0.2681312561035156,-0.013187408447265625,-0.03076934814453125,0.20878982543945312,-0.2967033386230469,-0.010990142822265625,-0.646153106689453,0.07179603576660155,5.8441038513183585,1.6456792755126952,-0.035411239624023434,0.0279556884765625,0.00805463385009765,0.0008660018310546747,-0.0049085465698242015,-0.01427819342041016,0.00026617877197265827,-0.0024802011108398456,
10,331421.255017902,0.06537,0.382708,0.337511,-0.046662,0.066565,0.0585,-0.32515000000000044,-0.04045000000000021,-0.2275499999999986,0.23304999999999992,-0.29614999999999986,0.05469999999999989,0.07381534576416016,0.3839550018310547,0.3343629837036133,-0.061608314514160156,0.06656742095947266,0.055504798889160156,-0.21538543701171875,-0.021978378295898438,-0.0659332275390625,0.20878982543945312,-0.47252655029296875,-0.010990142822265625,-1.0194887542724609,-0.1866659545898437,5.241024627685546,1.6456792755126952,-0.005591461181640625,0.03168386840820312,0.008445345764160159,0.0012470018310546949,-0.003148016296386724,-0.014946314514160154,2.4209594726570804e-06,-0.002995201110839847,
11,331421.265011675,0.061928,0.38228,0.335102,-0.044195,0.06343,0.059079,-0.3608999999999998,-0.04494999999999916,-0.2525500000000014,0.2586500000000002,-0.3286999999999998,0.06069999999999999,0.07114505767822266,0.3839550018310547,0.3336000442504883,-0.059319496154785156,0.06351566314697266,0.055504798889160156,-0.2417583465576172,-0.03956031799316406,-0.0659332275390625,0.2967033386230469,-0.47252655029296875,-0.010990142822265625,-1.3928206634521483,0.1579475402832031,5.097432556152343,1.6382245330810545,0.01677357482910156,0.03913861083984375,0.00921705767822266,0.0016750018310546788,-0.0015019557495117297,-0.015124496154785158,8.566314697265598e-05,-0.0035742011108398433,
12,331421.275007927,0.058152,0.381809,0.33246,-0.041489,0.059991,0.059714,-0.39159999999999995,-0.04880000000000162,-0.27399999999999924,0.28059999999999996,-0.3566,0.06584999999999994,0.06809329986572266,0.3835735321044922,0.3328371047973633,-0.057412147521972656,0.060845375061035156,0.055886268615722656,-0.3296699523925781,-0.03076934814453125,-0.0659332275390625,0.25274658203125,-0.5164833068847656,0.0549468994140625,-1.134358673095703,0.10051445007324217,4.896411132812499,1.6494066467285156,0.03168386840820312,0.05032072448730469,0.009941299865722654,0.001764532104492178,0.0003771047973633035,-0.015923147521972658,0.0008543750610351536,-0.003827731384277347,
13,331421.285015028,0.054096,0.381304,0.329622,-0.038583,0.056298,0.060396,-0.4167500000000001,-0.05189999999999917,-0.29164999999999885,0.2985999999999999,-0.37949999999999995,0.07009999999999968,0.06389713287353516,0.3831920623779297,0.3320741653442383,-0.054741859436035156,0.057030677795410156,0.055886268615722656,-0.47912025451660156,-0.03956031799316406,-0.09230804443359375,0.4285697937011719,-0.40659332275390625,0.010990142822265625,-0.6748715209960936,0.1579475402832031,4.637945404052734,1.6382245330810545,0.0279556884765625,0.05777546691894531,0.009801132873535158,0.0018880623779297112,0.002452165344238255,-0.016158859436035157,0.0007326777954101554,-0.004509731384277342,
14,331421.295010172,0.04981699999999999,0.380771,0.326627,-0.03551699999999999,0.052400999999999996,0.061116,-0.4363499999999999,-0.054349999999997456,-0.3054500000000016,0.31270000000000014,-0.39740000000000025,0.0734000000000002,0.059319496154785156,0.3828105926513672,0.3309297561645508,-0.050927162170410156,0.053597450256347656,0.056267738342285156,-0.39999961853027344,-0.021978378295898438,-0.15384674072265625,0.5164833068847656,-0.5164833068847656,0.0549468994140625,-1.2779470062255858,0.1292291259765625,4.810255889892577,1.5860397186279296,0.020500946044921874,0.06895838928222656,0.009502496154785163,0.0020395926513671614,0.004302756164550781,-0.015410162170410163,0.00119645025634766,-0.0048482616577148405,
15,331421.305009382,0.045369,0.380217,0.323513,-0.032329,0.04835,0.061864,-0.45045000000000013,-0.056200000000000694,-0.31535000000000035,0.3228,-0.41025000000000017,0.07570000000000042,0.055504798889160156,0.3824291229248047,0.3294038772583008,-0.047493934631347656,0.050927162170410156,0.056267738342285156,-0.47912025451660156,-0.0659332275390625,-0.1890106201171875,0.626373291015625,-0.4945068359375,0.010990142822265625,-0.7897451782226562,0.1579475402832031,4.95384796142578,1.526400161743164,0.01677357482910156,0.07268576049804687,0.010135798889160157,0.0022121229248046603,0.005890877258300786,-0.01516493463134766,0.002577162170410159,-0.005596261657714846,
16,331421.315008514,0.040808,0.379647,0.32032,-0.029061,0.044196,0.06263,-0.4584499999999998,-0.057250000000000356,-0.32099999999999906,0.3284999999999998,-0.41754999999999987,0.07705000000000004,0.050164222717285156,0.3820476531982422,0.3271150588989258,-0.041390419006347656,0.047112464904785156,0.056649208068847656,-0.6197795867919922,-0.03956031799316406,-0.28571510314941406,0.8241767883300781,-0.6043968200683594,0.03296661376953125,-0.8471782684326171,0.07179603576660155,4.724100646972656,1.4071210479736327,0.009318832397460937,0.07641313171386718,0.00935622271728516,0.0024006531982421753,0.006795058898925788,-0.012329419006347656,0.002916464904785157,-0.005980791931152349,
17,331421.32500788,0.0362,0.379072,0.317093,-0.025759,0.039999,0.063405,-0.4599499999999999,-0.057350000000000456,-0.32200000000000006,0.32954999999999995,-0.4188500000000001,0.07729999999999959,0.045586585998535156,0.3812847137451172,0.3244447708129883,-0.036812782287597656,0.044060707092285156,0.057030677795410156,-0.39999961853027344,-0.08351707458496094,-0.3208789825439453,0.6703300476074219,-0.47252655029296875,0.0549468994140625,-1.134358673095703,0.01435920715332031,5.126150970458983,1.3698465270996094,-0.005591461181640625,0.07268576049804687,0.009386585998535153,0.0022127137451171675,0.0073517708129882675,-0.011053782287597656,0.004061707092285156,-0.006374322204589847,
18,331421.335015149,0.031609,0.3785,0.31388,-0.02247,0.035819,0.064176,-0.45480000000000015,-0.056649999999999756,-0.3182500000000005,0.3258500000000001,-0.4141499999999999,0.07645000000000013,0.039483070373535156,0.3801403045654297,0.3213930130004883,-0.031853675842285156,0.042153358459472656,0.057793617248535156,-0.4879112243652344,-0.09230804443359375,-0.28571510314941406,0.6923065185546875,-0.2967033386230469,0.07692337036132812,-0.7610267639160155,0.10051445007324217,4.724100646972656,1.336298568725586,-0.0801405029296875,0.07268576049804687,0.007874070373535158,0.0016403045654296844,0.007513013000488289,-0.009383675842285156,0.00633435845947266,-0.006382382751464841,
19,331421.34501182,0.027104,0.377939,0.310728,-0.019242,0.031716,0.064934,-0.44294999999999995,-0.05505000000000093,-0.3098500000000004,0.31745,-0.40339999999999976,0.07455000000000031,0.034905433654785156,0.3793773651123047,0.3187227249145508,-0.02803802490234375,0.038720130920410156,0.059319496154785156,-0.3912086486816406,-0.09230804443359375,-0.3296699523925781,0.5384597778320312,-0.47252655029296875,0.27472686767578125,-0.9620519256591795,0.4738463592529296,4.9825663757324214,1.336298568725586,-0.09505079650878906,0.05032072448730469,0.007801433654785157,0.0014383651123046626,0.007994724914550777,-0.008796024902343751,0.007004130920410155,-0.005614503845214849,
20,331421.355009363,0.02275,0.377399,0.307683,-0.016121,0.027751,0.065667,-0.42465,-0.05259999999999987,-0.29689999999999994,0.3043999999999999,-0.3867500000000001,0.07154999999999939,0.02994537353515625,0.3786144256591797,0.3156709671020508,-0.02574920654296875,0.036431312561035156,0.060082435607910156,-0.46153831481933594,-0.0659332275390625,-0.28571510314941406,0.34066009521484375,-0.4285697937011719,0.0549468994140625,-0.7035899353027343,0.4738463592529296,4.896411132812499,1.410848419189453,-0.12114320373535156,0.04286598205566406,0.007195373535156251,0.001215425659179703,0.007987967102050797,-0.00962820654296875,0.008680312561035155,-0.005584564392089847,
21,331421.36500871,0.018611,0.376887,0.30479,-0.013154,0.023981,0.066365,-0.4006,-0.049499999999999544,-0.27994999999999826,0.28714999999999996,-0.36485000000000006,0.0674999999999995,0.02460479736328125,0.3778514862060547,0.3130006790161133,-0.02307891845703125,0.032235145568847656,0.060463905334472656,-0.5230770111083984,-0.0659332275390625,-0.2593402862548828,0.3186798095703125,-0.6043968200683594,0.0549468994140625,0.1292291259765625,1.191795501708984,4.9825663757324214,1.4555776824951172,-0.10623291015625,0.054048095703125,0.005993797363281251,0.00096448620605466,0.008210679016113276,-0.00992491845703125,0.008254145568847657,-0.005901094665527337,
22,331421.375013492,0.014738,0.376409,0.302084,-0.010378,0.020454,0.067017,-0.37154999999999994,-0.04595000000000016,-0.2597000000000016,0.26635,-0.3384,0.0625500000000001,0.02117156982421875,0.3774700164794922,0.3103303909301758,-0.02079010009765625,0.02956390380859375,0.060463905334472656,-0.3560447692871094,-0.048351287841796875,-0.28571510314941406,0.3846168518066406,-0.5164833068847656,0.010990142822265625,-0.10051445007324217,0.21538436889648435,5.126150970458983,1.4481229400634765,-0.08759524536132812,0.06895838928222656,0.006433569824218751,0.001061016479492194,0.008246390930175762,-0.01041210009765625,0.00910990380859375,-0.006553094665527337,
23,331421.385008665,0.01118,0.375968,0.299596,-0.007827,0.017213,0.067616,-0.33769999999999994,-0.04210000000000047,-0.23635000000000184,0.24205,-0.30755,0.0568000000000006,0.01659393310546875,0.3770885467529297,0.3068971633911133,-0.01850128173828125,0.02689361572265625,0.061226844787597656,-0.5318679809570312,-0.03076934814453125,-0.2945060729980469,0.3186798095703125,-0.4285697937011719,0.120880126953125,-0.07179603576660155,0.4738463592529296,4.896411132812499,1.4406681976318358,-0.10623291015625,0.06895838928222656,0.005413933105468749,0.001120546752929663,0.007301163391113308,-0.01067428173828125,0.00968061572265625,-0.006389155212402339,
24,331421.395007904,0.007984,0.375567,0.297357,-0.005537,0.014303,0.068153,-0.29905000000000004,-0.03775000000000028,-0.20979999999999888,0.21415,-0.2723,0.050100000000000144,0.01239776611328125,0.3767070770263672,0.3038454055786133,-0.01583099365234375,0.02422332763671875,0.06313419342041016,-0.373626708984375,0.03076934814453125,-0.2593402862548828,0.3626365661621094,-0.3846168518066406,0.20878982543945312,0.33025802612304683,-0.01435920715332031,4.925129547119139,1.4406681976318358,-0.10623291015625,0.046593353271484374,0.00441376611328125,0.0011400770263672033,0.006488405578613299,-0.01029399365234375,0.00992032763671875,-0.005018806579589849,
25,331421.405013241,0.005199,0.375213,0.2954,-0.003544,0.011767,0.068618,-0.25615,-0.03304999999999836,-0.18044999999999867,0.1833,-0.23324999999999996,0.04264999999999963,0.00934600830078125,0.3767070770263672,0.3007936477661133,-0.01468658447265625,0.02269744873046875,0.06427860260009766,-0.2945060729980469,-0.021978378295898438,-0.2417583465576172,0.14285659790039062,-0.34066009521484375,0.16483688354492188,-0.1579475402832031,0.1579475402832031,5.384616699218749,1.4704879760742187,-0.13978005981445313,0.01304620361328125,0.00414700830078125,0.0014940770263671688,0.005393647766113285,-0.01114258447265625,0.01093044873046875,-0.004339397399902342,
26,331421.415013961,0.002861,0.374906,0.293748,-0.001871,0.009638,0.069006,-0.21259999999999998,-0.028000000000000247,-0.1503499999999991,0.15205,-0.19360000000000002,0.035249999999999865,0.00629425048828125,0.3767070770263672,0.2981233596801758,-0.01277923583984375,0.01964569091796875,0.06504154205322266,-0.2681312561035156,0.013187408447265625,-0.23296737670898438,0.2967033386230469,-0.2967033386230469,0.07692337036132812,-0.1579475402832031,-0.4738463592529296,5.2123062133789055,1.4928530120849608,-0.13605268859863281,0.01304620361328125,0.00343325048828125,0.0018010770263671705,0.004375359680175772,-0.01090823583984375,0.01000769091796875,-0.003964457946777342,
27,331421.42500791,0.000947,0.374653,0.292393,-0.000503,0.007895,0.069323,-0.17185,-0.022550000000001735,-0.12149999999999939,0.12290000000000001,-0.15655000000000005,0.028500000000000053,0.00438690185546875,0.3767070770263672,0.2954530715942383,-0.01277923583984375,0.01659393310546875,0.06542301177978516,-0.17142868041992188,-0.021978378295898438,-0.2681312561035156,-0.010990142822265625,-0.4945068359375,0.07692337036132812,0.043077621459960934,-0.9620519256591795,6.131280517578125,1.537582275390625,-0.09505079650878906,0.020500946044921874,0.00343990185546875,0.0020540770263671737,0.0030600715942382672,-0.01227623583984375,0.00869893310546875,-0.0038999882202148395,
28,331421.435009055,-0.0005760000000000048,0.374455,0.291318,0.0005870000000000034,0.006506999999999995,0.069576,-0.13454999999999986,-0.016800000000000127,-0.09419999999999974,0.0963999999999999,-0.12254999999999983,0.022600000000000377,0.00286102294921875,0.3767070770263672,0.2931642532348633,-0.01239776611328125,0.01583099365234375,0.06618595123291016,-0.14505577087402344,0.03076934814453125,-0.2593402862548828,-0.010990142822265625,-0.120880126953125,0.14285659790039062,-0.3876911163330078,0.1579475402832031,5.269743041992187,1.5972218322753906,-0.10623291015625,0.009318832397460937,0.003437022949218755,0.002252077026367205,0.0018462532348632599,-0.012984766113281254,0.009323993652343755,-0.0033900487670898427,
29,331421.445008087,-0.0017439999999999964,0.374317,0.290509,0.0014249999999999974,0.0054440000000000035,0.069775,-0.1007500000000001,-0.010649999999998185,-0.06850000000000198,0.07255000000000007,-0.09175000000000008,0.017650000000000318,0.00133514404296875,0.3770885467529297,0.2908754348754883,-0.01239776611328125,0.01468658447265625,0.06694889068603516,-0.16263771057128906,0.021978378295898438,-0.17142868041992188,0.010990142822265625,-0.1868133544921875,0.07692337036132812,-0.01435920715332031,0.3015396118164062,5.8441038513183585,1.6195868682861327,-0.1546903533935547,0.0018640899658203124,0.0030791440429687464,0.0027715467529296767,0.00036643487548826403,-0.013822766113281247,0.009242584472656246,-0.0028261093139648474,
30,331421.455012633,-0.002591,0.374242,0.289948,0.002038,0.004672,0.069929,-0.07039999999999999,-0.004500000000001725,-0.04485000000000183,0.05135000000000001,-0.0641,0.013349999999999473,0.00019073486328125,0.3770885467529297,0.2893495559692383,-0.01239776611328125,0.01392364501953125,0.06733036041259766,-0.10109901428222656,-0.021978378295898438,-0.1890106201171875,-0.010990142822265625,-0.20878982543945312,0.03296661376953125,0.043077621459960934,-0.1866659545898437,5.958977508544922,1.6307689819335938,-0.14350743103027344,0.005591461181640625,0.00278173486328125,0.0028465467529296684,-0.0005984440307617023,-0.01443576611328125,0.009251645019531251,-0.002598639587402349,
31,331421.465023666,-0.003152,0.374227,0.289612,0.002452,0.004162,0.070042,-0.043399999999999994,-0.00010000000000010001,-0.024849999999998484,0.032300000000000016,-0.03949999999999999,0.009199999999999486,-0.00019073486328125,0.3770885467529297,0.2878236770629883,-0.01239776611328125,0.01239776611328125,0.06694889068603516,-0.048351287841796875,-0.0043964385986328125,-0.20659255981445312,-0.010990142822265625,-0.27472686767578125,-0.010990142822265625,0.1579475402832031,0.445127944946289,6.159998931884765,1.6419519042968749,-0.10996028137207031,0.01677357482910156,0.00296126513671875,0.002861546752929711,-0.0017883229370116993,-0.01484976611328125,0.008235766113281251,-0.003093109313964837,
32,331421.475052742,-0.003459,0.37424,0.289451,0.002684,0.003882,0.070113,-0.019800000000000005,0.001000000000001,-0.010249999999997761,0.01494999999999999,-0.01804999999999999,0.004600000000000437,-0.00057220458984375,0.3770885467529297,0.2859163284301758,-0.01239776611328125,0.01049041748046875,0.06733036041259766,-0.0043964385986328125,-0.0043964385986328125,-0.1362628936767578,0.010990142822265625,-0.20878982543945312,0.010990142822265625,-0.1866659545898437,-0.1579475402832031,6.504612426757811,1.6382245330810545,-0.06150364685058594,0.024228317260742187,0.00288679541015625,0.0028485467529296704,-0.0035346715698242326,-0.01508176611328125,0.00660841748046875,-0.0027826395874023385,
33,331421.485054765,-0.003548,0.374247,0.289407,0.002751,0.003801,0.070134,0.00039999999999998804,-0.0015500000000001624,-0.0014000000000014001,-0.0006499999999999995,0.00039999999999998804,-0.0007000000000000062,-0.00057220458984375,0.3770885467529297,0.2847719192504883,-0.01239776611328125,0.01010894775390625,0.06694889068603516,-0.03076934814453125,-0.0043964385986328125,-0.08351707458496094,-0.03296661376953125,-0.07692337036132812,-0.03296661376953125,-0.1866659545898437,-0.1866659545898437,6.102562103271484,1.6494066467285156,-0.07268576049804687,0.024228317260742187,0.00297579541015625,0.002841546752929691,-0.004635080749511744,-0.01514876611328125,0.0063079477539062494,-0.0031851093139648456,
34,331421.495054964,-0.003451,0.374209,0.289423,0.002671,0.00389,0.070099,0.017350000000000004,-0.007850000000000912,0.0016999999999989246,-0.014600000000000007,0.015799999999999995,-0.006500000000000256,-0.00057220458984375,0.3770885467529297,0.2840089797973633,-0.01316070556640625,0.00972747802734375,0.06733036041259766,-0.03076934814453125,-0.013187408447265625,-0.09230804443359375,-0.07692337036132812,-0.0549468994140625,-0.010990142822265625,-0.5025647735595702,-0.1866659545898437,6.332309417724608,1.6717716827392577,-0.09132342529296875,0.024228317260742187,0.00287879541015625,0.0028795467529296737,-0.005414020202636705,-0.01583170556640625,0.005837478027343751,-0.0027686395874023384,
35,331421.505061132,-0.003201,0.37409,0.289441,0.002459,0.004117,0.070004,0.031800000000000016,-0.01784999999999981,-0.0005000000000005,-0.027550000000000012,0.028950000000000004,-0.013149999999999967,-0.00057220458984375,0.3770885467529297,0.2832460403442383,-0.01316070556640625,0.00972747802734375,0.06733036041259766,0.013187408447265625,-0.0043964385986328125,-0.03956031799316406,-0.03296661376953125,-0.03296661376953125,0.010990142822265625,-0.1866659545898437,-0.01435920715332031,6.361027832031249,1.6680443115234374,-0.10250553894042969,0.024228317260742187,0.00262879541015625,0.0029985467529297094,-0.006194959655761723,-0.01561970556640625,0.00561047802734375,-0.0026736395874023405,
36,331421.515009432,-0.002815,0.373852,0.289413,0.00212,0.004469,0.069836,0.04805,-0.031799999999998496,-0.005700000000000149,-0.04259999999999999,0.0438,-0.02165000000000014,-0.00057220458984375,0.3774700164794922,0.2832460403442383,-0.01392364501953125,0.00896453857421875,0.06733036041259766,-0.0043964385986328125,0.03956031799316406,-0.0043964385986328125,-0.07692337036132812,-0.0549468994140625,-0.010990142822265625,-0.4738463592529296,-0.2728211975097656,6.90667022705078,1.675499053955078,-0.0801405029296875,0.020500946044921874,0.00224279541015625,0.00361801647949217,-0.006166959655761695,-0.01604364501953125,0.00449553857421875,-0.002505639587402339,
37,331421.52500756,-0.00224,0.373454,0.289327,0.001607,0.004993,0.069571,0.0705,-0.049799999999999844,-0.011599999999997723,-0.06319999999999999,0.0643,-0.032799999999999496,-0.00019073486328125,0.3778514862060547,0.2828645706176758,-0.01354217529296875,0.00858306884765625,0.06694889068603516,-0.0043964385986328125,0.03956031799316406,-0.0043964385986328125,0.010990142822265625,-0.07692337036132812,-0.0549468994140625,-0.01435920715332031,-0.1292291259765625,6.045125274658202,1.6419519042968749,-0.04286598205566406,0.01677357482910156,0.00204926513671875,0.004397486206054679,-0.00646242938232422,-0.01514917529296875,0.00359006884765625,-0.0026221093139648377,
38,331421.535007624,-0.001405,0.372856,0.289181,0.000856,0.005755,0.06918,0.10004999999999999,-0.07185000000000108,-0.017800000000001148,-0.08994999999999999,0.0912,-0.04699999999999982,-0.00019073486328125,0.3782329559326172,0.2828645706176758,-0.01392364501953125,0.00858306884765625,0.06733036041259766,0.0043964385986328125,0.03076934814453125,-0.0043964385986328125,-0.010990142822265625,-0.010990142822265625,-0.010990142822265625,0.6174346923828123,-0.9046150970458983,6.533330841064452,1.6046765747070313,-0.024228317260742187,0.009318832397460937,0.00121426513671875,0.005376955932617167,-0.00631642938232424,-0.014779645019531249,0.0028280688476562503,-0.0018496395874023491,
39,331421.545058887,-0.000239,0.372017,0.288971,-0.000192,0.006817,0.068631,0.13665,-0.0980500000000023,-0.024200000000001998,-0.12285,0.12455000000000001,-0.06425000000000042,-0.00019073486328125,0.3782329559326172,0.2828645706176758,-0.01354217529296875,0.00820159912109375,0.06694889068603516,-0.0043964385986328125,-0.021978378295898438,-0.0043964385986328125,0.010990142822265625,-0.03296661376953125,-0.03296661376953125,-0.043077621459960934,-0.6748715209960936,5.90154067993164,1.559947311401367,-0.005591461181640625,-0.0018640899658203124,4.826513671875001e-05,0.006215955932617201,-0.006106429382324197,-0.01335017529296875,0.0013845991210937499,-0.0016821093139648413,
40,331421.55504207,0.001328,0.370895,0.288697,-0.001601,0.008246,0.067895,0.17945,-0.12780000000000014,-0.03080000000000027,-0.16115000000000002,0.16354999999999997,-0.08400000000000005,0.00019073486328125,0.3778514862060547,0.2832460403442383,-0.01354217529296875,0.00858306884765625,0.06694889068603516,0.021978378295898438,-0.03956031799316406,-0.0043964385986328125,0.010990142822265625,0.03296661376953125,-0.03296661376953125,1.048203430175781,-0.7610267639160155,6.246154174804686,1.5077624969482422,0.020500946044921874,-0.009318832397460937,-0.00113726513671875,0.006956486206054713,-0.0054509596557617,-0.01194117529296875,0.00033706884765625014,-0.0009461093139648408,
41,331421.565041175,0.00335,0.369461,0.288355,-0.003415,0.010088,0.066951,0.22404999999999997,-0.15854999999999897,-0.037399999999998546,-0.20095,0.20420000000000005,-0.10444999999999968,0.00057220458984375,0.3770885467529297,0.2832460403442383,-0.01354217529296875,0.00972747802734375,0.06694889068603516,0.03956031799316406,-0.10988998413085938,-0.0043964385986328125,0.010990142822265625,0.14285659790039062,-0.03296661376953125,0.445127944946289,-0.732308349609375,6.0164068603515615,1.4593058624267579,0.035411239624023434,-0.020500946044921874,-0.00277779541015625,0.007627546752929704,-0.005108959655761691,-0.01012717529296875,-0.00036052197265624975,-2.109313964840376e-06,
42,331421.575013862,0.005809,0.367724,0.287949,-0.00562,0.01233,0.065806,0.26609999999999995,-0.18765000000000032,-0.043699999999999295,-0.23855000000000004,0.24254999999999996,-0.12384999999999965,0.00133514404296875,0.3755626678466797,0.2832460403442383,-0.01392364501953125,0.01125335693359375,0.06656742095947266,0.09230804443359375,-0.14505577087402344,-0.0043964385986328125,-0.0549468994140625,0.23077011108398438,-0.03296661376953125,0.2728211975097656,-0.3876911163330078,5.90154067993164,1.4145757904052734,0.035411239624023434,-0.03913861083984375,-0.00447385595703125,0.007838667846679692,-0.004702959655761729,-0.00830364501953125,-0.0010766430664062507,0.0007614209594726529,
43,331421.585008725,0.008672,0.365708,0.287481,-0.008186,0.014939,0.064474,0.30474999999999997,-0.21454999999999946,-0.049699999999999744,-0.2731,0.27779999999999994,-0.1417500000000002,0.00286102294921875,0.3740367889404297,0.2832460403442383,-0.01430511474609375,0.01239776611328125,0.06656742095947266,0.1802196502685547,-0.21538543701171875,-0.0043964385986328125,-0.09889984130859375,0.1868133544921875,-0.03296661376953125,0.9620519256591795,-0.9620519256591795,5.585638122558593,1.3773012695312499,0.046593353271484374,-0.06523101806640624,-0.005810977050781249,0.00832878894042971,-0.004234959655761705,-0.006119114746093749,-0.002541233886718749,0.0020934209594726527,
44,331421.595011157,0.011904,0.363433,0.286955,-0.011082,0.017886,0.062971,0.34,-0.23929999999999785,-0.055399999999999894,-0.30465,0.30995000000000006,-0.15810000000000024,0.00514984130859375,0.3717479705810547,0.2832460403442383,-0.01544952392578125,0.01544952392578125,0.06618595123291016,0.22417640686035156,-0.28571510314941406,-0.0043964385986328125,-0.16483688354492188,0.3186798095703125,-0.0549468994140625,1.048203430175781,-0.3876911163330078,5.499490356445311,1.3512088623046874,0.04286598205566406,-0.08759524536132812,-0.00675415869140625,0.008314970581054681,-0.0037089596557617344,-0.00436752392578125,-0.002436476074218749,0.003214951232910157,
45,331421.605011043,0.015472,0.360922,0.286373,-0.014279,0.021138,0.061312,0.3716,-0.2617000000000008,-0.06069999999999964,-0.3330499999999999,0.33875,-0.1728500000000001,0.00705718994140625,0.3690776824951172,0.2832460403442383,-0.01697540283203125,0.01811981201171875,0.06618595123291016,0.2417583465576172,-0.3032970428466797,0.0043964385986328125,-0.2967033386230469,0.5164833068847656,-0.010990142822265625,1.1630770874023435,-0.5600016021728514,5.643074951171874,1.347481491088867,0.020500946044921874,-0.10996028137207031,-0.00841481005859375,0.008155682495117167,-0.0031269596557617074,-0.00269640283203125,-0.0030181879882812505,0.004873951232910158,
46,331421.615014836,0.019336,0.358199,0.285741,-0.017743,0.024661,0.059514,0.3985000000000001,-0.28085000000000193,-0.06529999999999869,-0.35714999999999997,0.3632999999999999,-0.1853999999999998,0.00934600830078125,0.3660259246826172,0.2832460403442383,-0.01926422119140625,0.02422332763671875,0.06542301177978516,0.22417640686035156,-0.2681312561035156,-0.021978378295898438,-0.2967033386230469,0.8021965026855469,-0.16483688354492188,2.0533329772949216,-0.8184598541259764,5.90154067993164,1.358663604736328,-0.08386787414550781,-0.11368765258789063,-0.009989991699218749,0.007826924682617198,-0.0024949596557617415,-0.0015212211914062516,-0.0004376723632812489,0.005909011779785159,
47,331421.625009765,0.023442,0.355305,0.285067,-0.021422,0.028404,0.057604,0.41965,-0.29589999999999894,-0.06895000000000095,-0.37610000000000005,0.3825,-0.19529999999999997,0.01277923583984375,0.3633556365966797,0.2832460403442383,-0.02269744873046875,0.02536773681640625,0.06504154205322266,0.3648357391357422,-0.2417583465576172,-0.0043964385986328125,-0.47252655029296875,0.3186798095703125,-0.0549468994140625,1.0769218444824218,0.445127944946289,5.815385437011718,1.388483383178711,-0.08386787414550781,-0.1285979461669922,-0.010662764160156251,0.008050636596679706,-0.0018209596557617336,-0.00127544873046875,-0.0030362631835937487,0.007437542053222654,
48,331421.635011229,0.027729,0.352281,0.284362,-0.025265,0.032311,0.055608,0.4346999999999998,-0.30665,-0.07150000000000212,-0.38969999999999994,0.3962,-0.20240000000000014,0.01697540283203125,0.3606853485107422,0.2832460403442383,-0.02574920654296875,0.02880096435546875,0.06275272369384766,0.4527473449707031,-0.2945060729980469,-0.0043964385986328125,-0.4945068359375,0.4285697937011719,-0.3186798095703125,1.1630770874023435,-0.24410278320312498,5.384616699218749,1.3922107543945312,-0.009318832397460937,-0.11368765258789063,-0.01075359716796875,0.008404348510742177,-0.0011159596557617224,-0.00048420654296875074,-0.0035100356445312494,0.0071447236938476585,
49,331421.645009014,0.032136,0.349172,0.283637,-0.029216,0.036328,0.053556,0.4436999999999998,-0.3130999999999995,-0.0730499999999995,-0.3978500000000001,0.4044499999999999,-0.2065499999999998,0.02079010009765625,0.3564891815185547,0.2832460403442383,-0.03032684326171875,0.032616615295410156,0.060845375061035156,0.3296699523925781,-0.373626708984375,-0.0043964385986328125,-0.6043968200683594,0.4945068359375,-0.3186798095703125,1.3066654205322263,0.043077621459960934,5.2123062133789055,1.4406681976318358,-0.009318832397460937,-0.09132342529296875,-0.011345899902343748,0.007317181518554705,-0.00039095965576169123,-0.001110843261718751,-0.003711384704589843,0.007289375061035157,
50,331421.655008664,0.036603,0.346019,0.282901,-0.033222,0.0404,0.051477,0.44675000000000026,-0.3152999999999989,-0.07349999999999857,-0.4005999999999999,0.4071999999999999,-0.2079499999999998,0.02536773681640625,0.3526744842529297,0.2828645706176758,-0.033761024475097656,0.035668373107910156,0.058556556701660156,0.628570556640625,-0.39999961853027344,-0.013187408447265625,-0.5824165344238281,0.4285697937011719,-0.3186798095703125,1.2492323303222654,-0.1292291259765625,5.470771942138671,1.422030532836914,-0.0018640899658203124,-0.0801405029296875,-0.011235263183593747,0.0066554842529296665,-3.642938232423232e-05,-0.0005390244750976547,-0.004731626892089842,0.007079556701660154,
51,331421.665007926,0.041071,0.342866,0.282167,-0.037228,0.044472,0.049397,0.44375000000000003,-0.3131500000000009,-0.0729499999999994,-0.39795,0.4044499999999999,-0.20665000000000022,0.03070831298828125,0.3492412567138672,0.2828645706176758,-0.037957191467285156,0.039101600646972656,0.057412147521972656,0.41758155822753906,-0.2681312561035156,-0.021978378295898438,-0.6043968200683594,0.4945068359375,-0.23077011108398438,0.4738463592529296,-0.2728211975097656,5.126150970458983,1.4555776824951172,0.01677357482910156,-0.09132342529296875,-0.010362687011718753,0.006375256713867183,0.0006975706176757801,-0.000729191467285159,-0.005370399353027341,0.008015147521972653,
52,331421.675008601,0.045478,0.339756,0.281442,-0.041181,0.048489,0.047344,0.43469999999999964,-0.3067000000000014,-0.07145000000000068,-0.38985000000000025,0.39625000000000005,-0.20240000000000014,0.035286903381347656,0.3458080291748047,0.2828645706176758,-0.041008949279785156,0.041771888732910156,0.055123329162597656,0.41758155822753906,-0.3824176788330078,-0.03076934814453125,-0.5604400634765625,0.5164833068847656,-0.3186798095703125,0.9620519256591795,-0.01435920715332031,4.95384796142578,1.4071210479736327,0.0279556884765625,-0.08759524536132812,-0.010191096618652341,0.006052029174804685,0.0014225706176757558,0.00017205072021484608,-0.006717111267089841,0.007779329162597659,
53,331421.685008232,0.049765,0.336732,0.280738,-0.045025,0.052397,0.045349,0.41965000000000025,-0.29589999999999894,-0.06890000000000229,-0.37614999999999976,0.3825500000000002,-0.19529999999999997,0.039864540100097656,0.3427553176879883,0.2824831008911133,-0.044442176818847656,0.044060707092285156,0.053597450256347656,0.5142860412597656,-0.4351654052734375,-0.013187408447265625,-0.5824165344238281,0.25274658203125,-0.27472686767578125,0.5887162780761718,-0.10051445007324217,5.470771942138671,1.4369408264160155,0.07268576049804687,-0.09132342529296875,-0.00990045989990234,0.0060233176879883055,0.0017451008911132937,0.0005828231811523463,-0.008336292907714843,0.008248450256347656,
54,331421.695008338,0.053871,0.333838,0.280064,-0.048704,0.05614,0.043438,0.3985500000000003,-0.28074999999999906,-0.06539999999999879,-0.35700000000000004,0.36330000000000007,-0.18544999999999984,0.044823646545410156,0.3385591506958008,0.2821016311645508,-0.046349525451660156,0.046349525451660156,0.051308631896972656,0.4263744354248047,-0.33846092224121094,-0.07472610473632812,-0.3626365661621094,0.3846168518066406,-0.34066009521484375,0.646153106689453,0.1292291259765625,5.442053527832031,1.3773012695312499,0.12114320373535156,-0.0801405029296875,-0.009047353454589846,0.004721150695800758,0.0020376311645508016,0.002354474548339841,-0.009790474548339846,0.007870631896972659,
55,331421.705011053,0.05773600000000003,0.331117,0.27943,-0.052165000000000024,0.05966300000000002,0.04163999999999999,0.3715999999999999,-0.26145000000000185,-0.060999999999999915,-0.33260000000000006,0.3387499999999997,-0.17279999999999995,0.049019813537597656,0.3351259231567383,0.2817201614379883,-0.049782752990722656,0.049019813537597656,0.050164222717285156,0.4351654052734375,-0.28571510314941406,-0.03076934814453125,-0.4285697937011719,0.3626365661621094,-0.1868133544921875,0.7897451782226562,0.3015396118164062,5.442053527832031,1.3512088623046874,0.13605268859863281,-0.08759524536132812,-0.008716186462402374,0.004008923156738287,0.0022901614379882695,0.0023822470092773676,-0.010643186462402365,0.008524222717285167,
56,331421.715007666,0.061303000000000024,0.328609,0.278844,-0.05535600000000002,0.06291500000000003,0.03998199999999998,0.3399499999999994,-0.23900000000000016,-0.05580000000000026,-0.3040499999999996,0.30994999999999995,-0.15805000000000008,0.053597450256347656,0.3316926956176758,0.2817201614379883,-0.052071571350097656,0.051690101623535156,0.049019813537597656,0.4967041015625,-0.33846092224121094,-0.0043964385986328125,-0.40659332275390625,0.3846168518066406,-0.16483688354492188,0.3015396118164062,0.8758966827392577,5.2123062133789055,1.343754119873047,0.12114320373535156,-0.10623291015625,-0.007705549743652368,0.003083695617675797,0.0028761614379883005,0.003284428649902367,-0.01122489837646487,0.009037813537597673,
57,331421.725007841,0.06453499999999997,0.326337,0.278314,-0.05824599999999998,0.06586199999999999,0.038479000000000006,0.3047500000000001,-0.21434999999999949,-0.050000000000000086,-0.27265000000000017,0.2778500000000006,-0.14175,0.058175086975097656,0.3282594680786133,0.2813386917114258,-0.054741859436035156,0.054360389709472656,0.047493934631347656,0.3912086486816406,-0.23296737670898438,-0.048351287841796875,-0.40659332275390625,0.23077011108398438,-0.20878982543945312,-0.2728211975097656,0.3876911163330078,5.241024627685546,1.336298568725586,0.1323253173828125,-0.10996028137207031,-0.006359913024902311,0.001922468078613293,0.0030246917114257754,0.003504140563964822,-0.011501610290527334,0.00901493463134765,
58,331421.73500729,0.06739799999999999,0.324322,0.277844,-0.06080899999999999,0.06847199999999999,0.037147000000000006,0.26610000000000067,-0.18765000000000054,-0.043699999999999344,-0.23855000000000048,0.24255000000000002,-0.12385000000000014,0.061608314514160156,0.3263521194458008,0.2809562683105469,-0.057030677795410156,0.056649208068847656,0.046730995178222656,0.33846092224121094,-0.1802196502685547,-0.05714225769042969,-0.2967033386230469,0.3186798095703125,-0.14285659790039062,0.043077621459960934,0.4738463592529296,5.126150970458983,1.3288438262939453,0.16214509582519532,-0.12487057495117188,-0.0057896854858398294,0.002030119445800782,0.003112268310546895,0.003778322204589832,-0.011822791931152335,0.00958399517822265,
59,331421.745007399,0.069857,0.322584,0.27744,-0.063017,0.070713,0.036002,0.22404999999999994,-0.15894999999999937,-0.036899999999998045,-0.20164999999999975,0.20414999999999947,-0.10450000000000008,0.06504154205322266,0.3244447708129883,0.2805747985839844,-0.059319496154785156,0.059319496154785156,0.045586585998535156,0.25054931640625,-0.20659255981445312,-0.013187408447265625,-0.3846168518066406,0.3626365661621094,-0.120880126953125,-0.01435920715332031,0.9620519256591795,5.2123062133789055,1.3288438262939453,0.12487057495117188,-0.1285979461669922,-0.004815457946777346,0.0018607708129882994,0.003134798583984355,0.0036975038452148473,-0.011393503845214842,0.009584585998535157,
60,331421.755007983,0.071879,0.321143,0.277106,-0.064842,0.072555,0.035057,0.17944999999999975,-0.12869999999999826,-0.029700000000001947,-0.16279999999999975,0.1634500000000004,-0.0840500000000001,0.06771183013916016,0.3225374221801758,0.2805747985839844,-0.061226844787597656,0.061608314514160156,0.044060707092285156,0.23296737670898438,-0.1802196502685547,-0.03076934814453125,-0.2967033386230469,0.27472686767578125,-0.25274658203125,-0.1866659545898437,0.6174346923828123,5.097432556152343,1.358663604736328,0.08759524536132812,-0.11368765258789063,-0.004167169860839842,0.0013944221801757695,0.003468798583984356,0.0036151552124023406,-0.010946685485839838,0.009003707092285158,
61,331421.765009027,0.073446,0.32001,0.276846,-0.066273,0.073982,0.034321,0.13664999999999997,-0.09919999999999929,-0.022750000000001935,-0.1251000000000002,0.12435000000000015,-0.06424999999999972,0.06923770904541016,0.3210115432739258,0.2805747985839844,-0.06313419342041016,0.06313419342041016,0.043679237365722656,0.16263771057128906,-0.22417640686035156,0.03956031799316406,-0.34066009521484375,0.23077011108398438,-0.07692337036132812,-0.01435920715332031,0.3015396118164062,3.7189748382568357,1.3735738983154298,0.10623291015625,-0.11368765258789063,-0.004208290954589841,0.0010015432739257646,0.003728798583984394,0.0031388065795898423,-0.01084780657958985,0.009358237365722659,
62,331421.775060835,0.074612,0.319159,0.276651,-0.067344,0.075042,0.033772,0.10005000000000014,-0.07275000000000198,-0.01664999999999861,-0.09170000000000011,0.09104999999999946,-0.04704999999999987,0.07038211822509766,0.3191041946411133,0.2801933288574219,-0.06466007232666016,0.06504154205322266,0.043297767639160156,0.07472610473632812,-0.11868095397949219,0.0043964385986328125,-0.23077011108398438,0.23077011108398438,-0.07692337036132812,-0.01435920715332031,0.8758966827392577,5.556919708251952,1.388483383178711,0.10996028137207031,-0.12487057495117188,-0.0042298817749023415,-5.480535888674476e-05,0.0035423288574218947,0.002683927673339845,-0.010000457946777341,0.009525767639160153,
63,331421.785053347,0.075447,0.318555,0.276513,-0.068107,0.075803,0.03338,0.07050000000000042,-0.04975000000000118,-0.011549999999999061,-0.06330000000000016,0.06429999999999977,-0.03280000000000019,0.07152652740478516,0.3183412551879883,0.2798118591308594,-0.06618595123291016,0.06618595123291016,0.043297767639160156,0.08351707458496094,-0.0659332275390625,-0.048351287841796875,-0.23077011108398438,0.16483688354492188,-0.03296661376953125,0.1579475402832031,0.445127944946289,5.298461456298828,1.3698465270996094,0.10996028137207031,-0.14723480224609375,-0.003920472595214844,-0.00021374481201169582,0.0032988591308593662,0.0019210487670898446,-0.00961704876708984,0.009917767639160156,
64,331421.795198233,0.076022,0.318164,0.27642,-0.06861,0.076328,0.033116,0.048050000000000176,-0.03029999999999977,-0.007550000000000612,-0.03980000000000025,0.04405000000000034,-0.02155000000000004,0.07228946685791016,0.3179597854614258,0.2794303894042969,-0.06694889068603516,0.06771183013916016,0.042916297912597656,0.048351287841796875,-0.048351287841796875,-0.05714225769042969,-0.120880126953125,0.20878982543945312,-0.07692337036132812,0.1292291259765625,0.1866659545898437,5.355898284912109,1.3623909759521484,0.08386787414550781,-0.14350743103027344,-0.00373253314208985,-0.00020421453857422112,0.003010389404296876,0.001661109313964848,-0.008616169860839837,0.009800297912597657,
65,331421.805010768,0.076408,0.317949,0.276362,-0.068903,0.076684,0.032949,0.031799999999999884,-0.014749999999999486,-0.004499999999998949,-0.02144999999999994,0.02945000000000031,-0.013049999999999867,0.07228946685791016,0.3179597854614258,0.2790489196777344,-0.06733036041259766,0.06923770904541016,0.042153358459472656,0.0043964385986328125,-0.021978378295898438,-0.07472610473632812,-0.09889984130859375,0.1868133544921875,-0.07692337036132812,0.01435920715332031,0.3876911163330078,5.671793365478515,1.3400267486572266,0.06895838928222656,-0.1323253173828125,-0.0041185331420898474,1.0785461425799614e-05,0.0026869196777343785,0.0015726395874023497,-0.007446290954589846,0.009204358459472657,
66,331421.815008444,0.076658,0.317869,0.27633,-0.069039,0.076917,0.032855,0.017350000000000004,-0.0048499999999979115,-0.0021500000000007624,-0.00874999999999973,0.016249999999999598,-0.0063500000000001056,0.07267093658447266,0.3175783157348633,0.2782859802246094,-0.06771183013916016,0.07076358795166016,0.041390419006347656,-0.0043964385986328125,-0.021978378295898438,-0.048351287841796875,-0.0549468994140625,0.20878982543945312,-0.16483688354492188,0.1579475402832031,0.445127944946289,5.556919708251952,1.325116455078125,0.04286598205566406,-0.10996028137207031,-0.003987063415527348,-0.0002906842651367314,0.001955980224609355,0.001327169860839847,-0.006153412048339843,0.008535419006347654,
67,331421.825008148,0.076755,0.317852,0.276319,-0.069078,0.077009,0.032822,0.00039999999999970615,-0.0024500000000010624,-0.0002500000000016378,-0.0023499999999995747,0.00025000000000025,-0.0007000000000000062,0.07267093658447266,0.3175783157348633,0.2779045104980469,-0.06809329986572266,0.07114505767822266,0.040627479553222656,-0.021978378295898438,-0.0043964385986328125,-0.03956031799316406,-0.09889984130859375,0.03296661376953125,-0.120880126953125,0.3015396118164062,0.3015396118164062,5.327179870605469,1.3213890838623046,0.03913861083984375,-0.09132342529296875,-0.0040840634155273475,-0.00027368426513674216,0.0015855104980468937,0.0009847001342773443,-0.005863942321777338,0.007805479553222659,
68,331421.835007238,0.076666,0.31782,0.276325,-0.069086,0.076922,0.032841,-0.019800000000000373,-0.007950000000001012,0.0011000000000011,-0.0023500000000002685,-0.019450000000000023,0.004200000000000037,0.07267093658447266,0.3175783157348633,0.2775230407714844,-0.06885623931884766,0.07152652740478516,0.040246009826660156,-0.021978378295898438,-0.0043964385986328125,-0.05714225769042969,-0.120880126953125,0.0549468994140625,-0.03296661376953125,0.445127944946289,0.41640953063964836,5.556919708251952,1.347481491088867,0.04286598205566406,-0.09877816772460937,-0.003995063415527342,-0.00024168426513671015,0.0011980407714843877,0.00022976068115233839,-0.005395472595214848,0.007405009826660154,
69,331421.845015813,0.076359,0.317693,0.276341,-0.069125,0.07662,0.032906,-0.04339999999999969,-0.021350000000000535,0.002000000000002,-0.008700000000000374,-0.04285000000000053,0.008399999999999727,0.07267093658447266,0.3175783157348633,0.2771415710449219,-0.06961917877197266,0.07152652740478516,0.040246009826660156,-0.0043964385986328125,-0.0043964385986328125,-0.05714225769042969,-0.120880126953125,-0.010990142822265625,-0.03296661376953125,-0.01435920715332031,-0.07179603576660155,5.040003204345703,1.3549362335205077,0.03913861083984375,-0.11368765258789063,-0.00368806341552734,-0.00011468426513672192,0.0008005710449218717,-0.0004941787719726504,-0.005093472595214837,0.0073400098266601585,
70,331421.855041862,0.075798,0.317393,0.276365,-0.06926,0.076065,0.033009,-0.07034999999999958,-0.04210000000000047,0.0025500000000011624,-0.02094999999999944,-0.06989999999999982,0.011900000000000105,0.07267093658447266,0.3175783157348633,0.2767601013183594,-0.07000064849853516,0.07152652740478516,0.040246009826660156,-0.013187408447265625,-0.021978378295898438,-0.048351287841796875,-0.0549468994140625,-0.03296661376953125,-0.010990142822265625,0.043077621459960934,0.1292291259765625,5.614356536865234,1.347481491088867,0.04286598205566406,-0.11741502380371094,-0.003127063415527348,0.00018531573486330055,0.0003951013183593477,-0.0007406484985351541,-0.0045384725952148375,0.00723700982666016,
71,331421.865013079,0.074952,0.316851,0.276392,-0.069544,0.075222,0.033144,-0.1007000000000001,-0.06729999999999792,0.002899999999997349,-0.03644999999999968,-0.1004999999999999,0.015400000000000136,0.07267093658447266,0.3175783157348633,0.2763786315917969,-0.07038211822509766,0.07152652740478516,0.040246009826660156,-0.03956031799316406,-0.021978378295898438,-0.03956031799316406,-0.120880126953125,-0.0549468994140625,-0.03296661376953125,-0.01435920715332031,0.043077621459960934,5.729230194091797,1.3512088623046874,0.03168386840820312,-0.11741502380371094,-0.0022810634155273485,0.0007273157348632875,-1.336840820315155e-05,-0.0008381182250976615,-0.003695472595214841,0.007102009826660156,
72,331421.875056666,0.073784,0.316047,0.276423,-0.069989,0.074055,0.033317,-0.13454999999999995,-0.0941499999999984,0.003449999999999287,-0.05264999999999992,-0.13454999999999995,0.019649999999999876,0.07228946685791016,0.3175783157348633,0.2759971618652344,-0.07190799713134766,0.07114505767822266,0.040246009826660156,-0.03956031799316406,-0.021978378295898438,-0.048351287841796875,-0.1868133544921875,-0.0549468994140625,0.010990142822265625,-0.1579475402832031,0.21538436889648435,5.671793365478515,1.3847560119628906,0.01304620361328125,-0.10996028137207031,-0.0014945331420898461,0.001531315734863259,-0.0004258381347655993,-0.0019189971313476606,-0.0029099423217773396,0.006929009826660157,
73,331421.88504213,0.072261,0.314968,0.276461,-0.070597,0.072531,0.033537,-0.17184999999999978,-0.12220000000000009,0.004250000000000087,-0.06900000000000031,-0.17194999999999988,0.02470000000000007,0.07190799713134766,0.3175783157348633,0.2756156921386719,-0.07267093658447266,0.07076358795166016,0.040246009826660156,-0.03956031799316406,-0.048351287841796875,-0.03076934814453125,-0.16483688354492188,-0.0549468994140625,-0.010990142822265625,-0.6748715209960936,-0.10051445007324217,5.068721618652343,1.3959381256103516,-0.020500946044921874,-0.10623291015625,-0.00035300286865234953,0.0026103157348632555,-0.0008453078613281373,-0.002073936584472663,-0.001767412048339842,0.006709009826660159,
74,331421.895044232,0.070347,0.313603,0.276508,-0.071369,0.070616,0.033811,-0.2126000000000003,-0.1513500000000001,0.005199999999999649,-0.08545000000000011,-0.2126999999999997,0.03049999999999997,0.07152652740478516,0.3168153762817383,0.2748527526855469,-0.07381534576416016,0.07038211822509766,0.040246009826660156,-0.03956031799316406,-0.09230804443359375,-0.07472610473632812,-0.16483688354492188,-0.09889984130859375,0.010990142822265625,-0.9046150970458983,0.043077621459960934,5.987695922851562,1.4033936767578126,-0.046593353271484374,-0.10250553894042969,0.0011795274047851495,0.0032123762817382606,-0.001655247314453101,-0.0024463457641601544,-0.00023388177490234197,0.0064350098266601555,
75,331421.905011273,0.068009,0.311941,0.276565,-0.072306,0.068277,0.034147,-0.25610000000000005,-0.1812000000000008,0.006350000000002187,-0.10189999999999991,-0.2562500000000002,0.03699999999999988,0.07076358795166016,0.3160524368286133,0.2740898132324219,-0.07495975494384766,0.06885623931884766,0.040246009826660156,-0.10988998413085938,-0.08351707458496094,-0.0659332275390625,-0.16483688354492188,-0.25274658203125,0.010990142822265625,-1.3353838348388671,-0.6174346923828123,6.992817993164062,1.3959381256103516,-0.06895838928222656,-0.09877816772460937,0.0027545879516601562,0.004111436828613257,-0.0024751867675781303,-0.002653754943847661,0.0005792393188476519,0.0060990098266601595,
76,331421.915055074,0.065225,0.309979,0.276635,-0.073407,0.065491,0.034551,-0.29899999999999993,-0.21010000000000195,0.007599999999999274,-0.11770000000000044,-0.29905000000000037,0.043500000000000136,0.06923770904541016,0.3152894973754883,0.2737083435058594,-0.07686710357666016,0.06694889068603516,0.040246009826660156,-0.25054931640625,-0.10109901428222656,-0.03956031799316406,-0.2967033386230469,-0.27472686767578125,0.010990142822265625,-1.1056402587890624,-0.4738463592529296,5.958977508544922,1.429486083984375,-0.07641313171386718,-0.09132342529296875,0.004012709045410151,0.005310497375488277,-0.0029266564941406448,-0.0034601035766601562,0.0014578906860351626,0.005695009826660158,
77,331421.925009263,0.062029,0.307739,0.276717,-0.07466,0.062296,0.035017,-0.33770000000000017,-0.2363000000000004,0.008700000000000374,-0.13205000000000022,-0.33764999999999973,0.04935000000000009,0.06771183013916016,0.3141450881958008,0.2733268737792969,-0.07839298248291016,0.06542301177978516,0.040246009826660156,-0.15384674072265625,-0.127471923828125,-0.03076934814453125,-0.2967033386230469,-0.2967033386230469,-0.03296661376953125,-1.2779470062255858,-0.33025802612304683,5.643074951171874,1.4518503112792969,-0.08759524536132812,-0.08386787414550781,0.0056828301391601554,0.0064060881958007965,-0.0033901262207031158,-0.003732982482910152,0.003127011779785159,0.005229009826660157,
78,331421.935008144,0.058471,0.305253,0.276809,-0.076048,0.058738,0.035538,-0.37155,-0.2594999999999986,0.009600000000001274,-0.1447999999999998,-0.37149999999999994,0.054399999999999935,0.06580448150634766,0.3130006790161133,0.2729454040527344,-0.08068180084228516,0.061608314514160156,0.040627479553222656,-0.20659255981445312,-0.11868095397949219,0.0043964385986328125,-0.34066009521484375,-0.6483497619628906,0.03296661376953125,-1.4502574920654296,-0.3876911163330078,5.8441038513183585,1.4965803833007811,-0.046593353271484374,-0.0801405029296875,0.007333481506347654,0.007747679016113285,-0.0038635959472656523,-0.004633800842285152,0.0028703145141601577,0.005089479553222656,
79,331421.945012091,0.054598,0.302549,0.276909,-0.077556,0.054866,0.036105,-0.4005500000000002,-0.27965000000000073,0.010399999999999299,-0.1559999999999999,-0.40044999999999975,0.05865000000000002,0.06313419342041016,0.3114748001098633,0.2729454040527344,-0.08297061920166016,0.056649208068847656,0.040246009826660156,-0.3560447692871094,-0.23296737670898438,-0.03076934814453125,-0.3186798095703125,-0.5824165344238281,-0.03296661376953125,-1.0194887542724609,-0.3876911163330078,6.0164068603515615,1.5226727905273436,0.009318832397460937,-0.07268576049804687,0.008536193420410156,0.008925800109863269,-0.003963595947265641,-0.005414619201660156,0.0017832080688476581,0.004141009826660158,
80,331421.95500781,0.05046,0.29966,0.277017,-0.079168,0.050729,0.036711,-0.4245499999999999,-0.29659999999999964,0.010999999999999899,-0.16554999999999973,-0.4244499999999998,0.06215000000000005,0.060082435607910156,0.3084230422973633,0.2729454040527344,-0.08487796783447266,0.053215980529785156,0.040627479553222656,-0.33846092224121094,-0.40879058837890625,-0.03076934814453125,-0.2967033386230469,-0.4945068359375,-0.010990142822265625,-1.4215390777587888,-0.33025802612304683,5.90154067993164,1.5189454193115235,0.01677357482910156,-0.06523101806640624,0.009622435607910158,0.0087630422973633,-0.004071595947265638,-0.005709967834472654,0.002486980529785153,0.003916479553222656,
81,331421.965008096,0.046107,0.296617,0.277129,-0.080867,0.046377,0.037348,-0.44284999999999985,-0.30969999999999887,0.011400000000000299,-0.1729500000000002,-0.4428500000000002,0.06474999999999988,0.055886268615722656,0.3046083450317383,0.2725639343261719,-0.08716678619384766,0.048638343811035156,0.040627479553222656,-0.40879058837890625,-0.373626708984375,0.013187408447265625,-0.25274658203125,-0.6703300476074219,0.010990142822265625,-1.0769218444824218,-0.5887162780761718,5.90154067993164,1.5338549041748046,0.020500946044921874,-0.05777546691894531,0.009779268615722654,0.007991345031738262,-0.004565065673828139,-0.006299786193847662,0.0022613438110351547,0.003279479553222657,
82,331421.975010069,0.041603,0.293466,0.277245,-0.082627,0.041872,0.038006,-0.4547000000000002,-0.3182000000000018,0.011700000000000599,-0.17780000000000018,-0.4547000000000002,0.06645000000000019,0.051690101623535156,0.3011751174926758,0.2729454040527344,-0.08945560455322266,0.044442176818847656,0.040627479553222656,-0.39999961853027344,-0.2593402862548828,0.0043964385986328125,-0.3626365661621094,-0.6923065185546875,-0.03296661376953125,-1.134358673095703,-0.41640953063964836,5.8441038513183585,1.5636746826171875,0.046593353271484374,-0.05032072448730469,0.010087101623535155,0.007709117492675777,-0.004299595947265644,-0.00682860455322265,0.0025701768188476568,0.002621479553222658,
83,331421.985053568,0.037013,0.290253,0.277363,-0.084423,0.037283,0.038677,-0.45989999999999986,-0.32200000000000006,0.011849999999999361,-0.17994999999999955,-0.45980000000000015,0.06720000000000025,0.046730995178222656,0.2985048294067383,0.2725639343261719,-0.09098148345947266,0.039864540100097656,0.040627479553222656,-0.47032928466796875,-0.23296737670898438,-0.03076934814453125,-0.23077011108398438,-0.5384597778320312,0.010990142822265625,-0.9046150970458983,-0.3015396118164062,5.8728222656249995,1.5338549041748046,0.05032072448730469,-0.03913861083984375,0.009717995178222659,0.008251829406738298,-0.004799065673828151,-0.006558483459472658,0.0025815401000976596,0.0019504795532226532,
84,331421.995008933,0.032405,0.287026,0.277482,-0.086226,0.032676,0.03935,-0.4584499999999998,-0.32099999999999906,0.011799999999997923,-0.17945000000000044,-0.45839999999999975,0.06695,0.042916297912597656,0.2965974807739258,0.2725639343261719,-0.09212589263916016,0.037957191467285156,0.040627479553222656,-0.5054950714111328,-0.34725189208984375,-0.03076934814453125,-0.23077011108398438,-0.40659332275390625,-0.010990142822265625,-0.933333511352539,-0.6748715209960936,6.217435760498046,1.5077624969482422,0.005591461181640625,-0.0279556884765625,0.010511297912597653,0.009571480773925778,-0.004918065673828131,-0.005899892639160159,0.0052811914672851595,0.0012774795532226532,
85,331422.005011609,0.027844,0.283833,0.277599,-0.088012,0.028115,0.040016,-0.4505000000000002,-0.315399999999999,0.011500000000000399,-0.17635000000000012,-0.45049999999999985,0.06579999999999989,0.037194252014160156,0.2927827835083008,0.2725639343261719,-0.09441566467285156,0.034523963928222656,0.040627479553222656,-0.5846157073974609,-0.373626708984375,-0.013187408447265625,-0.2967033386230469,-0.5384597778320312,0.010990142822265625,-0.41640953063964836,-0.33025802612304683,6.0738436889648435,1.5301275329589843,-0.03913861083984375,-0.024228317260742187,0.009350252014160156,0.00894978350830078,-0.00503506567382811,-0.006403664672851556,0.006408963928222655,0.0006114795532226533,
86,331422.015042719,0.023395,0.280718,0.277712,-0.089753,0.023666,0.040666,-0.43650000000000005,-0.3055499999999989,0.011150000000001437,-0.17079999999999942,-0.43650000000000005,0.06374999999999992,0.033379554748535156,0.2893495559692383,0.2725639343261719,-0.09632301330566406,0.031472206115722656,0.041008949279785156,-0.4351654052734375,-0.39999961853027344,0.013187408447265625,-0.3186798095703125,-0.5604400634765625,0.010990142822265625,-1.2779470062255858,0.7897451782226562,6.0738436889648435,1.5524925689697264,-0.05032072448730469,-0.01677357482910156,0.009984554748535157,0.008631555969238258,-0.005148065673828139,-0.006570013305664063,0.007806206115722657,0.0003429492797851555,
87,331422.025052937,0.019114,0.277722,0.277822,-0.091428,0.019385,0.041291,-0.41679999999999995,-0.2917000000000003,0.010699999999999599,-0.16305,-0.41675,0.06089999999999984,0.02765655517578125,0.2862977981567383,0.2725639343261719,-0.09746742248535156,0.02727508544921875,0.041008949279785156,-0.5054950714111328,-0.2681312561035156,-0.03076934814453125,-0.1868133544921875,-0.4945068359375,-0.010990142822265625,-0.4738463592529296,-0.01435920715332031,5.8728222656249995,1.526400161743164,-0.0801405029296875,-0.005591461181640625,0.008542555175781251,0.008575798156738257,-0.005258065673828138,-0.006039422485351567,0.00789008544921875,-0.00028205072021484506,
88,331422.03505635,0.015059,0.274884,0.277926,-0.093014,0.015331,0.041884,-0.3914999999999999,-0.2739500000000006,0.010099999999998999,-0.1530500000000004,-0.3915,0.05725000000000001,0.02231597900390625,0.2836275100708008,0.2721824645996094,-0.09899330139160156,0.02384185791015625,0.041390419006347656,-0.4439563751220703,-0.3032970428466797,-0.03076934814453125,-0.20878982543945312,-0.4945068359375,0.0549468994140625,-0.646153106689453,-0.10051445007324217,5.90154067993164,1.5077624969482422,-0.09132342529296875,-0.0018640899658203124,0.0072569790039062505,0.008743510070800764,-0.005743535400390631,-0.005979301391601563,0.00851085791015625,-0.0004935809936523414,
89,331422.045009778,0.011284,0.272243,0.278024,-0.094489,0.011555,0.042436,-0.36069999999999997,-0.2523500000000012,0.009399999999998299,-0.14090000000000005,-0.36069999999999997,0.05269999999999997,0.01811981201171875,0.2801933288574219,0.2725639343261719,-0.10051918029785156,0.02040863037109375,0.041771888732910156,-0.4351654052734375,-0.34725189208984375,-0.0043964385986328125,-0.20878982543945312,-0.47252655029296875,0.07692337036132812,-0.6174346923828123,0.10051445007324217,6.0738436889648435,1.4891256408691407,-0.10623291015625,-0.009318832397460937,0.006835812011718749,0.007950328857421862,-0.005460065673828118,-0.006030180297851559,0.00885363037109375,-0.0006641112670898452,
90,331422.055009184,0.007845,0.269837,0.278114,-0.095832,0.008117,0.042938,-0.32470000000000004,-0.22719999999999962,0.008500000000000174,-0.12674999999999978,-0.32465,0.04739999999999987,0.01316070556640625,0.2771415710449219,0.2725639343261719,-0.10090065002441406,0.01850128173828125,0.042153358459472656,-0.46153831481933594,-0.33846092224121094,-0.03076934814453125,-0.07692337036132812,-0.40659332275390625,0.03296661376953125,0.07179603576660155,-0.1866659545898437,6.0164068603515615,1.4704879760742187,-0.12114320373535156,-0.01304620361328125,0.0053157055664062505,0.0073045710449218815,-0.005550065673828097,-0.005068650024414062,0.01038428173828125,-0.0007846415405273408,
91,331422.065009724,0.00479,0.267699,0.278194,-0.097024,0.005062,0.043384,-0.28545,-0.19974999999999854,0.007550000000000612,-0.11144999999999974,-0.2855,0.04170000000000007,0.00934600830078125,0.2740898132324219,0.2725639343261719,-0.10128211975097656,0.01621246337890625,0.042534828186035156,-0.33846092224121094,-0.2945060729980469,0.0043964385986328125,-0.0549468994140625,-0.25274658203125,0.0549468994140625,-0.1866659545898437,0.3876911163330078,5.8728222656249995,1.4369408264160155,-0.1807827606201172,-0.009318832397460937,0.00455600830078125,0.006390813232421855,-0.005630065673828122,-0.004258119750976563,0.01115046337890625,-0.0008491718139648427,
92,331422.075042224,0.002136,0.265842,0.278265,-0.098061,0.002407,0.043772,-0.24505,-0.1715000000000022,0.0065000000000009495,-0.09569999999999995,-0.24509999999999996,0.03585000000000012,0.00629425048828125,0.2718009948730469,0.2725639343261719,-0.10166358947753906,0.01354217529296875,0.042916297912597656,-0.373626708984375,-0.373626708984375,-0.0043964385986328125,-0.0549468994140625,-0.4285697937011719,0.120880126953125,0.24410278320312498,0.445127944946289,6.131280517578125,1.410848419189453,-0.16959983825683594,-0.01677357482910156,0.00415825048828125,0.005958994873046852,-0.00570106567382811,-0.003602589477539067,0.01113517529296875,-0.0008557020874023422,
93,331422.085009476,-0.000111,0.264269,0.278324,-0.098938,0.00016,0.044101,-0.2039,-0.14274999999999982,0.005250000000001087,-0.07969999999999991,-0.20385,0.029799999999999965,0.00362396240234375,0.2676048278808594,0.2725639343261719,-0.10128211975097656,0.01125335693359375,0.044823646545410156,-0.2681312561035156,-0.3824176788330078,0.0043964385986328125,0.010990142822265625,-0.3626365661621094,0.23077011108398438,-0.2728211975097656,1.0194887542724609,5.729230194091797,1.3698465270996094,-0.13605268859863281,-0.03913861083984375,0.00373496240234375,0.003335827880859399,-0.005760065673828141,-0.0023441197509765643,0.01109335693359375,0.0007226465454101549,
94,331422.095009066,-0.001942,0.262987,0.27837,-0.099655,-0.00167,0.044368,-0.16195,-0.11334999999999817,0.003849999999999687,-0.06359999999999977,-0.16185,0.02365000000000006,0.00057220458984375,0.2649345397949219,0.2725639343261719,-0.10128211975097656,0.00972747802734375,0.044823646545410156,-0.3296699523925781,-0.25054931640625,-0.013187408447265625,0.010990142822265625,-0.20878982543945312,0.03296661376953125,0.445127944946289,0.7897451782226562,5.958977508544922,1.347481491088867,-0.13605268859863281,-0.054048095703125,0.00251420458984375,0.0019475397949218487,-0.005806065673828131,-0.001627119750976569,0.01139747802734375,0.00045564654541015853,
95,331422.105011474,-0.00335,0.262002,0.278401,-0.10021,-0.003077,0.044574,-0.11995,-0.08390000000000064,0.0024500000000010624,-0.04745000000000027,-0.1198,0.017550000000000204,-0.00095367431640625,0.2630271911621094,0.2725639343261719,-0.10128211975097656,0.00820159912109375,0.044442176818847656,-0.11868095397949219,-0.10109901428222656,-0.013187408447265625,0.010990142822265625,-0.2967033386230469,-0.0549468994140625,-0.1292291259765625,0.933333511352539,6.102562103271484,1.325116455078125,-0.1845101318359375,-0.035411239624023434,0.00239632568359375,0.0010251911621093623,-0.005837065673828135,-0.001072119750976569,0.01127859912109375,-0.00013182318115234626,
96,331422.115054784,-0.004341,0.261309,0.278419,-0.100604,-0.004066,0.044719,-0.08139999999999999,-0.056950000000000056,0.0012999999999985246,-0.032500000000000584,-0.08120000000000002,0.011849999999999708,-0.00171661376953125,0.2618827819824219,0.2725639343261719,-0.10128211975097656,0.00591278076171875,0.044823646545410156,-0.048351287841796875,-0.1362628936767578,-0.0043964385986328125,-0.010990142822265625,-0.27472686767578125,0.03296661376953125,-0.1292291259765625,0.8758966827392577,5.958977508544922,1.3288438262939453,-0.13605268859863281,-0.024228317260742187,0.0026243862304687502,0.0005737819824218615,-0.005855065673828153,-0.0006781197509765635,0.00997878076171875,0.00010464654541015445,
97,331422.125008967,-0.004978,0.260863,0.278427,-0.10086,-0.004701,0.044811,-0.04984999999999998,-0.03485000000000016,0.0006499999999992623,-0.01999999999999988,-0.0497,0.007249999999999965,-0.00209808349609375,0.2603569030761719,0.2729454040527344,-0.10128211975097656,0.00514984130859375,0.044823646545410156,-0.03076934814453125,-0.127471923828125,0.013187408447265625,-0.0549468994140625,-0.20878982543945312,-0.010990142822265625,-0.4738463592529296,1.0769218444824218,6.332309417724608,1.325116455078125,-0.13605268859863281,-0.020500946044921874,0.00287991650390625,-0.0005060969238281365,-0.005481595947265605,-0.0004221197509765573,0.00985084130859375,1.2646545410159582e-05,
98,331422.135009516,-0.005338,0.260612,0.278432,-0.101004,-0.00506,0.044864,-0.025950000000000018,-0.01815000000000011,0.0006500000000020378,-0.010199999999999793,-0.025949999999999973,0.003800000000000331,-0.00209808349609375,0.2592124938964844,0.2729454040527344,-0.10128211975097656,0.00362396240234375,0.044823646545410156,-0.0043964385986328125,-0.127471923828125,-0.021978378295898438,0.010990142822265625,-0.20878982543945312,-0.03296661376953125,-0.3589727020263671,1.191795501708984,6.102562103271484,1.3325711975097656,-0.11741502380371094,-0.01677357482910156,0.00323991650390625,-0.0013995061035156353,-0.005486595947265638,-0.00027811975097656594,0.00868396240234375,-4.035345458984485e-05,
99,331422.145053658,-0.005497,0.2605,0.27844,-0.101064,-0.00522,0.044887,-0.009749999999999993,-0.0069000000000013495,0.0012999999999985246,-0.0030000000000002247,-0.009999999999999983,0.0014500000000000624,-0.00209808349609375,0.2584495544433594,0.2725639343261719,-0.10128211975097656,0.00286102294921875,0.044823646545410156,-0.013187408447265625,-0.048351287841796875,0.0043964385986328125,-0.03296661376953125,-0.14285659790039062,-0.010990142822265625,-0.5887162780761718,0.6174346923828123,5.8728222656249995,1.3288438262939453,-0.11741502380371094,-0.01677357482910156,0.00339891650390625,-0.0020504455566406343,-0.005876065673828146,-0.00021811975097656144,0.008081022949218749,-6.335345458984704e-05,
100,331422.155052138,-0.005533,0.260474,0.278458,-0.101064,-0.00526,0.044893,0.0,-0.0001500000000015378,0.002949999999998787,0.0024999999999997247,-0.0007000000000000062,4.999999999970306e-05,-0.00209808349609375,0.2584495544433594,0.2729454040527344,-0.10128211975097656,0.00171661376953125,0.044823646545410156,0.013187408447265625,-0.0043964385986328125,0.013187408447265625,-0.03296661376953125,-0.16483688354492188,0.010990142822265625,-0.6748715209960936,0.6174346923828123,6.159998931884765,1.3400267486572266,-0.10250553894042969,-0.01677357482910156,0.0034349165039062497,-0.0020244455566406083,-0.005512595947265608,-0.00021811975097656144,0.00697661376953125,-6.93534545898461e-05,
101,331422.165014825,-0.005497,0.260497,0.278499,-0.101014,-0.005234,0.044888,0.009699999999999986,0.0064000000000008495,0.007799999999999474,0.010600000000000193,0.0077999999999999944,-0.0014000000000000123,-0.00209808349609375,0.2584495544433594,0.2725639343261719,-0.10166358947753906,0.00057220458984375,0.044823646545410156,0.0043964385986328125,0.013187408447265625,0.0043964385986328125,-0.0549468994140625,-0.23077011108398438,-0.010990142822265625,-0.5600016021728514,0.9620519256591795,6.159998931884765,1.3698465270996094,-0.07641313171386718,-0.020500946044921874,0.00339891650390625,-0.0020474455566406036,-0.0059350656738281216,-0.0006495894775390559,0.00580620458984375,-6.43534545898411e-05,
102,331422.175053123,-0.005339,0.260602,0.278614,-0.100852,-0.005104,0.044865,0.025799999999999997,0.017150000000001886,0.01805000000000001,0.02580000000000013,0.021449999999999983,-0.003749999999999934,-0.00209808349609375,0.2588310241699219,0.2725639343261719,-0.10204505920410156,-0.00095367431640625,0.044823646545410156,-0.013187408447265625,-0.021978378295898438,-0.03076934814453125,-0.07692337036132812,-0.20878982543945312,-0.03296661376953125,-0.043077621459960934,0.732308349609375,5.90154067993164,1.3959381256103516,-0.03168386840820312,-0.01677357482910156,0.00324091650390625,-0.0017709758300781253,-0.006050065673828098,-0.0011930592041015653,0.00415032568359375,-4.135345458984585e-05,
103,331422.185051842,-0.004981,0.26084,0.27886,-0.100498,-0.004805,0.044813,0.04954999999999998,0.032999999999999696,0.034050000000002134,0.04904999999999979,0.041399999999999985,-0.007150000000000212,-0.00209808349609375,0.2588310241699219,0.2725639343261719,-0.10242652893066406,-0.00133514404296875,0.044823646545410156,0.0043964385986328125,0.013187408447265625,0.021978378295898438,-0.0549468994140625,-0.07692337036132812,-0.010990142822265625,-0.10051445007324217,0.10051445007324217,6.159998931884765,1.4257579040527344,-0.020500946044921874,-0.01304620361328125,0.00288291650390625,-0.0020089758300781413,-0.006296065673828122,-0.0019285289306640585,0.0034698559570312502,1.0646545410157582e-05,
104,331422.195051712,-0.004348,0.261262,0.279295,-0.099871,-0.004276,0.044722,0.0809,0.053899999999998394,0.055849999999998956,0.08030000000000051,0.0675,-0.011649999999999855,-0.00209808349609375,0.2592124938964844,0.2725639343261719,-0.10318946838378906,-0.00171661376953125,0.044823646545410156,-0.0043964385986328125,0.048351287841796875,0.0043964385986328125,-0.14285659790039062,-0.03296661376953125,0.010990142822265625,0.1579475402832031,0.6174346923828123,6.389746246337889,1.474215347290039,-0.01304620361328125,-0.01677357482910156,0.0022499165039062503,-0.0020495061035156192,-0.0067310656738281405,-0.003318468383789061,0.0025593862304687503,0.00010164654541015838,
105,331422.205012137,-0.003363,0.261918,0.279977,-0.098892,-0.003455,0.04458,0.1193,0.07935000000000025,0.08289999999999964,0.11880000000000016,0.09935000000000002,-0.017199999999999854,-0.00171661376953125,0.2599754333496094,0.2725639343261719,-0.10357093811035156,-0.00133514404296875,0.044823646545410156,0.021978378295898438,0.05714225769042969,-0.013187408447265625,-0.07692337036132812,0.010990142822265625,-0.03296661376953125,0.043077621459960934,0.732308349609375,6.6482044982910145,1.5226727905273436,-0.01677357482910156,-0.020500946044921874,0.00164638623046875,-0.0019425666503906092,-0.007413065673828101,-0.004678938110351569,0.00211985595703125,0.00024364654541015468,
106,331422.215054144,-0.001962,0.262849,0.280953,-0.097495,-0.002289,0.044378,0.1611,0.10710000000000164,0.11250000000000149,0.16089999999999993,0.134,-0.023199999999999957,-0.00133514404296875,0.2607383728027344,0.2729454040527344,-0.10395240783691406,-0.00133514404296875,0.044823646545410156,0.03076934814453125,0.0659332275390625,-0.0043964385986328125,-0.03296661376953125,-0.03296661376953125,-0.03296661376953125,0.21538436889648435,0.5600016021728514,6.6482044982910145,1.5562199401855468,0.009318832397460937,-0.024228317260742187,0.0006268559570312502,-0.0021106271972656243,-0.008007595947265633,-0.006457407836914064,0.0009538559570312498,0.00044564654541015547,
107,331422.225054575,-0.000141,0.26406,0.282227,-0.095674,-0.000775,0.044116,0.20274999999999999,0.1347999999999988,0.14200000000000046,0.20285000000000025,0.1686,-0.02920000000000006,-0.00095367431640625,0.2618827819824219,0.2729454040527344,-0.10357093811035156,-0.00095367431640625,0.044823646545410156,0.03956031799316406,0.14505577087402344,-0.021978378295898438,-0.010990142822265625,0.010990142822265625,-0.010990142822265625,0.8758966827392577,0.646153106689453,6.964099578857421,1.600949203491211,0.035411239624023434,-0.0279556884765625,-0.0008126743164062499,-0.002177218017578142,-0.00928159594726563,-0.007896938110351567,-0.00017867431640625003,0.0007076465454101538,
108,331422.235012117,0.002093,0.265545,0.283793,-0.093438,0.001083,0.043794,0.24364999999999998,0.16199999999999826,0.17079999999999873,0.24389999999999967,0.20265,-0.03510000000000006,-0.00057220458984375,0.2630271911621094,0.2729454040527344,-0.10357093811035156,-0.00057220458984375,0.044823646545410156,0.03956031799316406,0.17142868041992188,0.048351287841796875,0.03296661376953125,0.09889984130859375,-0.010990142822265625,0.6174346923828123,0.7610267639160155,6.935381164550781,1.6307689819335938,0.05777546691894531,-0.03168386840820312,-0.00266520458984375,-0.0025178088378906005,-0.010847595947265642,-0.01013293811035157,-0.00165520458984375,0.0010296465454101567,
109,331422.245010713,0.00473200000000004,0.2673,0.28564300000000004,-0.09079599999999996,0.0032780000000000335,0.043413999999999994,0.28380000000000055,0.18875000000000178,0.19894999999999816,0.28410000000000024,0.23600000000000051,-0.04085,0.00057220458984375,0.2645530700683594,0.2729454040527344,-0.10242652893066406,0.00133514404296875,0.044823646545410156,0.14505577087402344,0.1978015899658203,0.0043964385986328125,0.16483688354492188,0.23077011108398438,-0.010990142822265625,1.3353838348388671,0.6174346923828123,7.280002136230468,1.664316131591797,0.06150364685058594,-0.035411239624023434,-0.00415979541015629,-0.002746929931640607,-0.01269759594726566,-0.011630528930664102,-0.0019428559570312835,0.001409646545410162,
110,331422.255057643,0.007769000000000046,0.26932000000000006,0.28777200000000003,-0.08775599999999996,0.005803000000000038,0.042976999999999994,0.32280000000000053,0.21464999999999995,0.22620000000000182,0.32305000000000095,0.26840000000000047,-0.04645000000000005,0.00209808349609375,0.2664604187011719,0.2733268737792969,-0.10128211975097656,0.00362396240234375,0.044823646545410156,0.15384674072265625,0.15384674072265625,0.048351287841796875,0.16483688354492188,0.3626365661621094,-0.03296661376953125,0.9620519256591795,0.732308349609375,7.251283721923826,1.6792264251708984,0.03168386840820312,-0.04286598205566406,-0.005670916503906296,-0.0028595812988281843,-0.014445126220703153,-0.013526119750976603,-0.002179037597656288,0.0018466465454101619,
111,331422.265008949,0.01118800000000005,0.27159300000000003,0.29016700000000006,-0.08433499999999994,0.00864600000000004,0.042484999999999995,0.3586000000000006,0.2384000000000001,0.2511500000000031,0.3587500000000006,0.2982500000000005,-0.051599999999999986,0.00438690185546875,0.2683677673339844,0.2737083435058594,-0.09899330139160156,0.00476837158203125,0.044823646545410156,0.28571510314941406,0.22417640686035156,0.03076934814453125,0.3186798095703125,0.1868133544921875,0.03296661376953125,0.646153106689453,0.933333511352539,7.481023559570311,1.686681167602539,0.03913861083984375,-0.054048095703125,-0.0068010981445313,-0.003225232666015654,-0.01645865649414069,-0.014658301391601625,-0.003877628417968791,0.0023386465454101613,
112,331422.27501661,0.014941000000000055,0.27408800000000005,0.2927950000000001,-0.08058099999999994,0.011768000000000048,0.041944999999999996,0.3893000000000005,0.25885000000000247,0.2725499999999995,0.3893999999999999,0.3238000000000004,-0.056050000000000266,0.00705718994140625,0.2710380554199219,0.2740898132324219,-0.09632301330566406,0.00858306884765625,0.044823646545410156,0.23296737670898438,0.3120880126953125,0.0659332275390625,0.40659332275390625,0.4285697937011719,-0.010990142822265625,1.191795501708984,0.7897451782226562,7.452305145263671,1.675499053955078,0.035411239624023434,-0.06150364685058594,-0.007883810058593805,-0.003049944580078179,-0.018705186767578208,-0.015742013305664118,-0.0031849311523437975,0.00287864654541016,
113,331422.28500872,0.018973999999999942,0.27676999999999996,0.29561799999999994,-0.07654700000000006,0.015121999999999951,0.041364000000000005,0.4144499999999998,0.2756000000000007,0.2901499999999972,0.4145500000000001,0.3446999999999998,-0.059699999999999996,0.00896453857421875,0.2733268737792969,0.2748527526855469,-0.09403419494628906,0.01430511474609375,0.044442176818847656,0.21538543701171875,0.22417640686035156,0.048351287841796875,0.34066009521484375,0.8901100158691406,-0.0549468994140625,0.933333511352539,0.9046150970458983,7.739489288330077,1.7015914611816405,-0.03168386840820312,-0.06150364685058594,-0.010009461425781192,-0.0034431262207030855,-0.02076524731445306,-0.017487194946289003,-0.0008168852539062015,0.0030781768188476513,
114,331422.295008693,0.023229999999999938,0.27959999999999996,0.2985979999999999,-0.07229000000000005,0.01866199999999995,0.04075100000000001,0.4339999999999999,0.2886499999999985,0.3039000000000013,0.4341999999999997,0.3609999999999999,-0.06254999999999973,0.01277923583984375,0.2763786315917969,0.2756156921386719,-0.08945560455322266,0.01697540283203125,0.044442176818847656,0.3648357391357422,0.2945060729980469,0.09230804443359375,0.6703300476074219,0.5604400634765625,0.010990142822265625,1.3066654205322263,0.4738463592529296,7.997947540283202,1.6680443115234374,-0.1323253173828125,-0.07641313171386718,-0.010450764160156188,-0.0032213684082030847,-0.022982307861328044,-0.017165604553222608,-0.0016865971679686995,0.003691176818847647,
115,331422.305011215,0.02765399999999994,0.28254299999999993,0.30169599999999996,-0.06786300000000008,0.02234199999999995,0.04011300000000001,0.448,0.29804999999999965,0.31380000000000013,0.4482999999999993,0.3725999999999997,-0.06465000000000011,0.01621246337890625,0.2790489196777344,0.2763786315917969,-0.08831119537353516,0.01926422119140625,0.044823646545410156,0.5054950714111328,0.28571510314941406,0.127471923828125,0.27472686767578125,0.4285697937011719,0.0549468994140625,1.0769218444824218,0.07179603576660155,7.911792297363281,1.7127735748291015,-0.054048095703125,-0.09877816772460937,-0.011441536621093689,-0.003494080322265558,-0.02531736840820309,-0.02044819537353508,-0.0030777788085936987,0.0047106465454101465,
116,331422.315053268,0.03218999999999994,0.28556099999999995,0.3048739999999999,-0.06332400000000007,0.026113999999999943,0.03945800000000001,0.45589999999999986,0.3033000000000008,0.31940000000000024,0.4563000000000005,0.37915000000000004,-0.06580000000000023,0.02040863037109375,0.2824831008911133,0.2779045104980469,-0.08525943756103516,0.02307891845703125,0.043679237365722656,0.39999961853027344,0.2945060729980469,0.17142868041992188,0.40659332275390625,0.5164833068847656,-0.120880126953125,1.2492323303222654,0.9907703399658202,8.112821197509765,1.7835952453613282,-0.04286598205566406,-0.08386787414550781,-0.011781369628906191,-0.0030778991088866725,-0.026969489501953048,-0.02193543756103508,-0.003035081542968693,0.004221237365722649,
117,331422.325041154,0.036772,0.288609,0.308084,-0.058737,0.029925,0.038797,0.45724999999999966,0.3041999999999989,0.32030000000000114,0.4576500000000004,0.3803000000000001,-0.06595000000000004,0.02460479736328125,0.2859163284301758,0.2805747985839844,-0.08297061920166016,0.02460479736328125,0.044442176818847656,0.4263744354248047,0.3208789825439453,0.3824176788330078,0.3186798095703125,0.2967033386230469,0.0549468994140625,0.933333511352539,0.7035899353027343,7.883073883056639,1.8469629821777342,-0.020500946044921874,-0.09877816772460937,-0.012167202636718749,-0.002692671569824223,-0.02750920141601565,-0.02423361920166016,-0.00532020263671875,0.005645176818847658,
118,331422.335010304,0.041335,0.291645,0.31128,-0.054171,0.03372,0.038139,0.45210000000000006,0.30064999999999953,0.3165499999999988,0.4522999999999999,0.37599999999999995,-0.06514999999999993,0.02994537353515625,0.2897310256958008,0.2836275100708008,-0.08106327056884766,0.02765655517578125,0.044060707092285156,0.47032928466796875,0.41758155822753906,0.2945060729980469,0.3186798095703125,0.3626365661621094,-0.010990142822265625,0.8758966827392577,0.21538436889648435,8.227694854736328,1.917784652709961,0.020500946044921874,-0.11741502380371094,-0.011389626464843747,-0.0019139743041992063,-0.02765248992919922,-0.02689227056884766,-0.00606344482421875,0.005921707092285157,
119,331422.345040526,0.045814,0.294622,0.314415,-0.049691,0.037445,0.037494,0.44035000000000013,0.2926000000000012,0.30810000000000004,0.4402,0.36619999999999986,-0.06325000000000011,0.034905433654785156,0.2931642532348633,0.2866792678833008,-0.07763004302978516,0.031472206115722656,0.043679237365722656,0.39999961853027344,0.3912086486816406,0.3560447692871094,0.4945068359375,0.4945068359375,-0.0549468994140625,0.7897451782226562,-0.01435920715332031,7.911792297363281,1.9140572814941406,0.035411239624023434,-0.11368765258789063,-0.010908566345214844,-0.0014577467651367138,-0.02773573211669922,-0.027939043029785157,-0.005972793884277343,0.006185237365722657,
120,331422.355009374,0.050142,0.297497,0.317442,-0.045367,0.041044,0.036874,0.4220999999999999,0.28025000000000133,0.2951000000000009,0.4216000000000001,0.35105,-0.06034999999999999,0.040246009826660156,0.2973604202270508,0.2893495559692383,-0.07228946685791016,0.034142494201660156,0.044060707092285156,0.5054950714111328,0.3208789825439453,0.2593402862548828,0.7802200317382812,0.3846168518066406,-0.010990142822265625,0.4738463592529296,-0.21538436889648435,7.280002136230468,1.8059602813720703,0.05032072448730469,-0.12487057495117188,-0.009895990173339843,-0.00013657977294923018,-0.02809244403076172,-0.02692246685791016,-0.006901505798339841,0.007186707092285159,
121,331422.365009876,0.054256,0.300227,0.320317,-0.041259,0.044466,0.036287,0.39825,0.26420000000000055,0.27824999999999933,0.3974999999999999,0.33125000000000027,-0.056799999999999906,0.045586585998535156,0.3007936477661133,0.2924013137817383,-0.06771183013916016,0.035286903381347656,0.043679237365722656,0.41758155822753906,0.3032970428466797,0.33846092224121094,0.6703300476074219,0.2967033386230469,-0.03296661376953125,0.7610267639160155,0.445127944946289,8.285131683349608,1.738865982055664,0.09877816772460937,-0.1285979461669922,-0.008669414001464842,0.0005666477661132596,-0.027915686218261737,-0.02645283013916016,-0.009179096618652342,0.0073922373657226564,
122,331422.375010025,0.058107,0.302781,0.323007,-0.037417,0.047669,0.035738,0.36945,0.24514999999999953,0.2582000000000001,0.3687999999999997,0.30725000000000025,-0.05280000000000007,0.049782752990722656,0.3042268753051758,0.2962160110473633,-0.06389713287353516,0.038338661193847656,0.043297767639160156,0.3824176788330078,0.22417640686035156,0.4967041015625,0.6703300476074219,0.40659332275390625,-0.0549468994140625,0.6174346923828123,-0.01435920715332031,7.682052459716796,1.7015914611816405,0.09877816772460937,-0.12487057495117188,-0.008324247009277343,0.001445875305175759,-0.026790988952636707,-0.026480132873535157,-0.009330338806152347,0.007559767639160157,
123,331422.385008167,0.061645,0.30513,0.325481,-0.033883,0.050611,0.035231,0.33575000000000027,0.22324999999999984,0.2350999999999992,0.33584999999999987,0.27925,-0.04834999999999978,0.053597450256347656,0.3061342239379883,0.2996492385864258,-0.060082435607910156,0.040627479553222656,0.043297767639160156,0.5230770111083984,0.25054931640625,0.41758155822753906,0.5604400634765625,0.3626365661621094,-0.010990142822265625,0.1292291259765625,0.4738463592529296,7.452305145263671,1.7239556884765626,0.11368765258789063,-0.1323253173828125,-0.008047549743652342,0.001004223937988269,-0.02583176141357424,-0.026199435607910153,-0.009983520446777347,0.008066767639160158,
124,331422.395008934,0.064822,0.307246,0.327709,-0.0307,0.053254,0.034771,0.2973,0.19849999999999868,0.20899999999999808,0.29860000000000025,0.24729999999999994,-0.04349999999999979,0.058175086975097656,0.3088045120239258,0.3027009963989258,-0.055504798889160156,0.042534828186035156,0.042916297912597656,0.3648357391357422,0.25054931640625,0.373626708984375,0.6923065185546875,0.25274658203125,-0.0549468994140625,0.3015396118164062,0.043077621459960934,7.078973236083983,1.675499053955078,0.12114320373535156,-0.1323253173828125,-0.006646913024902348,0.0015585120239257622,-0.02500800360107419,-0.024804798889160155,-0.010719171813964846,0.008145297912597653,
125,331422.405009261,0.067591,0.3091,0.329661,-0.027911,0.055557,0.034361,0.2547500000000001,0.17119999999999913,0.18020000000000258,0.2575500000000001,0.21189999999999992,-0.03825000000000009,0.061608314514160156,0.3110933303833008,0.3068971633911133,-0.051690101623535156,0.044060707092285156,0.042916297912597656,0.27692222595214844,0.16263771057128906,0.3120880126953125,0.5824165344238281,0.23077011108398438,-0.0549468994140625,0.01435920715332031,-0.043077621459960934,6.619486083984374,1.6456792755126952,0.14723480224609375,-0.1323253173828125,-0.005982685485839842,0.0019933303833007954,-0.0227638366088867,-0.023779101623535158,-0.011496292907714846,0.008555297912597654,
126,331422.415010312,0.069917,0.31067,0.331313,-0.025549,0.057492,0.034006,0.21144999999999983,0.14300000000000146,0.15050000000000063,0.21509999999999985,0.17594999999999972,-0.03250000000000024,0.06504154205322266,0.3130006790161133,0.3103303909301758,-0.047875404357910156,0.046349525451660156,0.041771888732910156,0.2593402862548828,0.1890106201171875,0.3296699523925781,0.4945068359375,0.23077011108398438,-0.14285659790039062,-0.01435920715332031,-0.1866659545898437,6.504612426757811,1.6158594970703124,0.13605268859863281,-0.11741502380371094,-0.004875457946777351,0.0023306790161132795,-0.020982609069824243,-0.022326404357910157,-0.011142474548339845,0.007765888732910155,
127,331422.425012204,0.07182,0.31196,0.332671,-0.023609,0.059076,0.033711,0.17089999999999952,0.11549999999999894,0.12159999999999949,0.17369999999999988,0.14219999999999997,-0.02620000000000018,0.06771183013916016,0.3149080276489258,0.3133821487426758,-0.043679237365722656,0.048638343811035156,0.040627479553222656,0.20659255981445312,0.17142868041992188,0.21538543701171875,0.6483497619628906,0.3626365661621094,-0.20878982543945312,0.1292291259765625,0.41640953063964836,7.3374389648437495,1.5524925689697264,0.12114320373535156,-0.08386787414550781,-0.004108169860839839,0.002948027648925766,-0.019288851257324213,-0.020070237365722655,-0.01043765618896484,0.006916479553222658,
128,331422.435052822,0.073335,0.31298,0.333745,-0.022075,0.060336,0.033482,0.13380000000000059,0.08900000000000019,0.09369999999999934,0.1339,0.11125000000000024,-0.019299999999999873,0.06961917877197266,0.3160524368286133,0.3160524368286133,-0.039864540100097656,0.049401283264160156,0.040246009826660156,0.15384674072265625,0.08351707458496094,0.27692222595214844,0.47252655029296875,0.07692337036132812,-0.03296661376953125,-0.5025647735595702,-0.1866659545898437,6.361027832031249,1.474215347290039,0.14350743103027344,-0.0801405029296875,-0.003715821228027341,0.003072436828613301,-0.017692563171386733,-0.017789540100097655,-0.010934716735839844,0.006764009826660158,
129,331422.445042175,0.074496,0.31374,0.334545,-0.020931,0.061301,0.033325,0.10010000000000019,0.06349999999999967,0.06694999999999895,0.09565000000000007,0.08314999999999989,-0.011850000000000055,0.07038211822509766,0.3168153762817383,0.3187227249145508,-0.036049842834472656,0.050545692443847656,0.040246009826660156,0.048351287841796875,0.048351287841796875,0.22417640686035156,0.5824165344238281,0.1868133544921875,-0.010990142822265625,-0.3015396118164062,0.043077621459960934,6.504612426757811,1.422030532836914,0.16587246704101563,-0.09877816772460937,-0.00411388177490235,0.0030753762817382624,-0.0158222750854492,-0.015118842834472655,-0.010755307556152345,0.006921009826660156,
130,331422.455010315,0.075337,0.31425,0.335084,-0.020162,0.061999,0.033245,0.06974999999999967,0.03959999999999797,0.04190000000000027,0.05980000000000013,0.057849999999999915,-0.004250000000000087,0.07114505767822266,0.3171968460083008,0.3213930130004883,-0.034142494201660156,0.051690101623535156,0.039864540100097656,0.048351287841796875,0.0043964385986328125,0.27692222595214844,0.23077011108398438,0.120880126953125,-0.03296661376953125,0.24410278320312498,0.21538436889648435,6.0738436889648435,1.4406681976318358,0.13978005981445313,-0.11368765258789063,-0.004191942321777345,0.0029468460083008075,-0.013690986999511712,-0.013980494201660157,-0.010308898376464842,0.0066195401000976595,
131,331422.465012694,0.075891,0.314532,0.335383,-0.019735,0.062458,0.03324,0.04284999999999983,0.02005000000000201,0.021299999999999097,0.030400000000000045,0.035450000000000065,0.0012000000000001593,0.07152652740478516,0.3171968460083008,0.3229188919067383,-0.032998085021972656,0.052834510803222656,0.039864540100097656,0.0043964385986328125,-0.0043964385986328125,0.14505577087402344,0.25274658203125,0.20878982543945312,-0.03296661376953125,0.1579475402832031,0.24410278320312498,6.475894012451171,1.474215347290039,0.12487057495117188,-0.11368765258789063,-0.004364472595214844,0.002664846008300803,-0.012464108093261705,-0.013263085021972657,-0.009623489196777343,0.0066245401000976575,
132,331422.475044103,0.076194,0.314651,0.33551,-0.019554,0.062708,0.033269,0.019500000000000073,0.007450000000000512,0.007950000000001012,0.011349999999999902,0.016100000000000142,0.0019999999999999185,0.07152652740478516,0.3171968460083008,0.3244447708129883,-0.03070831298828125,0.053597450256347656,0.039864540100097656,0.0043964385986328125,-0.013187408447265625,0.10988998413085938,0.3186798095703125,0.09889984130859375,-0.010990142822265625,0.21538436889648435,0.07179603576660155,6.389746246337889,1.4257579040527344,0.10996028137207031,-0.10996028137207031,-0.004667472595214842,0.0025458460083007672,-0.011065229187011694,-0.011154312988281252,-0.009110549743652344,0.006595540100097656,
133,331422.48505371,0.076281,0.314681,0.335542,-0.019508,0.06278,0.03328,-0.00034999999999965614,0.002349999999998187,0.0024000000000024,0.0034999999999998574,-0.00025000000000025,-0.0022500000000001685,0.07152652740478516,0.3168153762817383,0.3252077102661133,-0.02765655517578125,0.053978919982910156,0.039864540100097656,0.0043964385986328125,-0.0659332275390625,0.03956031799316406,0.4285697937011719,0.07692337036132812,-0.03296661376953125,-0.01435920715332031,0.3015396118164062,6.619486083984374,1.336298568725586,0.12487057495117188,-0.11741502380371094,-0.004754472595214845,0.0021343762817382927,-0.010334289733886726,-0.008148555175781249,-0.008801080017089846,0.006584540100097659,
134,331422.495046754,0.076187,0.314698,0.335558,-0.019484,0.062703,0.033224,-0.016700000000000048,0.004899999999999349,0.004799999999999249,0.006850000000000085,-0.013550000000000367,-0.011399999999999952,0.07152652740478516,0.3164339065551758,0.3252077102661133,-0.02498626708984375,0.054741859436035156,0.039864540100097656,-0.013187408447265625,-0.08351707458496094,0.03076934814453125,0.40659332275390625,0.120880126953125,-0.010990142822265625,0.1579475402832031,0.7897451782226562,6.217435760498046,1.2654768981933593,0.10996028137207031,-0.11741502380371094,-0.0046604725952148485,0.0017359065551758035,-0.010350289733886742,-0.005502267089843749,-0.007961140563964839,0.00664054010009766,
135,331422.505010511,0.075947,0.314779,0.335638,-0.019371,0.062509,0.033052,-0.030400000000000565,0.014650000000002161,0.014599999999997948,0.020900000000000085,-0.02449999999999987,-0.02569999999999968,0.07152652740478516,0.3152894973754883,0.3259706497192383,-0.02346038818359375,0.055886268615722656,0.039864540100097656,-0.013187408447265625,-0.15384674072265625,0.03076934814453125,0.1868133544921875,0.14285659790039062,-0.010990142822265625,-0.21538436889648435,0.8758966827392577,6.159998931884765,1.2841145629882813,0.07268576049804687,-0.12487057495117188,-0.004420472595214844,0.0005104973754883058,-0.00966735028076171,-0.004089388183593751,-0.006622731384277339,0.006812540100097658,
136,331422.515053057,0.075579,0.314991,0.33585,-0.019066,0.062213,0.03271,-0.04574999999999996,0.029900000000002147,0.03005000000000091,0.04305000000000003,-0.03669999999999993,-0.045500000000000054,0.07152652740478516,0.3137636184692383,0.3263521194458008,-0.02231597900390625,0.056649208068847656,0.039483070373535156,0.0043964385986328125,-0.10109901428222656,0.048351287841796875,0.14285659790039062,0.09889984130859375,-0.03296661376953125,-0.2728211975097656,1.47897590637207,6.389746246337889,1.325116455078125,0.04286598205566406,-0.13605268859863281,-0.004052472595214837,-0.0012273815307617397,-0.0094978805541992,-0.0032499790039062504,-0.005563791931152341,0.006773070373535153,
137,331422.525014882,0.075032,0.315377,0.336239,-0.01851,0.061775,0.032142,-0.06694999999999965,0.04894999999999761,0.04940000000000222,0.07069999999999993,-0.05354999999999978,-0.07109999999999998,0.07152652740478516,0.3130006790161133,0.3267335891723633,-0.02193450927734375,0.056649208068847656,0.039483070373535156,0.0043964385986328125,-0.03956031799316406,0.048351287841796875,0.09889984130859375,0.03296661376953125,-0.03296661376953125,-0.01435920715332031,0.9907703399658202,6.7343597412109375,1.3661183471679688,0.035411239624023434,-0.14723480224609375,-0.0035054725952148452,-0.002376320983886737,-0.009505410827636729,-0.0034245092773437513,-0.00512579193115234,0.007341070373535159,
138,331422.535011054,0.07424,0.31597,0.336838,-0.017652,0.061142,0.031288,-0.09489999999999985,0.07149999999999934,0.0721499999999986,0.10340000000000002,-0.07589999999999993,-0.10264999999999978,0.07152652740478516,0.3126192092895508,0.3271150588989258,-0.02079010009765625,0.056649208068847656,0.039101600646972656,-0.013187408447265625,-0.0043964385986328125,0.021978378295898438,0.14285659790039062,-0.0549468994140625,-0.0549468994140625,-0.732308349609375,0.646153106689453,6.447183074951171,1.3847560119628906,0.03168386840820312,-0.158417724609375,-0.002713472595214844,-0.003350790710449192,-0.009722941101074245,-0.003138100097656249,-0.004492791931152346,0.007813600646972653,
139,331422.545009832,0.073134,0.316807,0.337682,-0.016442,0.060257,0.030089,-0.1296499999999999,0.0975500000000018,0.09844999999999993,0.14095000000000002,-0.10375000000000002,-0.14005000000000023,0.07152652740478516,0.3130006790161133,0.3274965286254883,-0.02040863037109375,0.056649208068847656,0.038338661193847656,-0.03956031799316406,0.03076934814453125,0.03956031799316406,0.120880126953125,-0.010990142822265625,-0.14285659790039062,-0.9046150970458983,1.191795501708984,6.6482044982910145,1.3959381256103516,0.0279556884765625,-0.16214509582519532,-0.0016074725952148483,-0.003806320983886724,-0.010185471374511701,-0.003966630371093752,-0.003607791931152342,0.008249661193847655,
140,331422.555055393,0.071647,0.317921,0.338807,-0.014833,0.059067,0.028487,-0.1703000000000003,0.12655000000000027,0.12770000000000004,0.18284999999999993,-0.13629999999999995,-0.18260000000000012,0.07114505767822266,0.3133821487426758,0.3278779983520508,-0.01964569091796875,0.056649208068847656,0.036812782287597656,-0.03956031799316406,0.048351287841796875,0.05714225769042969,0.0549468994140625,-0.010990142822265625,-0.27472686767578125,-0.5600016021728514,0.9907703399658202,6.849233398437499,1.4369408264160155,-0.0018640899658203124,-0.14350743103027344,-0.0005019423217773461,-0.004538851257324228,-0.010929001647949244,-0.004812690917968749,-0.002417791931152345,0.008325782287597658,
141,331422.565010337,0.069728,0.319338,0.340236,-0.012785,0.057531,0.026437,-0.2127000000000004,0.15634999999999954,0.1576999999999995,0.22585,-0.1702499999999999,-0.22654999999999983,0.07076358795166016,0.3141450881958008,0.3286409378051758,-0.01926422119140625,0.056267738342285156,0.035286903381347656,-0.03076934814453125,0.15384674072265625,0.03956031799316406,0.0549468994140625,-0.0549468994140625,-0.23077011108398438,-0.6174346923828123,1.1056402587890624,6.90667022705078,1.5003077545166015,-0.0279556884765625,-0.1323253173828125,0.001035587951660158,-0.0051929118041992295,-0.011595062194824202,-0.0064792211914062505,-0.0012632616577148426,0.008849903381347658,
142,331422.575009205,0.067393,0.321048,0.341961,-0.010316,0.055662,0.023956,-0.2526500000000001,0.1846500000000001,0.18620000000000025,0.26655,-0.20224999999999999,-0.2681999999999999,0.07000064849853516,0.3160524368286133,0.3290224075317383,-0.01811981201171875,0.055504798889160156,0.032998085021972656,-0.1362628936767578,0.15384674072265625,0.021978378295898438,0.16483688354492188,-0.120880126953125,-0.34066009521484375,-1.1056402587890624,1.134358673095703,7.107691650390623,1.5413096466064453,-0.04286598205566406,-0.1323253173828125,0.0026076484985351617,-0.004995563171386719,-0.012938592468261734,-0.0078038120117187495,-0.0001572011108398469,0.009042085021972655,
143,331422.585051352,0.064675,0.323031,0.34396,-0.007454,0.053486,0.021073,-0.28934999999999966,0.21089999999999998,0.21265000000000034,0.30450000000000005,-0.23165000000000024,-0.30670000000000003,0.06847476959228516,0.3179597854614258,0.3294038772583008,-0.01659393310546875,0.053215980529785156,0.03032684326171875,-0.1802196502685547,0.23296737670898438,0.07472610473632812,0.1868133544921875,-0.3186798095703125,-0.3846168518066406,-0.9620519256591795,1.1056402587890624,6.935381164550781,1.5636746826171875,-0.03168386840820312,-0.1323253173828125,0.00379976959228516,-0.005071214538574231,-0.014556122741699207,-0.009139933105468751,-0.00027001947021484257,0.009253843261718749,
144,331422.595040999,0.061606,0.325266,0.346214,-0.004226,0.051029,0.017822,-0.3227999999999998,0.23515000000000064,0.23714999999999986,0.33959999999999996,-0.25839999999999996,-0.342,0.06618595123291016,0.3202486038208008,0.3301668167114258,-0.01506805419921875,0.051308631896972656,0.02765655517578125,-0.22417640686035156,0.2681312561035156,0.07472610473632812,0.25274658203125,-0.25274658203125,-0.40659332275390625,-0.8184598541259764,0.4738463592529296,7.481023559570311,1.5860397186279296,-0.01304620361328125,-0.12487057495117188,0.004579951232910155,-0.005017396179199218,-0.01604718328857424,-0.01084205419921875,0.0002796318969726583,0.009834555175781249,
145,331422.605013716,0.058219,0.327734,0.348703,-0.000662,0.048318,0.014233,-0.35274999999999995,0.2572999999999992,0.25944999999999996,0.37155,-0.2824,-0.37405000000000005,0.06466007232666016,0.3233003616333008,0.3309297561645508,-0.01316070556640625,0.048256874084472656,0.02384185791015625,-0.16263771057128906,0.2681312561035156,0.09230804443359375,0.25274658203125,-0.5164833068847656,-0.5164833068847656,-1.4502574920654296,0.6748715209960936,7.796926116943359,1.6158594970703124,-0.005591461181640625,-0.11741502380371094,0.006441072326660156,-0.004433638366699244,-0.017773243835449204,-0.01249870556640625,-6.112591552734359e-05,0.00960885791015625,
146,331422.615009009,0.054551,0.330412,0.351403,0.003205,0.045381,0.010341,-0.37830000000000014,0.2762500000000001,0.27854999999999963,0.39894999999999997,-0.30285,-0.4014500000000001,0.062371253967285156,0.3263521194458008,0.3328371047973633,-0.01201629638671875,0.044823646545410156,0.02079010009765625,-0.2417583465576172,0.2593402862548828,0.21538543701171875,0.1868133544921875,-0.5384597778320312,-0.5164833068847656,-1.1056402587890624,1.1630770874023435,7.509741973876952,1.6941359100341797,0.04286598205566406,-0.12114320373535156,0.007820253967285154,-0.004059880554199202,-0.01856589520263674,-0.01522129638671875,-0.0005573534545898415,0.01044910009765625,
147,331422.625006925,0.050653,0.333259,0.354274,0.007317,0.042261,0.006204,-0.3983500000000001,0.2910999999999997,0.293549999999998,0.42045,-0.31885,-0.42284999999999995,0.060082435607910156,0.3286409378051758,0.3343629837036133,-0.01087188720703125,0.043297767639160156,0.01735687255859375,-0.25054931640625,0.2681312561035156,0.2417583465576172,0.20878982543945312,-0.25274658203125,-0.6483497619628906,-1.3353838348388671,0.8184598541259764,7.653334045410156,1.7612310180664061,0.03913861083984375,-0.10250553894042969,0.00942943560791016,-0.004618062194824246,-0.019911016296386697,-0.01818888720703125,0.0010367676391601563,0.011152872558593749,
148,331422.635022419,0.046584,0.336234,0.357274,0.011614,0.039004,0.001884,-0.4126499999999998,0.30174999999999785,0.3043000000000018,0.4357999999999999,-0.3303500000000001,-0.43820000000000003,0.057030677795410156,0.3324556350708008,0.3362703323364258,-0.00820159912109375,0.040627479553222656,0.01277923583984375,-0.4527473449707031,0.39999961853027344,0.1978015899658203,0.40659332275390625,-0.4285697937011719,-0.6483497619628906,-0.24410278320312498,0.33025802612304683,7.940510711669921,1.7724131317138672,0.005591461181640625,-0.08759524536132812,0.010446677795410156,-0.003778364929199196,-0.0210036676635742,-0.01981559912109375,0.0016234795532226592,0.01089523583984375,
149,331422.645010917,0.0424,0.339294,0.36036,0.016033,0.035654,-0.00256,-0.42134999999999984,0.30810000000000004,0.3107500000000013,0.4448500000000001,-0.33729999999999977,-0.44745,0.052834510803222656,0.3370332717895508,0.3377962112426758,-0.00400543212890625,0.037575721740722656,0.00858306884765625,-0.40879058837890625,0.46153831481933594,0.11868095397949219,0.5824165344238281,-0.4505500793457031,-0.6923065185546875,-1.0194887542724609,0.3015396118164062,7.997947540283202,1.7053188323974608,-0.0018640899658203124,-0.08386787414550781,0.010434510803222656,-0.0022607282104492032,-0.022563788757324232,-0.02003843212890625,0.001921721740722658,0.01114306884765625,
150,331422.655044681,0.038157,0.342396,0.363489,0.020511,0.032258,-0.007065,-0.42435000000000006,0.31010000000000204,0.3128500000000006,0.4478000000000001,-0.3396999999999999,-0.45044999999999996,0.048638343811035156,0.3408479690551758,0.3397035598754883,0.00019073486328125,0.034905433654785156,0.00400543212890625,-0.4879112243652344,0.2945060729980469,0.21538543701171875,0.626373291015625,-0.40659332275390625,-0.626373291015625,-0.8471782684326171,0.5600016021728514,7.710770874023436,1.6568613891601562,0.005591461181640625,-0.08759524536132812,0.010481343811035153,-0.001548030944824197,-0.023785440124511725,-0.02032026513671875,0.0026474336547851543,0.01107043212890625,
151,331422.665009523,0.033913,0.345496,0.366617,0.024989,0.02886,-0.011569,-0.4215500000000002,0.30789999999999984,0.3106499999999984,0.44475,-0.33750000000000013,-0.44739999999999996,0.043679237365722656,0.3442821502685547,0.3419923782348633,0.00247955322265625,0.032235145568847656,0.00019073486328125,-0.5054950714111328,0.3560447692871094,0.2945060729980469,0.3186798095703125,-0.40659332275390625,-0.6043968200683594,-1.5076905822753903,-0.10051445007324217,7.509741973876952,1.7239556884765626,-0.020500946044921874,-0.09505079650878906,0.009766237365722658,-0.0012138497314453378,-0.024624621765136745,-0.02250944677734375,0.003375145568847656,0.01175973486328125,
152,331422.675056491,0.029726,0.348554,0.369702,0.029406,0.025508,-0.016013,-0.4128999999999999,0.3015999999999991,0.3042499999999976,0.43555,-0.33054999999999995,-0.4382500000000001,0.038720130920410156,0.3480968475341797,0.3454265594482422,0.00514984130859375,0.02956390380859375,-0.00324249267578125,-0.5230770111083984,0.34725189208984375,0.2417583465576172,0.4285697937011719,-0.47252655029296875,-0.47252655029296875,-0.3876911163330078,0.1292291259765625,8.084102783203123,1.8134150238037108,-0.0279556884765625,-0.1285979461669922,0.008994130920410157,-0.00045715246582028746,-0.024275440551757788,-0.02425615869140625,0.004055903808593751,0.01277050732421875,
153,331422.685009828,0.025655,0.351528,0.372702,0.0337,0.022249,-0.020334,-0.3984,0.29110000000000247,0.2936000000000022,0.4203499999999999,-0.3188999999999999,-0.42284999999999995,0.034523963928222656,0.3519115447998047,0.3480968475341797,0.00858306884765625,0.02613067626953125,-0.00629425048828125,-0.3824176788330078,0.4439563751220703,0.2593402862548828,0.3846168518066406,-0.4285697937011719,-0.4505500793457031,-1.048203430175781,0.1579475402832031,7.423586730957029,1.8059602813720703,-0.01304620361328125,-0.158417724609375,0.008868963928222656,0.00038354479980468037,-0.02460515246582029,-0.02511693115234375,0.0038816762695312486,0.014039749511718751,
154,331422.695009176,0.021758,0.354376,0.375574,0.037813,0.01913,-0.02447,-0.378,0.2764500000000003,0.27864999999999973,0.39924999999999994,-0.30255000000000004,-0.4013999999999998,0.03032684326171875,0.3542003631591797,0.3507671356201172,0.01087188720703125,0.02498626708984375,-0.00934600830078125,-0.39999961853027344,0.23296737670898438,0.21538543701171875,0.4285697937011719,-0.2967033386230469,-0.5604400634765625,-0.6748715209960936,0.1579475402832031,7.567178802490233,1.8245979461669921,-0.024228317260742187,-0.1546903533935547,0.00856884326171875,-0.00017563684082033681,-0.02480686437988283,-0.02694111279296875,0.005856267089843749,0.015123991699218749,
155,331422.70501286,0.018095,0.357057,0.378275,0.041685,0.016198,-0.028362,-0.352,0.2577999999999997,0.2595999999999987,0.3723000000000001,-0.2818,-0.37415000000000015,0.02536773681640625,0.3568706512451172,0.3530559539794922,0.01659393310546875,0.02269744873046875,-0.01277923583984375,-0.6901092529296875,0.23296737670898438,0.2681312561035156,0.8241767883300781,-0.3846168518066406,-0.5384597778320312,-0.5025647735595702,-0.4738463592529296,7.653334045410156,1.7127735748291015,-0.0801405029296875,-0.14723480224609375,0.00727273681640625,-0.00018634875488282576,-0.025219046020507785,-0.02509106689453125,0.006499448730468749,0.015582764160156248,
156,331422.715007613,0.014718,0.359532,0.380766,0.045259,0.013494,-0.031953,-0.32175,0.2359,0.2374000000000015,0.3405999999999999,-0.25755000000000006,-0.3422000000000001,0.02155303955078125,0.3603038787841797,0.3561077117919922,0.01964569091796875,0.02079010009765625,-0.01659393310546875,-0.3208789825439453,0.2681312561035156,0.3560447692871094,0.4285697937011719,-0.27472686767578125,-0.5604400634765625,-0.646153106689453,0.1292291259765625,7.423586730957029,1.6941359100341797,-0.10623291015625,-0.13605268859863281,0.00683503955078125,0.0007718787841796693,-0.024658288208007806,-0.02561330908203125,0.007296100097656249,0.015359066894531252,
157,331422.725007294,0.01166,0.361775,0.383023,0.048497,0.011047,-0.035206,-0.28850000000000003,0.21144999999999914,0.2128999999999992,0.30535000000000007,-0.23095000000000007,-0.30674999999999975,0.01735687255859375,0.3629741668701172,0.3599224090576172,0.02384185791015625,0.01964569091796875,-0.02040863037109375,-0.5230770111083984,0.1890106201171875,0.34725189208984375,0.626373291015625,-0.27472686767578125,-0.5604400634765625,-0.10051445007324217,0.8471782684326171,7.222565307617186,1.6829537963867187,-0.14350743103027344,-0.12114320373535156,0.00569687255859375,0.0011991668701171743,-0.023100590942382815,-0.02465514208984375,0.00859869091796875,0.014797369628906251,
158,331422.735009251,0.008948,0.363761,0.385024,0.051366,0.008875,-0.038088,-0.2526,0.1846500000000001,0.18620000000000025,0.2666500000000002,-0.20224999999999996,-0.26815,0.01316070556640625,0.3652629852294922,0.3629741668701172,0.02689361572265625,0.01735687255859375,-0.02346038818359375,-0.41758155822753906,0.23296737670898438,0.25054931640625,0.40659332275390625,-0.20878982543945312,-0.4945068359375,-0.01435920715332031,-0.1866659545898437,7.165128479003905,1.6829537963867187,-0.1323253173828125,-0.10996028137207031,0.004212705566406251,0.0015019852294921865,-0.02204983312988279,-0.024472384277343752,0.00848187255859375,0.014627611816406247,
159,331422.745011617,0.006608,0.365468,0.386747,0.05383,0.007002,-0.040569,-0.21404999999999996,0.15544999999999864,0.15735000000000054,0.22450000000000003,-0.17129999999999995,-0.22645000000000026,0.01010894775390625,0.3671703338623047,0.3656444549560547,0.031853675842285156,0.01583099365234375,-0.02651214599609375,-0.28571510314941406,0.17142868041992188,0.2417583465576172,0.6923065185546875,-0.25274658203125,-0.4945068359375,0.1292291259765625,-0.21538436889648435,7.280002136230468,1.600949203491211,-0.15096298217773438,-0.09877816772460937,0.00350094775390625,0.0017023338623046724,-0.02110254504394532,-0.021976324157714847,0.008828993652343749,0.014056854003906251,
160,331422.755007938,0.004667,0.36687,0.388171,0.055856,0.005449,-0.042617,-0.17335,0.12449999999999961,0.12685000000000057,0.17979999999999974,-0.13880000000000003,-0.1822500000000001,0.00782012939453125,0.3690776824951172,0.3683147430419922,0.036049842834472656,0.01468658447265625,-0.02994537353515625,-0.2417583465576172,0.1890106201171875,0.3032970428466797,0.626373291015625,-0.25274658203125,-0.4505500793457031,-0.646153106689453,-0.3015396118164062,6.6482044982910145,1.5114898681640625,-0.1323253173828125,-0.08759524536132812,0.00315312939453125,0.0022076824951172136,-0.0198562569580078,-0.019806157165527347,0.009237584472656251,0.012671626464843752,
161,331422.765008724,0.003141,0.367958,0.389284,0.057426,0.004226,-0.044214,-0.13365,0.09485000000000188,0.09730000000000016,0.1369499999999999,-0.10704999999999998,-0.13954999999999973,0.00591278076171875,0.3717479705810547,0.3709850311279297,0.039483070373535156,0.01277923583984375,-0.032616615295410156,-0.11868095397949219,0.1802196502685547,0.2593402862548828,0.5384597778320312,-0.25274658203125,-0.3846168518066406,-0.01435920715332031,-1.1056402587890624,6.791796569824218,1.4667606048583983,-0.13605268859863281,-0.07268576049804687,0.00277178076171875,0.00378997058105468,-0.01829896887207033,-0.01794292962646484,0.00855323583984375,0.011597384704589847,
162,331422.775007251,0.001994,0.368767,0.390117,0.058595,0.003308,-0.045408,-0.09799999999999999,0.06940000000000002,0.07129999999999914,0.10024999999999999,-0.07849999999999999,-0.10224999999999991,0.00514984130859375,0.3725109100341797,0.3728923797607422,0.041771888732910156,0.01163482666015625,-0.034142494201660156,-0.08351707458496094,0.08351707458496094,0.21538543701171875,0.3626365661621094,-0.20878982543945312,-0.2967033386230469,-0.1579475402832031,-0.1579475402832031,6.303591003417968,1.4704879760742187,-0.10623291015625,-0.0801405029296875,0.00315584130859375,0.003743910034179676,-0.017224620239257804,-0.016823111267089845,0.00832682666015625,0.01126550579833984,
163,331422.78501049,0.001181,0.369346,0.39071,0.059431,0.002656,-0.046259,-0.067,0.048899999999998944,0.04935000000000078,0.07064999999999988,-0.05370000000000001,-0.07109999999999998,0.00438690185546875,0.3732738494873047,0.3751811981201172,0.044823646545410156,0.01049041748046875,-0.035286903381347656,-0.03076934814453125,0.013187408447265625,0.16263771057128906,0.4505500793457031,-0.14285659790039062,-0.1868133544921875,-0.3876911163330078,-0.01435920715332031,6.533330841064452,1.4593058624267579,-0.10623291015625,-0.09505079650878906,0.0032059018554687502,0.00392784948730468,-0.015528801879882814,-0.014607353454589841,0.00783441748046875,0.010972096618652345,
164,331422.795007822,0.000654,0.369745,0.391104,0.060008,0.002234,-0.04683,-0.0407,0.03334999999999866,0.03150000000000097,0.048150000000000276,-0.0325,-0.04609999999999996,0.00438690185546875,0.3732738494873047,0.3763256072998047,0.047875404357910156,0.01010894775390625,-0.036812782287597656,-0.013187408447265625,-0.013187408447265625,0.10988998413085938,0.4285697937011719,-0.09889984130859375,-0.23077011108398438,-0.5600016021728514,-0.1292291259765625,6.447183074951171,1.3735738983154298,-0.1285979461669922,-0.10250553894042969,0.00373290185546875,0.003528849487304697,-0.01477839270019532,-0.012132595642089843,0.00787494775390625,0.01001721771240234,
165,331422.805053876,0.000367,0.370013,0.39134,0.060394,0.002006,-0.047181,-0.019549999999999998,0.022050000000001235,0.01764999999999961,0.03180000000000023,-0.01544999999999999,-0.027000000000000288,0.00438690185546875,0.3732738494873047,0.3778514862060547,0.050164222717285156,0.00934600830078125,-0.038338661193847656,0.013187408447265625,0.0043964385986328125,0.10988998413085938,0.3186798095703125,-0.120880126953125,-0.23077011108398438,-0.732308349609375,-0.1292291259765625,6.447183074951171,1.358663604736328,-0.13978005981445313,-0.08759524536132812,0.00401990185546875,0.0032608494873047067,-0.013488513793945334,-0.010229777282714847,0.00734000830078125,0.008842338806152344,
166,331422.815053324,0.000263,0.370186,0.391457,0.060644,0.001925,-0.04737,-0.006199999999999999,0.012000000000000899,0.007699999999999374,0.017350000000000004,-0.004799999999999997,-0.012649999999999814,0.00438690185546875,0.3732738494873047,0.3786144256591797,0.051690101623535156,0.00782012939453125,-0.039101600646972656,0.013187408447265625,-0.0043964385986328125,0.0659332275390625,0.16483688354492188,-0.23077011108398438,-0.14285659790039062,-0.5600016021728514,-0.043077621459960934,6.504612426757811,1.358663604736328,-0.09877816772460937,-0.08386787414550781,0.00412390185546875,0.0030878494873046725,-0.012842574340820312,-0.008953898376464847,0.00589512939453125,0.008268399353027346,
167,331422.825014419,0.000243,0.370253,0.391494,0.060741,0.00191,-0.047434,-0.0034,0.00024999999999886224,0.0015999999999988246,0.00039999999999970615,-0.002800000000000003,-0.0018499999999997685,0.00438690185546875,0.3728923797607422,0.3797588348388672,0.052834510803222656,0.00629425048828125,-0.039483070373535156,0.0043964385986328125,-0.03956031799316406,0.08351707458496094,0.1868133544921875,-0.20878982543945312,-0.03296661376953125,-0.3876911163330078,-0.10051445007324217,6.246154174804686,1.3735738983154298,-0.054048095703125,-0.09877816772460937,0.00414390185546875,0.0026393797607421887,-0.011735165161132821,-0.007906489196777347,0.00438425048828125,0.00795092962646484,
168,331422.835007636,0.000195,0.370191,0.391489,0.060652,0.001869,-0.047407,-0.011649999999999999,-0.013750000000001261,-0.0007499999999993623,-0.019800000000000026,-0.009850000000000006,0.0056499999999997524,0.00438690185546875,0.3725109100341797,0.3805217742919922,0.053597450256347656,0.00591278076171875,-0.039483070373535156,-0.0043964385986328125,-0.09230804443359375,0.021978378295898438,0.07692337036132812,-0.09889984130859375,-0.03296661376953125,-0.732308349609375,0.1292291259765625,6.361027832031249,1.347481491088867,-0.05032072448730469,-0.11741502380371094,0.00419190185546875,0.002319910034179695,-0.010967225708007788,-0.007054549743652341,0.00404378076171875,0.007923929626464842,
169,331422.845009534,1e-05,0.369978,0.391479,0.060345,0.001713,-0.047321,-0.030899999999999997,-0.03005000000000091,0.0006500000000020378,-0.043349999999999986,-0.025850000000000005,0.00989999999999984,0.00438690185546875,0.3713665008544922,0.3812847137451172,0.053978919982910156,0.00476837158203125,-0.039483070373535156,0.021978378295898438,-0.14505577087402344,0.05714225769042969,0.0549468994140625,-0.120880126953125,-0.03296661376953125,-0.6748715209960936,0.3589727020263671,6.303591003417968,1.347481491088867,-0.05777546691894531,-0.11741502380371094,0.00437690185546875,0.001388500854492214,-0.010194286254882834,-0.0063660800170898466,0.00305537158203125,0.007837929626464846,
170,331422.855025028,-0.000423,0.36959,0.391502,0.059785,0.001352,-0.047209,-0.0604,-0.048749999999997407,0.005499999999999949,-0.07025000000000017,-0.05034999999999999,0.011250000000000149,0.00438690185546875,0.3702220916748047,0.3812847137451172,0.054360389709472656,0.00400543212890625,-0.039483070373535156,-0.021978378295898438,-0.11868095397949219,0.03076934814453125,0.010990142822265625,-0.20878982543945312,-0.010990142822265625,-0.8471782684326171,0.4738463592529296,6.504612426757811,1.336298568725586,-0.046593353271484374,-0.11368765258789063,0.00480990185546875,0.0006320916748047134,-0.01021728625488283,-0.005424610290527342,0.00265343212890625,0.007725929626464845,
171,331422.865010628,-0.001198,0.369003,0.391589,0.05894,0.000706,-0.047096,-0.09620000000000001,-0.06979999999999764,0.012049999999999561,-0.1004999999999999,-0.08014999999999999,0.011450000000000002,0.00438690185546875,0.3690776824951172,0.3820476531982422,0.054360389709472656,0.00171661376953125,-0.039483070373535156,-0.021978378295898438,-0.10109901428222656,0.03956031799316406,-0.03296661376953125,-0.27472686767578125,-0.010990142822265625,-0.9046150970458983,0.41640953063964836,6.447183074951171,1.3213890838623046,-0.020500946044921874,-0.11368765258789063,0.00558490185546875,7.468249511716207e-05,-0.009541346801757833,-0.004579610290527343,0.00101061376953125,0.007612929626464843,
172,331422.875007401,-0.002347,0.368194,0.391743,0.057775,-0.000251,-0.04698,-0.13454999999999998,-0.09325000000000028,0.018649999999997835,-0.13430000000000003,-0.11195000000000001,0.012500000000000011,0.00400543212890625,0.3683147430419922,0.3824291229248047,0.053978919982910156,0.00057220458984375,-0.039864540100097656,-0.05714225769042969,-0.10988998413085938,0.03956031799316406,-0.07692337036132812,-0.27472686767578125,-0.03296661376953125,-0.9907703399658202,0.33025802612304683,6.188717346191405,1.3139343414306641,-0.009318832397460937,-0.10996028137207031,0.00635243212890625,0.00012074304199216623,-0.00931387707519532,-0.0037960800170898437,0.0008232045898437499,0.007115459899902345,
173,331422.885007421,-0.003889,0.367138,0.391962,0.056254,-0.001533,-0.046846,-0.17455,-0.1191500000000012,0.025000000000000022,-0.1716499999999999,-0.14525,0.01475000000000018,0.00324249267578125,0.3675518035888672,0.3831920623779297,0.053215980529785156,-0.00057220458984375,-0.039864540100097656,-0.10988998413085938,-0.0659332275390625,0.05714225769042969,-0.07692337036132812,-0.16483688354492188,-0.010990142822265625,-1.3353838348388671,0.07179603576660155,6.705641326904296,1.2915693054199218,-0.009318832397460937,-0.11368765258789063,0.00713149267578125,0.0004138035888671676,-0.00876993762207029,-0.003038019470214842,0.0009607954101562501,0.0069814598999023425,
174,331422.895007568,-0.005838,0.365811,0.392243,0.054342,-0.003156,-0.046685,-0.21625000000000003,-0.1475000000000004,0.03100000000000047,-0.21249999999999983,-0.17995,0.01815000000000011,0.00171661376953125,0.3667888641357422,0.3831920623779297,0.053215980529785156,-0.00209808349609375,-0.039864540100097656,-0.21538543701171875,-0.0659332275390625,0.0043964385986328125,-0.0549468994140625,-0.23077011108398438,-0.010990142822265625,-0.01435920715332031,0.07179603576660155,6.475894012451171,1.2319297485351561,-0.035411239624023434,-0.10996028137207031,0.00755461376953125,0.0009778641357421902,-0.00905093762207032,-0.0011260194702148452,0.00105791650390625,0.006820459899902341,
175,331422.905007785,-0.008214,0.364188,0.392582,0.052004,-0.005132,-0.046483,-0.2592,-0.17784999999999884,0.03670000000000062,-0.25620000000000015,-0.21565,0.022599999999999704,-0.00057220458984375,0.3660259246826172,0.3835735321044922,0.052071571350097656,-0.00438690185546875,-0.039864540100097656,-0.1802196502685547,-0.07472610473632812,0.021978378295898438,-0.1868133544921875,-0.3846168518066406,0.010990142822265625,-1.134358673095703,-0.1292291259765625,6.361027832031249,1.2058373413085937,-0.0279556884765625,-0.10996028137207031,0.007641795410156251,0.0018379246826171758,-0.009008467895507799,6.757135009765464e-05,0.0007450981445312503,0.00661845989990234,
176,331422.915013697,-0.011022,0.362254,0.392977,0.049218,-0.007469,-0.046233,-0.3006,-0.20759999999999945,0.04205000000000181,-0.29910000000000003,-0.2501999999999999,0.027299999999999894,-0.00247955322265625,0.3648815155029297,0.3835735321044922,0.050164222717285156,-0.00743865966796875,-0.039864540100097656,-0.2417583465576172,-0.1362628936767578,0.021978378295898438,-0.3186798095703125,-0.3626365661621094,-0.03296661376953125,-1.2779470062255858,0.043077621459960934,6.389746246337889,1.2132920837402343,0.005591461181640625,-0.10250553894042969,0.00854244677734375,0.002627515502929667,-0.009403467895507833,0.0009462227172851584,3.0340332031249945e-05,0.006368459899902347,
177,331422.925006595,-0.014226,0.360036,0.393423,0.046022,-0.010136,-0.045937,-0.3379999999999999,-0.23434999999999984,0.04689999999999972,-0.33764999999999973,-0.28130000000000005,0.03150000000000028,-0.00476837158203125,0.3637371063232422,0.3839550018310547,0.047875404357910156,-0.00934600830078125,-0.039864540100097656,-0.4351654052734375,-0.16263771057128906,0.03076934814453125,-0.40659332275390625,-0.3626365661621094,-0.010990142822265625,-1.134358673095703,0.41640953063964836,6.418464660644531,1.2393844909667968,0.009318832397460937,-0.09877816772460937,0.00945762841796875,0.003701106323242165,-0.009467998168945335,0.0018534043579101558,0.0007899916992187492,0.006072459899902342,
178,331422.935006547,-0.017782,0.357567,0.393915,0.042465,-0.013095,-0.045603,-0.37089999999999995,-0.25770000000000237,0.05119999999999847,-0.3712,-0.3086500000000001,0.03494999999999991,-0.00858306884765625,0.3622112274169922,0.3843364715576172,0.044060707092285156,-0.01049041748046875,-0.039864540100097656,-0.34725189208984375,-0.1890106201171875,0.03956031799316406,-0.5384597778320312,-0.23077011108398438,-0.03296661376953125,-1.134358673095703,-0.33025802612304683,6.590767669677734,1.3027514190673828,-0.0279556884765625,-0.09505079650878906,0.00919893115234375,0.004644227416992164,-0.009578528442382828,0.0015957070922851535,0.0026045825195312507,0.0057384598999023415,
179,331422.945008117,-0.021644,0.354882,0.394447,0.038598,-0.016309,-0.045238,-0.39920000000000005,-0.2774500000000013,0.055049999999998156,-0.39965,-0.33225,0.037699999999999886,-0.01277923583984375,0.3599224090576172,0.3843364715576172,0.040627479553222656,-0.01316070556640625,-0.039864540100097656,-0.40879058837890625,-0.22417640686035156,-0.013187408447265625,-0.5824165344238281,-0.4285697937011719,0.010990142822265625,-0.9620519256591795,-0.1579475402832031,6.7343597412109375,1.3064787902832031,-0.035411239624023434,-0.09877816772460937,0.00886476416015625,0.005040409057617212,-0.010110528442382805,0.002029479553222656,0.0031482944335937506,0.005373459899902344,
180,331422.955009734,-0.025766,0.352018,0.395016,0.034472,-0.01974,-0.044849,-0.42275,-0.2935999999999994,0.058450000000001556,-0.42299999999999993,-0.3518499999999999,0.039799999999999905,-0.01659393310546875,0.3572521209716797,0.3843364715576172,0.036431312561035156,-0.01544952392578125,-0.039864540100097656,-0.373626708984375,-0.28571510314941406,-0.0043964385986328125,-0.5824165344238281,-0.34066009521484375,-0.03296661376953125,-1.3066654205322263,-0.5025647735595702,6.7343597412109375,1.347481491088867,-0.0801405029296875,-0.0801405029296875,0.00917206689453125,0.00523412097167969,-0.01067952844238279,0.0019593125610351536,0.004290476074218751,0.004984459899902344,
181,331422.965007485,-0.030099,0.34901,0.395616,0.030138,-0.023346,-0.044442,-0.4411,-0.3060499999999994,0.06105000000000138,-0.4409000000000001,-0.36709999999999987,0.04124999999999997,-0.02155303955078125,0.3553447723388672,0.3843364715576172,0.031472206115722656,-0.01888275146484375,-0.039483070373535156,-0.5142860412597656,-0.22417640686035156,-0.013187408447265625,-0.7362632751464844,-0.4505500793457031,0.03296661376953125,-0.8471782684326171,-0.41640953063964836,6.6769229125976555,1.347481491088867,-0.08386787414550781,-0.0801405029296875,0.00854596044921875,0.006334772338867201,-0.011279528442382836,0.0013342061157226547,0.004463248535156249,0.004958929626464846,
182,331422.975006573,-0.034588,0.345897,0.396237,0.025654,-0.027082,-0.044024,-0.45359999999999984,-0.3144999999999981,0.06284999999999763,-0.4530500000000001,-0.3775500000000001,0.04225000000000027,-0.02651214599609375,0.3526744842529297,0.3843364715576172,0.02651214599609375,-0.02231597900390625,-0.039483070373535156,-0.3824176788330078,-0.2945060729980469,0.013187408447265625,-0.7142868041992188,-0.5164833068847656,-0.03296661376953125,-0.9046150970458983,-0.3015396118164062,6.6482044982910145,1.4071210479736327,-0.06150364685058594,-0.07641313171386718,0.00807585400390625,0.0067774842529296775,-0.011900528442382818,0.0008581459960937503,0.0047660209960937484,0.004540929626464844,
183,331422.985007179,-0.039171,0.34272,0.396873,0.021077,-0.030897,-0.043597,-0.46010000000000006,-0.31889999999999974,0.06390000000000007,-0.4593999999999999,-0.3829500000000001,0.04280000000000013,-0.031853675842285156,0.3500041961669922,0.3843364715576172,0.02117156982421875,-0.02536773681640625,-0.039483070373535156,-0.5230770111083984,-0.2945060729980469,-0.05714225769042969,-0.8021965026855469,-0.4285697937011719,-0.03296661376953125,-0.33025802612304683,0.01435920715332031,6.820514984130859,1.4518503112792969,-0.06150364685058594,-0.06895838928222656,0.007317324157714841,0.007284196166992163,-0.012536528442382788,9.456982421875149e-05,0.005529263183593751,0.004113929626464841,
184,331422.995009107,-0.04379,0.339519,0.397515,0.016466,-0.034741,-0.043168,-0.4607,-0.3192500000000015,0.0639500000000015,-0.45989999999999986,-0.3834000000000001,0.04274999999999973,-0.036812782287597656,0.3465709686279297,0.3843364715576172,0.01621246337890625,-0.02841949462890625,-0.039483070373535156,-0.6637363433837891,-0.3296699523925781,-0.0043964385986328125,-0.7582435607910156,-0.4505500793457031,0.010990142822265625,-1.2779470062255858,-0.4738463592529296,6.763078155517578,1.463033233642578,-0.09505079650878906,-0.06523101806640624,0.006977217712402346,0.007051968627929672,-0.01317852844238282,-0.00025353662109375147,0.006321505371093751,0.003684929626464842,
185,331423.005008715,-0.048385,0.336335,0.398152,0.011879,-0.038565,-0.042742,-0.45509999999999995,-0.3154000000000018,0.0631500000000007,-0.45435000000000003,-0.37869999999999987,0.042249999999999927,-0.040627479553222656,0.3439006805419922,0.3843364715576172,0.01239776611328125,-0.03070831298828125,-0.039101600646972656,-0.4263744354248047,-0.3208789825439453,0.0043964385986328125,-0.7142868041992188,-0.47252655029296875,0.0549468994140625,-0.732308349609375,-0.01435920715332031,6.791796569824218,1.4667606048583983,-0.09877816772460937,-0.06523101806640624,0.007757520446777341,0.007565680541992192,-0.013815528442382818,0.0005187661132812493,0.007856687011718752,0.003640399353027346,
186,331423.015007589,-0.052892,0.333211,0.398778,0.007379,-0.042315,-0.042323,-0.44225000000000025,-0.30659999999999854,0.061349999999998905,-0.44165000000000004,-0.36805,0.041150000000000214,-0.045586585998535156,0.3408479690551758,0.3843364715576172,0.00743865966796875,-0.034142494201660156,-0.039101600646972656,-0.47912025451660156,-0.2593402862548828,-0.013187408447265625,-0.7802200317382812,-0.47252655029296875,-0.010990142822265625,-0.646153106689453,0.01435920715332031,7.021536407470702,1.463033233642578,-0.10623291015625,-0.06150364685058594,0.007305414001464845,0.007636969055175802,-0.014441528442382834,5.965966796874986e-05,0.008172505798339842,0.0032213993530273433,
187,331423.025007741,-0.05723,0.330203,0.399379,0.003046,-0.045926,-0.041919,-0.42114999999999997,-0.29204999999999925,0.05840000000000012,-0.42069999999999996,-0.35055000000000014,0.03925000000000005,-0.050545692443847656,0.3381776809692383,0.3843364715576172,0.00362396240234375,-0.037194252014160156,-0.039101600646972656,-0.39999961853027344,-0.25054931640625,-0.013187408447265625,-0.6043968200683594,-0.4505500793457031,0.010990142822265625,-0.3589727020263671,-0.1292291259765625,7.107691650390623,1.4518503112792969,-0.10250553894042969,-0.05032072448730469,0.006684307556152347,0.007974680969238257,-0.015042528442382797,0.0005779624023437499,0.008731747985839845,0.0028173993530273417,
188,331423.035011279,-0.061315,0.32737,0.399946,-0.001035,-0.049326,-0.041538,-0.39159999999999956,-0.2716000000000024,0.05430000000000157,-0.39120000000000005,-0.3258999999999998,0.03649999999999973,-0.054741859436035156,0.3347444534301758,0.3843364715576172,-0.00095367431640625,-0.039864540100097656,-0.039101600646972656,-0.47912025451660156,-0.27692222595214844,-0.05714225769042969,-0.6703300476074219,-0.40659332275390625,-0.010990142822265625,-0.5025647735595702,-0.1866659545898437,6.87795181274414,1.4704879760742187,-0.11741502380371094,-0.046593353271484374,0.006573140563964845,0.007374453430175787,-0.015609528442382836,8.13256835937499e-05,0.009461459899902346,0.0024363993530273423,
189,331423.045007933,-0.065062,0.324771,0.400465,-0.004778,-0.052444,-0.041189,-0.3536000000000001,-0.24520000000000097,0.048999999999999044,-0.35325,-0.29425000000000007,0.03294999999999999,-0.059319496154785156,0.3316926956176758,0.3847179412841797,-0.00438690185546875,-0.043297767639160156,-0.039101600646972656,-0.4439563751220703,-0.3296699523925781,-0.048351287841796875,-0.5384597778320312,-0.4285697937011719,-0.010990142822265625,-0.1866659545898437,0.1579475402832031,7.021536407470702,1.4443955688476562,-0.10996028137207031,-0.046593353271484374,0.005742503845214839,0.006921695617675805,-0.015747058715820328,0.00039109814453125013,0.009146232360839841,0.002087399353027347,
190,331423.055007381,-0.068387,0.322466,0.400926,-0.0081,-0.055211,-0.040879,-0.3086500000000006,-0.21399999999999753,0.042799999999998395,-0.30834999999999996,-0.2569000000000002,0.028750000000000303,-0.06313419342041016,0.3282594680786133,0.3847179412841797,-0.00782012939453125,-0.045205116271972656,-0.039101600646972656,-0.34725189208984375,-0.2681312561035156,0.0043964385986328125,-0.4285697937011719,-0.3186798095703125,-0.010990142822265625,-0.043077621459960934,-0.07179603576660155,6.849233398437499,1.4443955688476562,-0.1285979461669922,-0.04286598205566406,0.005252806579589847,0.005793468078613306,-0.016208058715820317,0.00027987060546874956,0.010005883728027347,0.0017773993530273424,
191,331423.065006707,-0.071235,0.320491,0.401321,-0.010945,-0.057582,-0.040614,-0.2645499999999995,-0.1834499999999989,0.03670000000000062,-0.26425,-0.2201999999999999,0.02465000000000002,-0.06656742095947266,0.3255891799926758,0.3847179412841797,-0.01010894775390625,-0.047112464904785156,-0.039101600646972656,-0.2945060729980469,-0.23296737670898438,0.0043964385986328125,-0.3626365661621094,-0.23077011108398438,-0.010990142822265625,-0.7610267639160155,0.3589727020263671,6.849233398437499,1.3810286407470702,-0.16587246704101563,-0.03913861083984375,0.00466757904052735,0.005098179992675755,-0.016603058715820296,0.0008360522460937499,0.010469535095214845,0.001512399353027341,
192,331423.075008719,-0.073678,0.318797,0.40166,-0.013385,-0.059615,-0.040386,-0.22899999999999934,-0.1588000000000006,0.031749999999999834,-0.22875000000000004,-0.1905999999999998,0.02134999999999984,-0.06923770904541016,0.3233003616333008,0.3850994110107422,-0.01201629638671875,-0.049782752990722656,-0.038720130920410156,-0.22417640686035156,-0.25054931640625,0.0043964385986328125,-0.40659332275390625,-0.47252655029296875,0.010990142822265625,-0.3015396118164062,0.5887162780761718,7.050254821777343,1.3735738983154298,-0.1323253173828125,-0.03913861083984375,0.004440290954589837,0.004503361633300784,-0.01656058898925783,0.0013687036132812493,0.009832247009277345,0.001665869079589842,
193,331423.085006918,-0.075815,0.317315,0.401956,-0.01552,-0.061394,-0.040187,-0.2036000000000003,-0.14119999999999966,0.028200000000000447,-0.20334999999999998,-0.16945000000000016,0.01894999999999987,-0.07190799713134766,0.3206300735473633,0.3850994110107422,-0.01392364501953125,-0.051690101623535156,-0.038720130920410156,-0.22417640686035156,-0.3032970428466797,0.03076934814453125,-0.27472686767578125,-0.25274658203125,-0.03296661376953125,-0.3015396118164062,0.1292291259765625,7.050254821777343,1.343754119873047,-0.10996028137207031,-0.03913861083984375,0.003907002868652337,0.0033150735473632675,-0.016856588989257792,0.0015963549804687508,0.009703898376464841,0.0014668690795898442,
194,331423.095014186,-0.07775,0.315973,0.402224,-0.017452,-0.063004,-0.040007,-0.18845000000000042,-0.1306500000000016,0.026149999999999785,-0.18815000000000004,-0.15680000000000033,0.017549999999999857,-0.07457828521728516,0.3183412551879883,0.3850994110107422,-0.01506805419921875,-0.053597450256347656,-0.038720130920410156,-0.2417583465576172,-0.21538543701171875,-0.0043964385986328125,-0.16483688354492188,-0.3846168518066406,0.010990142822265625,0.043077621459960934,0.7897451782226562,6.964099578857421,1.3064787902832031,-0.14723480224609375,-0.03168386840820312,0.0031717147827148434,0.0023682551879882774,-0.01712458898925784,0.0023839458007812488,0.009406549743652348,0.0012868690795898446,
195,331423.105008038,-0.079584,0.314702,0.402479,-0.019283,-0.06453,-0.039836,-0.18340000000000023,-0.1271000000000022,0.02549999999999497,-0.18310000000000026,-0.15259999999999996,0.017099999999999754,-0.07610416412353516,0.3164339065551758,0.3850994110107422,-0.01621246337890625,-0.055123329162597656,-0.038720130920410156,-0.16263771057128906,-0.15384674072265625,0.021978378295898438,-0.16483688354492188,-0.20878982543945312,0.010990142822265625,-0.5887162780761718,0.7610267639160155,6.935381164550781,1.272931640625,-0.1285979461669922,-0.035411239624023434,0.0034798358764648457,0.0017319065551757995,-0.017379588989257788,0.0030705366210937515,0.009406670837402348,0.001115869079589847,
